Date,3M
2008-01-02,2413.0
2008-01-03,2470.5
2008-01-04,2498.0
2008-01-07,2459.0
2008-01-08,2491.5
2008-01-09,2502.0
2008-01-10,2467.0
2008-01-11,2475.0
2008-01-14,2525.0
2008-01-15,2507.0
2008-01-16,2472.0
2008-01-17,2460.0
2008-01-18,2440.0
2008-01-21,2419.0
2008-01-22,2401.0
2008-01-23,2413.0
2008-01-24,2455.0
2008-01-25,2518.0
2008-01-28,2493.0
2008-01-29,2592.0
2008-01-30,2339.0
2008-01-31,2685.0
2008-02-01,2720.5
2008-02-04,2673.0
2008-02-05,2638.5
2008-02-06,2632.0
2008-02-07,2643.0
2008-02-08,2709.0
2008-02-11,2708.0
2008-02-12,2680.5
2008-02-13,2650.0
2008-02-14,2785.0
2008-02-15,2853.0
2008-02-18,2838.0
2008-02-19,2846.5
2008-02-20,
2008-02-21,
2008-02-22,
2008-02-25,
2008-02-26,
2008-02-27,
2008-02-28,
2008-02-29,
2008-03-03,
2008-03-04,
2008-03-05,
2008-03-06,
2008-03-07,
2008-03-10,
2008-03-11,
2008-03-12,
2008-03-13,
2008-03-14,
2008-03-17,
2008-03-18,
2008-03-19,
2008-03-20,
2008-03-25,
2008-03-26,
2008-03-27,
2008-03-28,
2008-03-31,
2008-04-01,
2008-04-02,
2008-04-03,
2008-04-04,
2008-04-07,
2008-04-08,
2008-04-09,
2008-04-10,
2008-04-11,
2008-04-14,
2008-04-15,
2008-04-16,
2008-04-17,
2008-04-18,
2008-04-21,
2008-04-22,
2008-04-23,
2008-04-24,
2008-04-25,
2008-04-28,
2008-04-29,
2008-04-30,
2008-05-01,
2008-05-02,
2008-05-06,
2008-05-07,
2008-05-08,
2008-05-09,
2008-05-12,
2008-05-13,
2008-05-14,
2008-05-15,
2008-05-16,
2008-05-19,
2008-05-20,
2008-05-21,
2008-05-22,
2008-05-23,
2008-05-27,
2008-05-28,
2008-05-29,
2008-05-30,
2008-06-02,
2008-06-03,
2008-06-04,
2008-06-05,
2008-06-06,
2008-06-09,
2008-06-10,
2008-06-11,
2008-06-12,
2008-06-13,
2008-06-16,
2008-06-17,2982.0
2008-06-18,3074.0
2008-06-19,3085.0
2008-06-20,3137.0
2008-06-23,3129.0
2008-06-24,3113.0
2008-06-25,3088.0
2008-06-26,3075.5
2008-06-27,3102.5
2008-06-30,3122.0
2008-07-01,3135.5
2008-07-02,3134.0
2008-07-03,3208.0
2008-07-04,3155.0
2008-07-07,3233.0
2008-07-08,3271.0
2008-07-09,3127.0
2008-07-10,3322.5
2008-07-11,3341.0
2008-07-14,3280.0
2008-07-15,3270.0
2008-07-16,3178.0
2008-07-17,3106.0
2008-07-18,3078.0
2008-07-21,3040.0
2008-07-22,3070.5
2008-07-23,3017.0
2008-07-24,2988.0
2008-07-25,2957.0
2008-07-28,2973.5
2008-07-29,2987.0
2008-07-30,2960.0
2008-07-31,2982.0
2008-08-01,2921.0
2008-08-04,2895.0
2008-08-05,2880.5
2008-08-06,2914.0
2008-08-07,2923.0
2008-08-08,2868.0
2008-08-11,2856.0
2008-08-12,2811.5
2008-08-13,2777.0
2008-08-14,2812.0
2008-08-15,2766.0
2008-08-18,2777.0
2008-08-19,2755.0
2008-08-20,2775.0
2008-08-21,2793.0
2008-08-22,2807.0
2008-08-26,2750.0
2008-08-27,2779.0
2008-08-28,2753.0
2008-08-29,2734.0
2008-09-01,2697.0
2008-09-02,2681.5
2008-09-03,2685.0
2008-09-04,2687.0
2008-09-05,2646.0
2008-09-08,2651.0
2008-09-09,2624.0
2008-09-10,2600.5
2008-09-11,2605.5
2008-09-12,2632.0
2008-09-15,2571.0
2008-09-16,2540.0
2008-09-17,2532.5
2008-09-18,2528.0
2008-09-19,2515.0
2008-09-22,2554.0
2008-09-23,2524.0
2008-09-24,2513.0
2008-09-25,2485.5
2008-09-26,2515.0
2008-09-29,2460.5
2008-09-30,2446.0
2008-10-01,2426.5
2008-10-02,2396.5
2008-10-03,2301.0
2008-10-06,2255.0
2008-10-07,2275.0
2008-10-08,2320.5
2008-10-09,2298.5
2008-10-10,2215.0
2008-10-13,2255.0
2008-10-14,2307.0
2008-10-15,2213.0
2008-10-16,2178.0
2008-10-17,2175.0
2008-10-20,2165.0
2008-10-21,2104.0
2008-10-22,2039.0
2008-10-23,1963.0
2008-10-24,1930.0
2008-10-27,1950.5
2008-10-28,2071.5
2008-10-29,2161.0
2008-10-30,2094.0
2008-10-31,2010.0
2008-11-03,2026.0
2008-11-04,2032.0
2008-11-05,2075.0
2008-11-06,2032.5
2008-11-07,2019.0
2008-11-08,2019.0
2008-11-10,2025.0
2008-11-11,1961.0
2008-11-12,1915.0
2008-11-13,1916.0
2008-11-14,1941.0
2008-11-17,1874.0
2008-11-18,1885.5
2008-11-19,1880.0
2008-11-20,1807.0
2008-11-21,1800.0
2008-11-24,1810.0
2008-11-25,1800.0
2008-11-26,1785.5
2008-11-27,1770.0
2008-11-28,1756.0
2008-12-01,1725.5
2008-12-02,1703.0
2008-12-03,1648.0
2008-12-04,1589.5
2008-12-05,1492.0
2008-12-08,1520.0
2008-12-09,1520.0
2008-12-10,1512.5
2008-12-11,1556.0
2008-12-12,1514.0
2008-12-15,1489.0
2008-12-16,1464.0
2008-12-17,1470.0
2008-12-18,1478.0
2008-12-19,1480.0
2008-12-22,1518.0
2008-12-23,1550.5
2008-12-24,1540.0
2008-12-29,1505.5
2008-12-30,1485.0
2008-12-31,1497.0
2009-01-02,1535.5
2009-01-05,1545.5
2009-01-06,1598.5
2009-01-07,1615.0
2009-01-08,1552.0
2009-01-09,1556.0
2009-01-12,1513.0
2009-01-13,1485.0
2009-01-14,1488.0
2009-01-15,1466.5
2009-01-16,1482.0
2009-01-19,1426.0
2009-01-20,1385.5
2009-01-21,1363.0
2009-01-22,1348.0
2009-01-23,1327.0
2009-01-26,1340.5
2009-01-27,1340.5
2009-01-28,1368.0
2009-01-29,1341.5
2009-01-30,1346.5
2009-02-02,1355.5
2009-02-03,1373.5
2009-02-04,1418.0
2009-02-05,1447.0
2009-02-06,1452.0
2009-02-09,1456.0
2009-02-10,1426.5
2009-02-11,1401.0
2009-02-12,1382.0
2009-02-13,1379.0
2009-02-16,1350.0
2009-02-17,1348.0
2009-02-18,1315.0
2009-02-19,1351.0
2009-02-20,1302.0
2009-02-23,1302.0
2009-02-24,1288.5
2009-02-25,1330.5
2009-02-26,1355.0
2009-02-27,1326.0
2009-03-02,1310.5
2009-03-03,1321.0
2009-03-04,1332.5
2009-03-05,1341.0
2009-03-06,1329.0
2009-03-09,1302.0
2009-03-10,1315.0
2009-03-11,1337.5
2009-03-12,1337.0
2009-03-13,1366.0
2009-03-16,1345.5
2009-03-17,1370.0
2009-03-18,1376.0
2009-03-19,1436.0
2009-03-20,1470.0
2009-03-23,1440.0
2009-03-24,1408.0
2009-03-25,1401.0
2009-03-26,1452.0
2009-03-27,1420.5
2009-03-30,1391.0
2009-03-31,1405.0
2009-04-01,1378.0
2009-04-02,1415.5
2009-04-03,1451.5
2009-04-06,1490.5
2009-04-07,1460.0
2009-04-08,1457.0
2009-04-09,1489.0
2009-04-14,1505.0
2009-04-15,1506.0
2009-04-16,1493.5
2009-04-17,1482.0
2009-04-20,1456.0
2009-04-21,1433.5
2009-04-22,1445.5
2009-04-23,1468.0
2009-04-24,1455.5
2009-04-27,1435.0
2009-04-28,1428.5
2009-04-29,1456.0
2009-04-30,1467.0
2009-05-01,1518.5
2009-05-05,1516.0
2009-05-06,1533.0
2009-05-07,1587.0
2009-05-08,1557.0
2009-05-11,1522.0
2009-05-12,1553.0
2009-05-13,1521.5
2009-05-14,1508.0
2009-05-15,1515.0
2009-05-18,1510.0
2009-05-19,1526.5
2009-05-20,1487.0
2009-05-21,1466.0
2009-05-22,1442.0
2009-05-26,1441.0
2009-05-27,1430.5
2009-05-28,1400.0
2009-05-29,1416.5
2009-06-01,1460.0
2009-06-02,1475.0
2009-06-03,1473.5
2009-06-04,1472.0
2009-06-05,1587.0
2009-06-08,1602.0
2009-06-09,1630.0
2009-06-10,1673.5
2009-06-11,1674.0
2009-06-12,1671.0
2009-06-15,1622.5
2009-06-16,1628.0
2009-06-17,1590.5
2009-06-18,1622.0
2009-06-19,1668.0
2009-06-22,1619.0
2009-06-23,1591.0
2009-06-24,1627.0
2009-06-25,1655.5
2009-06-26,1675.5
2009-06-29,1647.0
2009-06-30,1651.0
2009-07-01,1645.0
2009-07-02,1643.5
2009-07-03,1622.5
2009-07-06,1585.0
2009-07-07,1640.0
2009-07-08,1592.0
2009-07-09,1571.0
2009-07-10,1565.5
2009-07-13,1565.5
2009-07-14,1594.0
2009-07-15,1649.0
2009-07-16,1658.0
2009-07-17,1700.0
2009-07-20,1739.0
2009-07-21,1720.5
2009-07-22,1734.0
2009-07-23,1731.0
2009-07-24,1811.5
2009-07-27,1846.5
2009-07-28,1837.0
2009-07-29,1803.5
2009-07-30,1845.0
2009-07-31,1887.5
2009-08-03,1949.5
2009-08-04,1927.5
2009-08-05,2043.0
2009-08-06,2026.0
2009-08-07,2005.0
2009-08-10,2033.0
2009-08-11,1986.0
2009-08-12,1925.0
2009-08-13,2065.5
2009-08-14,2050.0
2009-08-17,1947.0
2009-08-18,2026.0
2009-08-19,1940.5
2009-08-20,1938.0
2009-08-21,1939.0
2009-08-24,1916.5
2009-08-25,1925.0
2009-08-26,1890.0
2009-08-27,1864.0
2009-08-28,1913.0
2009-09-01,1867.0
2009-09-02,1822.0
2009-09-03,1866.0
2009-09-04,1843.0
2009-09-07,1858.0
2009-09-08,1918.5
2009-09-09,1899.0
2009-09-10,1856.5
2009-09-11,1856.0
2009-09-14,1831.0
2009-09-15,1842.0
2009-09-16,1888.0
2009-09-17,1946.5
2009-09-18,1955.5
2009-09-21,1871.5
2009-09-22,1893.5
2009-09-23,1881.0
2009-09-24,1864.0
2009-09-25,1827.0
2009-09-28,1792.0
2009-09-29,1816.5
2009-09-30,1887.0
2009-10-01,1894.0
2009-10-02,1823.0
2009-10-05,1794.0
2009-10-06,1830.5
2009-10-07,1828.0
2009-10-08,1898.0
2009-10-09,1901.5
2009-10-12,1949.0
2009-10-13,1944.0
2009-10-14,1896.5
2009-10-15,1873.5
2009-10-16,1901.0
2009-10-19,1905.0
2009-10-20,1955.5
2009-10-21,1903.0
2009-10-22,1983.5
2009-10-23,1984.0
2009-10-26,2010.5
2009-10-27,2017.5
2009-10-28,1962.0
2009-10-29,1937.0
2009-10-30,1934.5
2009-11-02,1910.0
2009-11-03,1898.0
2009-11-04,1927.5
2009-11-05,1919.5
2009-11-06,1917.5
2009-11-09,1927.5
2009-11-10,1947.0
2009-11-11,1971.0
2009-11-12,1951.0
2009-11-13,1936.5
2009-11-16,1971.0
2009-11-17,2037.5
2009-11-18,2070.0
2009-11-19,2037.5
2009-11-20,2016.0
2009-11-23,2057.5
2009-11-24,2028.5
2009-11-25,2040.0
2009-11-26,2035.0
2009-11-27,1987.5
2009-11-30,2035.0
2009-12-01,2080.5
2009-12-02,2130.5
2009-12-03,2144.0
2009-12-04,2138.0
2009-12-07,2134.0
2009-12-08,2164.5
2009-12-09,2163.0
2009-12-10,2200.5
2009-12-11,2245.5
2009-12-14,2284.0
2009-12-15,2233.5
2009-12-16,2279.5
2009-12-17,2245.5
2009-12-18,2251.0
2009-12-21,2268.5
2009-12-22,2242.0
2009-12-23,2249.5
2009-12-24,2248.0
2009-12-29,2276.5
2009-12-30,2263.0
2009-12-31,2242.0
2010-01-04,2259.0
2010-01-05,2280.5
2010-01-06,2334.0
2010-01-07,2337.5
2010-01-08,2292.5
2010-01-11,2357.0
2010-01-12,2292.5
2010-01-13,2283.0
2010-01-14,2327.0
2010-01-15,2316.0
2010-01-18,2320.5
2010-01-19,2272.5
2010-01-20,2284.0
2010-01-21,2258.0
2010-01-22,2220.0
2010-01-25,2246.5
2010-01-26,2217.0
2010-01-27,2184.5
2010-01-28,2155.0
2010-01-29,2096.0
2010-02-01,2077.5
2010-02-02,2100.0
2010-02-03,2118.5
2010-02-04,2078.0
2010-02-05,1983.0
2010-02-08,2002.5
2010-02-09,2035.5
2010-02-10,2053.0
2010-02-11,2045.0
2010-02-12,2034.5
2010-02-15,2066.0
2010-02-16,2081.0
2010-02-17,2123.0
2010-02-18,2108.0
2010-02-19,2105.0
2010-02-22,2146.0
2010-02-23,2150.0
2010-02-24,2113.5
2010-02-25,2090.5
2010-02-26,2088.5
2010-03-01,2132.0
2010-03-02,2140.0
2010-03-03,2165.5
2010-03-04,2233.0
2010-03-05,2233.0
2010-03-08,2254.0
2010-03-09,2228.0
2010-03-10,2260.0
2010-03-11,2226.5
2010-03-12,2245.5
2010-03-15,2239.0
2010-03-16,2249.0
2010-03-17,2277.5
2010-03-18,2280.0
2010-03-19,2267.0
2010-03-22,2228.0
2010-03-23,2258.0
2010-03-24,2225.5
2010-03-25,2208.0
2010-03-26,2230.0
2010-03-29,2252.5
2010-03-30,2298.0
2010-03-31,2320.0
2010-04-01,2353.5
2010-04-06,2356.5
2010-04-07,2352.5
2010-04-08,2325.5
2010-04-09,2388.0
2010-04-12,2415.0
2010-04-13,2401.0
2010-04-14,2455.0
2010-04-15,2452.0
2010-04-16,2482.0
2010-04-19,2368.0
2010-04-20,2413.0
2010-04-21,2355.5
2010-04-22,2320.5
2010-04-23,2297.0
2010-04-26,2323.0
2010-04-27,2290.0
2010-04-28,2143.0
2010-04-29,2224.0
2010-04-30,2210.0
2010-05-04,2195.5
2010-05-05,2121.0
2010-05-06,2082.5
2010-05-07,2092.0
2010-05-10,2138.5
2010-05-11,2056.5
2010-05-12,2125.0
2010-05-13,2137.0
2010-05-14,2108.0
2010-05-17,2040.0
2010-05-18,2036.0
2010-05-19,1998.0
2010-05-20,1976.0
2010-05-21,2022.0
2010-05-24,2038.0
2010-05-25,2012.0
2010-05-26,2041.5
2010-05-27,2034.5
2010-05-28,2070.5
2010-06-01,1979.0
2010-06-02,1984.5
2010-06-03,1984.0
2010-06-04,1943.0
2010-06-07,1858.0
2010-06-08,1885.0
2010-06-09,1945.0
2010-06-10,1931.0
2010-06-11,1964.0
2010-06-14,1975.0
2010-06-15,1991.0
2010-06-16,2001.0
2010-06-17,1980.5
2010-06-18,1956.0
2010-06-21,1996.0
2010-06-22,1938.0
2010-06-23,1948.0
2010-06-24,1941.0
2010-06-25,1978.0
2010-06-28,2022.0
2010-06-29,1987.0
2010-06-30,1954.0
2010-07-01,1950.0
2010-07-02,1956.0
2010-07-05,1934.0
2010-07-06,1968.0
2010-07-07,1975.0
2010-07-08,1993.0
2010-07-09,1993.0
2010-07-12,1983.0
2010-07-13,1962.5
2010-07-14,2019.0
2010-07-15,2011.0
2010-07-16,2025.0
2010-07-19,1972.0
2010-07-20,1952.0
2010-07-21,1995.0
2010-07-22,2025.0
2010-07-23,2024.0
2010-07-26,2040.5
2010-07-27,2063.0
2010-07-28,2077.0
2010-07-29,2098.0
2010-07-30,2138.0
2010-08-02,2191.5
2010-08-03,2206.0
2010-08-04,2210.5
2010-08-05,2222.0
2010-08-06,2217.5
2010-08-09,2206.0
2010-08-10,2155.0
2010-08-11,2158.0
2010-08-12,2138.0
2010-08-13,2149.0
2010-08-16,2119.0
2010-08-17,2147.5
2010-08-18,2135.0
2010-08-19,2103.0
2010-08-20,2026.0
2010-08-23,2055.0
2010-08-24,2032.0
2010-08-25,2013.0
2010-08-26,2006.0
2010-08-27,2014.0
2010-08-31,2050.0
2010-09-01,2074.0
2010-09-02,2122.0
2010-09-03,2155.0
2010-09-06,2179.0
2010-09-07,2138.0
2010-09-08,2150.0
2010-09-09,2111.0
2010-09-10,2113.5
2010-09-13,2147.0
2010-09-14,2135.0
2010-09-15,2151.0
2010-09-16,2167.5
2010-09-17,2190.0
2010-09-20,2209.0
2010-09-21,2198.0
2010-09-22,2190.0
2010-09-23,2266.5
2010-09-24,2306.0
2010-09-27,2316.0
2010-09-28,2269.0
2010-09-29,2329.0
2010-09-30,2348.0
2010-10-01,2374.0
2010-10-04,2354.0
2010-10-05,2367.0
2010-10-06,2370.0
2010-10-07,2376.0
2010-10-08,2349.5
2010-10-11,2424.5
2010-10-12,2418.0
2010-10-13,2425.0
2010-10-14,2434.0
2010-10-15,2404.0
2010-10-18,2380.0
2010-10-19,2386.5
2010-10-20,2356.5
2010-10-21,2380.5
2010-10-22,2364.0
2010-10-25,2392.5
2010-10-26,2362.0
2010-10-27,2355.5
2010-10-28,2338.0
2010-10-29,2330.0
2010-11-01,2398.0
2010-11-02,2412.5
2010-11-03,2434.5
2010-11-04,2470.0
2010-11-05,2470.0
2010-11-08,2438.0
2010-11-09,2452.5
2010-11-10,2458.5
2010-11-11,2473.0
2010-11-12,2457.0
2010-11-15,2370.5
2010-11-16,2357.0
2010-11-17,2257.0
2010-11-18,2286.0
2010-11-19,2285.5
2010-11-22,2290.0
2010-11-23,2250.0
2010-11-24,2263.5
2010-11-25,2272.0
2010-11-26,2266.0
2010-11-29,2274.0
2010-11-30,2268.0
2010-12-01,2309.5
2010-12-02,2352.0
2010-12-03,2337.0
2010-12-06,2298.0
2010-12-07,2345.5
2010-12-08,2313.0
2010-12-09,2362.0
2010-12-10,2325.0
2010-12-13,2328.0
2010-12-14,2354.0
2010-12-15,2333.0
2010-12-16,2310.0
2010-12-17,2324.0
2010-12-20,2342.0
2010-12-21,2395.0
2010-12-22,2456.0
2010-12-23,2434.0
2010-12-24,2413.5
2010-12-29,2448.0
2010-12-30,2460.0
2010-12-31,2468.0
2011-01-04,2476.0
2011-01-05,2452.0
2011-01-06,2480.0
2011-01-07,2501.5
2011-01-10,2481.0
2011-01-11,2502.5
2011-01-12,2496.0
2011-01-13,2497.0
2011-01-14,2467.5
2011-01-17,2463.0
2011-01-18,2462.0
2011-01-19,2468.0
2011-01-20,2394.0
2011-01-21,2414.0
2011-01-24,2419.0
2011-01-25,2382.0
2011-01-26,2389.0
2011-01-27,2413.0
2011-01-28,2456.0
2011-01-31,2495.0
2011-02-01,2537.5
2011-02-02,2533.0
2011-02-03,2535.5
2011-02-04,2539.0
2011-02-07,2558.0
2011-02-08,2541.0
2011-02-09,2557.5
2011-02-10,2525.5
2011-02-11,2510.0
2011-02-14,2501.0
2011-02-15,2510.0
2011-02-16,2506.0
2011-02-17,2506.0
2011-02-18,2542.0
2011-02-21,2567.0
2011-02-22,2506.0
2011-02-23,2521.0
2011-02-24,2520.0
2011-02-25,2560.0
2011-02-28,2560.0
2011-03-01,2613.0
2011-03-02,2585.0
2011-03-03,2614.0
2011-03-04,2619.0
2011-03-07,2602.0
2011-03-08,2564.5
2011-03-09,2614.0
2011-03-10,2584.0
2011-03-11,2534.0
2011-03-14,2537.0
2011-03-15,2509.0
2011-03-16,2501.0
2011-03-17,2507.5
2011-03-18,2536.0
2011-03-21,2565.0
2011-03-22,2579.0
2011-03-23,2627.5
2011-03-24,2630.0
2011-03-25,2635.0
2011-03-28,2614.5
2011-03-29,2626.0
2011-03-30,2632.0
2011-03-31,2632.0
2011-04-01,2621.0
2011-04-04,2640.5
2011-04-05,2626.5
2011-04-06,2656.0
2011-04-07,2694.0
2011-04-08,2706.0
2011-04-11,2684.0
2011-04-12,2666.0
2011-04-13,2665.0
2011-04-14,2642.0
2011-04-15,2665.0
2011-04-18,2677.5
2011-04-19,2680.0
2011-04-20,2731.0
2011-04-21,2739.5
2011-04-26,2721.5
2011-04-27,2749.5
2011-04-28,2774.0
2011-05-03,2753.0
2011-05-04,2770.0
2011-05-05,2686.0
2011-05-06,2615.0
2011-05-09,2615.0
2011-05-10,2650.0
2011-05-11,2614.5
2011-05-12,2587.5
2011-05-13,2627.0
2011-05-16,2538.5
2011-05-17,2525.0
2011-05-18,2528.0
2011-05-19,2540.0
2011-05-20,2511.0
2011-05-23,2480.0
2011-05-24,2515.0
2011-05-25,2550.5
2011-05-26,2548.0
2011-05-27,2607.5
2011-05-31,2654.5
2011-06-01,2670.5
2011-06-02,2654.5
2011-06-03,2629.0
2011-06-06,2646.0
2011-06-07,2687.0
2011-06-08,2670.0
2011-06-09,2649.0
2011-06-10,2631.0
2011-06-13,2593.5
2011-06-14,2608.0
2011-06-15,2611.0
2011-06-16,2543.0
2011-06-17,2550.5
2011-06-20,2524.0
2011-06-21,2554.0
2011-06-22,2539.0
2011-06-23,2511.0
2011-06-24,2498.0
2011-06-27,2499.5
2011-06-28,2512.0
2011-06-29,2523.0
2011-06-30,2539.0
2011-07-01,2514.0
2011-07-04,2490.0
2011-07-05,2517.5
2011-07-06,2554.5
2011-07-07,2560.0
2011-07-08,2576.0
2011-07-11,2481.0
2011-07-12,2478.0
2011-07-13,2480.5
2011-07-14,2507.0
2011-07-15,2484.0
2011-07-18,2475.0
2011-07-19,2513.0
2011-07-20,2549.0
2011-07-21,2504.0
2011-07-22,2578.0
2011-07-25,2604.0
2011-07-26,2639.0
2011-07-27,2647.5
2011-07-28,2633.0
2011-07-29,2608.5
2011-08-01,2634.0
2011-08-02,2575.0
2011-08-03,2556.0
2011-08-04,2504.0
2011-08-05,2457.0
2011-08-08,2433.5
2011-08-09,2421.0
2011-08-10,2436.0
2011-08-11,2403.0
2011-08-12,2413.0
2011-08-15,2384.0
2011-08-16,2374.0
2011-08-17,2384.0
2011-08-18,2405.0
2011-08-19,2345.5
2011-08-22,2363.0
2011-08-23,2359.0
2011-08-24,2360.0
2011-08-25,2369.5
2011-08-26,2368.0
2011-08-30,2393.5
2011-08-31,2442.0
2011-09-01,2437.0
2011-09-02,2438.5
2011-09-05,2398.0
2011-09-06,2385.0
2011-09-07,2390.5
2011-09-08,2404.5
2011-09-09,2380.0
2011-09-12,2355.5
2011-09-13,2386.0
2011-09-14,2366.5
2011-09-15,2375.0
2011-09-16,2385.0
2011-09-19,2348.0
2011-09-20,2341.0
2011-09-21,2301.0
2011-09-22,2264.5
2011-09-23,2205.5
2011-09-26,2221.0
2011-09-27,2231.5
2011-09-28,2243.5
2011-09-29,2222.5
2011-09-30,2243.0
2011-10-03,2159.0
2011-10-04,2171.0
2011-10-05,2165.0
2011-10-06,2203.0
2011-10-07,2212.5
2011-10-10,2221.5
2011-10-11,2224.5
2011-10-12,2240.0
2011-10-13,
2011-10-14,2201.5
2011-10-17,2227.0
2011-10-18,2183.5
2011-10-19,2196.0
2011-10-20,2148.0
2011-10-21,2137.0
2011-10-24,2181.0
2011-10-25,2221.0
2011-10-26,2219.0
2011-10-27,2254.0
2011-10-28,2241.5
2011-10-31,2209.0
2011-11-01,2121.5
2011-11-02,2124.5
2011-11-03,2146.0
2011-11-04,2154.0
2011-11-07,2142.0
2011-11-08,2111.5
2011-11-09,2127.5
2011-11-10,2134.5
2011-11-11,2136.5
2011-11-14,2160.0
2011-11-15,2138.0
2011-11-16,2118.5
2011-11-17,2105.5
2011-11-18,2107.0
2011-11-21,2098.5
2011-11-22,2083.0
2011-11-23,2019.0
2011-11-24,2024.5
2011-11-25,2002.0
2011-11-28,2019.0
2011-11-29,2006.0
2011-11-30,1988.0
2011-12-01,2110.0
2011-12-02,2143.5
2011-12-05,2107.0
2011-12-06,2105.0
2011-12-07,2109.0
2011-12-08,2070.0
2011-12-09,2069.0
2011-12-12,2030.5
2011-12-13,2023.0
2011-12-14,1974.5
2011-12-15,1986.0
2011-12-16,2009.5
2011-12-19,1962.0
2011-12-20,1990.0
2011-12-21,1981.0
2011-12-22,1986.0
2011-12-23,2019.0
2011-12-28,1995.0
2011-12-29,1985.0
2011-12-30,1992.0
2012-01-03,2035.0
2012-01-04,2068.5
2012-01-05,2028.5
2012-01-06,2039.0
2012-01-09,2079.5
2012-01-10,2155.0
2012-01-11,2162.0
2012-01-12,2189.0
2012-01-13,2140.0
2012-01-16,2150.5
2012-01-17,2211.0
2012-01-18,2212.5
2012-01-19,2218.0
2012-01-20,2222.0
2012-01-23,2229.5
2012-01-24,2225.5
2012-01-25,2228.0
2012-01-26,2263.0
2012-01-27,2278.0
2012-01-30,2244.0
2012-01-31,2299.0
2012-02-01,2256.0
2012-02-02,2241.0
2012-02-03,2201.5
2012-02-06,2218.0
2012-02-07,2216.0
2012-02-08,2277.0
2012-02-09,2277.0
2012-02-10,2258.5
2012-02-13,2247.0
2012-02-14,2207.0
2012-02-15,2217.0
2012-02-16,2164.0
2012-02-17,2166.5
2012-02-20,2178.5
2012-02-21,2220.0
2012-02-22,2253.0
2012-02-23,2273.0
2012-02-24,2293.5
2012-02-27,2309.5
2012-02-28,2349.0
2012-02-29,2341.5
2012-03-01,2333.0
2012-03-02,2335.5
2012-03-05,2296.0
2012-03-06,2248.0
2012-03-07,2220.5
2012-03-08,2214.5
2012-03-09,2207.5
2012-03-12,2211.0
2012-03-13,2231.0
2012-03-14,2242.0
2012-03-15,2237.5
2012-03-16,2266.0
2012-03-19,2265.0
2012-03-20,2239.0
2012-03-21,2233.5
2012-03-22,2181.5
2012-03-23,2172.5
2012-03-26,2175.5
2012-03-27,2175.0
2012-03-28,2180.0
2012-03-29,2146.5
2012-03-30,2140.5
2012-04-02,2121.5
2012-04-03,2126.0
2012-04-04,2099.5
2012-04-05,2091.0
2012-04-10,2090.0
2012-04-11,2075.0
2012-04-12,2109.5
2012-04-13,2088.5
2012-04-16,2068.5
2012-04-17,2088.0
2012-04-18,2069.0
2012-04-19,2057.0
2012-04-20,2077.0
2012-04-23,2054.5
2012-04-24,2070.0
2012-04-25,2080.5
2012-04-26,2081.0
2012-04-27,2109.5
2012-04-30,2098.0
2012-05-01,2107.0
2012-05-02,2108.0
2012-05-03,2088.5
2012-05-04,2088.5
2012-05-08,2063.5
2012-05-09,2027.0
2012-05-10,2046.0
2012-05-11,2031.5
2012-05-14,2022.0
2012-05-15,2021.0
2012-05-16,2034.5
2012-05-17,2034.0
2012-05-18,2056.5
2012-05-21,2045.5
2012-05-22,2038.5
2012-05-23,2015.5
2012-05-24,2008.5
2012-05-25,2019.5
2012-05-28,2022.0
2012-05-29,2020.0
2012-05-30,1997.0
2012-05-31,2014.0
2012-06-01,1979.5
2012-06-06,1985.0
2012-06-07,1986.5
2012-06-08,1973.5
2012-06-11,1982.0
2012-06-12,1965.5
2012-06-13,1962.0
2012-06-14,1965.0
2012-06-15,1951.5
2012-06-18,1921.5
2012-06-19,1920.5
2012-06-20,1920.5
2012-06-21,1883.5
2012-06-22,1864.5
2012-06-25,1859.0
2012-06-26,1851.5
2012-06-27,1849.5
2012-06-28,1872.5
2012-06-29,1867.5
2012-07-02,1902.0
2012-07-03,1949.0
2012-07-04,1966.0
2012-07-05,1948.0
2012-07-06,1920.0
2012-07-09,1903.5
2012-07-10,1923.5
2012-07-11,1907.5
2012-07-12,1871.0
2012-07-13,1892.0
2012-07-16,1893.0
2012-07-17,1917.5
2012-07-18,1895.5
2012-07-19,1934.5
2012-07-20,1913.5
2012-07-23,1861.0
2012-07-24,1872.0
2012-07-25,1881.0
2012-07-26,1898.0
2012-07-27,1894.0
2012-07-30,1886.5
2012-07-31,1900.5
2012-08-01,1877.5
2012-08-02,1855.0
2012-08-03,1841.0
2012-08-06,1862.5
2012-08-07,1898.5
2012-08-08,1908.0
2012-08-09,1903.5
2012-08-10,1878.0
2012-08-13,1867.0
2012-08-14,1856.0
2012-08-15,1845.5
2012-08-16,1831.0
2012-08-17,1852.0
2012-08-20,1836.0
2012-08-21,1854.0
2012-08-22,1869.5
2012-08-23,1889.5
2012-08-24,1901.5
2012-08-28,1911.0
2012-08-29,1896.5
2012-08-30,1891.0
2012-08-31,1870.0
2012-09-03,1899.0
2012-09-04,1948.5
2012-09-05,1940.5
2012-09-06,1975.5
2012-09-07,1995.0
2012-09-10,2038.0
2012-09-11,2065.5
2012-09-12,2080.5
2012-09-13,2085.5
2012-09-14,2175.5
2012-09-17,2168.0
2012-09-18,2154.0
2012-09-19,2140.5
2012-09-20,2111.0
2012-09-21,2108.0
2012-09-24,2077.0
2012-09-25,2096.5
2012-09-26,2076.0
2012-09-27,2096.0
2012-09-28,2126.0
2012-10-01,2099.0
2012-10-02,2132.5
2012-10-03,2097.5
2012-10-04,2116.0
2012-10-05,2111.0
2012-10-08,2075.5
2012-10-09,2071.0
2012-10-10,2021.0
2012-10-11,2020.0
2012-10-12,1997.5
2012-10-15,1974.5
2012-10-16,1962.0
2012-10-17,1962.0
2012-10-18,1999.0
2012-10-19,2001.5
2012-10-22,1963.0
2012-10-23,1942.0
2012-10-24,1933.0
2012-10-25,1936.5
2012-10-26,1926.0
2012-10-29,1901.5
2012-10-30,1913.0
2012-10-31,1913.0
2012-11-01,1932.5
2012-11-02,1960.0
2012-11-05,1909.5
2012-11-06,1914.0
2012-11-07,1928.5
2012-11-08,1921.0
2012-11-09,1907.5
2012-11-12,1949.0
2012-11-13,1961.0
2012-11-14,1988.0
2012-11-15,1954.0
2012-11-16,1942.0
2012-11-19,1946.5
2012-11-20,1972.0
2012-11-21,1947.0
2012-11-22,1935.5
2012-11-23,1949.0
2012-11-26,1992.5
2012-11-27,2016.0
2012-11-28,1998.0
2012-11-29,2050.0
2012-11-30,2080.0
2012-12-03,2103.5
2012-12-04,2104.5
2012-12-05,2092.5
2012-12-06,2109.0
2012-12-07,2077.5
2012-12-10,2104.5
2012-12-11,2134.0
2012-12-12,2132.5
2012-12-13,2123.0
2012-12-14,2120.5
2012-12-17,2111.0
2012-12-18,2099.0
2012-12-19,2105.0
2012-12-20,2070.0
2012-12-21,2073.0
2012-12-24,2092.0
2012-12-27,2082.0
2012-12-28,2066.0
2012-12-31,2071.5
2013-01-02,2128.0
2013-01-03,2145.5
2013-01-04,2089.0
2013-01-07,2041.0
2013-01-08,2062.0
2013-01-09,2094.5
2013-01-10,2109.0
2013-01-11,2117.0
2013-01-14,2103.0
2013-01-15,2041.0
2013-01-16,2033.0
2013-01-17,2040.0
2013-01-18,2057.5
2013-01-21,2040.5
2013-01-22,2046.5
2013-01-23,2085.5
2013-01-24,2065.0
2013-01-25,2077.0
2013-01-28,2046.0
2013-01-29,2035.5
2013-01-30,2085.5
2013-01-31,2111.0
2013-02-01,2092.0
2013-02-04,2118.0
2013-02-05,2117.0
2013-02-06,2095.5
2013-02-07,2105.5
2013-02-08,2105.5
2013-02-11,2117.5
2013-02-12,2100.5
2013-02-13,2130.5
2013-02-14,2160.0
2013-02-15,2165.5
2013-02-18,2131.0
2013-02-19,2115.0
2013-02-20,2110.0
2013-02-21,2086.5
2013-02-22,2065.0
2013-02-25,2050.0
2013-02-26,2014.5
2013-02-27,2017.0
2013-02-28,2005.0
2013-03-01,1962.0
2013-03-04,1973.0
2013-03-05,1985.0
2013-03-06,1969.5
2013-03-07,1956.0
2013-03-08,1968.5
2013-03-11,1940.5
2013-03-12,1979.0
2013-03-13,1988.5
2013-03-14,1978.5
2013-03-15,1985.0
2013-03-18,1938.5
2013-03-19,1946.0
2013-03-20,1944.0
2013-03-21,1937.0
2013-03-22,1938.5
2013-03-25,1932.0
2013-03-26,1927.5
2013-03-27,1900.5
2013-03-28,1910.5
2013-04-02,1892.5
2013-04-03,1878.0
2013-04-04,1862.5
2013-04-05,1875.0
2013-04-08,1900.0
2013-04-09,1896.0
2013-04-10,1913.0
2013-04-11,1890.0
2013-04-12,1877.0
2013-04-15,1842.0
2013-04-16,1892.5
2013-04-17,1888.0
2013-04-18,1901.0
2013-04-19,1900.5
2013-04-22,1873.0
2013-04-23,1888.5
2013-04-24,1902.0
2013-04-25,1915.5
2013-04-26,1922.5
2013-04-29,1881.5
2013-04-30,1886.5
2013-05-01,1828.5
2013-05-02,1837.0
2013-05-03,1861.5
2013-05-07,1877.0
2013-05-08,1913.5
2013-05-09,1897.0
2013-05-10,1875.0
2013-05-13,1855.5
2013-05-14,1853.0
2013-05-15,1835.0
2013-05-16,1834.5
2013-05-17,1863.5
2013-05-20,1846.0
2013-05-21,1868.0
2013-05-22,1871.0
2013-05-23,1858.0
2013-05-24,1847.5
2013-05-28,1844.0
2013-05-29,1857.5
2013-05-30,1890.0
2013-05-31,1905.0
2013-06-03,1919.5
2013-06-04,1930.5
2013-06-05,1967.5
2013-06-06,1957.5
2013-06-07,1968.5
2013-06-10,1924.0
2013-06-11,1888.0
2013-06-12,1881.5
2013-06-13,1856.0
2013-06-14,1855.5
2013-06-17,1837.0
2013-06-18,1838.0
2013-06-19,1837.0
2013-06-20,1794.5
2013-06-21,1793.0
2013-06-24,1776.0
2013-06-25,1790.0
2013-06-26,1779.5
2013-06-27,1764.5
2013-06-28,1776.0
2013-07-01,1794.0
2013-07-02,1838.0
2013-07-03,1817.5
2013-07-04,1809.5
2013-07-05,1787.0
2013-07-08,1783.5
2013-07-09,1787.0
2013-07-10,1805.0
2013-07-11,1842.0
2013-07-12,1832.0
2013-07-15,1806.0
2013-07-16,1801.5
2013-07-17,1817.0
2013-07-18,1797.5
2013-07-19,1817.0
2013-07-22,1841.0
2013-07-23,1847.0
2013-07-24,1850.5
2013-07-25,1828.5
2013-07-26,1805.5
2013-07-29,1803.0
2013-07-30,1787.0
2013-07-31,1778.0
2013-08-01,1822.0
2013-08-02,1817.5
2013-08-05,1801.5
2013-08-06,1798.5
2013-08-07,1778.5
2013-08-08,1829.0
2013-08-09,1866.5
2013-08-12,1880.5
2013-08-13,1887.0
2013-08-14,1884.0
2013-08-15,1891.5
2013-08-16,1926.0
2013-08-19,1931.5
2013-08-20,1905.5
2013-08-21,1902.0
2013-08-22,1904.5
2013-08-23,1881.5
2013-08-27,1879.0
2013-08-28,1876.5
2013-08-29,1845.5
2013-08-30,1817.5
2013-09-02,1814.0
2013-09-03,1819.5
2013-09-04,1796.0
2013-09-05,1799.0
2013-09-06,1829.0
2013-09-09,1816.5
2013-09-10,1808.0
2013-09-11,1805.5
2013-09-12,1793.0
2013-09-13,1795.5
2013-09-16,1785.5
2013-09-17,1777.5
2013-09-18,1784.5
2013-09-19,1832.0
2013-09-20,1817.5
2013-09-23,1802.5
2013-09-24,1800.5
2013-09-25,1796.5
2013-09-26,1808.5
2013-09-27,1834.5
2013-09-30,1849.5
2013-10-01,1836.0
2013-10-02,1821.0
2013-10-03,1832.5
2013-10-04,1831.5
2013-10-07,1837.5
2013-10-08,1864.5
2013-10-09,1887.0
2013-10-10,1866.0
2013-10-11,1875.5
2013-10-14,1874.0
2013-10-15,1854.5
2013-10-16,1835.0
2013-10-17,1843.5
2013-10-18,1854.0
2013-10-21,1853.0
2013-10-22,1880.0
2013-10-23,1869.5
2013-10-24,1847.5
2013-10-25,1855.0
2013-10-28,1886.0
2013-10-29,1896.0
2013-10-30,1891.0
2013-10-31,1876.0
2013-11-01,1862.5
2013-11-04,1832.0
2013-11-05,1813.0
2013-11-06,1830.5
2013-11-07,1820.5
2013-11-08,1813.0
2013-11-11,1805.0
2013-11-12,1802.5
2013-11-13,1794.5
2013-11-14,1786.5
2013-11-15,1785.5
2013-11-18,1784.0
2013-11-19,1784.0
2013-11-20,1786.0
2013-11-21,1776.0
2013-11-22,1794.0
2013-11-25,1775.5
2013-11-26,1781.0
2013-11-27,1767.5
2013-11-28,1751.0
2013-11-29,1754.0
2013-12-02,1746.0
2013-12-03,1740.5
2013-12-04,1747.5
2013-12-05,1773.5
2013-12-06,1773.0
2013-12-09,1795.5
2013-12-10,1807.5
2013-12-11,1815.0
2013-12-12,1805.0
2013-12-13,1796.0
2013-12-16,1791.0
2013-12-17,1790.5
2013-12-18,1797.0
2013-12-19,1781.5
2013-12-20,1785.0
2013-12-23,1764.5
2013-12-24,1755.5
2013-12-27,1797.0
2013-12-30,1820.0
2013-12-31,1811.0
2014-01-02,1802.5
2014-01-03,1787.0
2014-01-06,1762.0
2014-01-07,1780.5
2014-01-08,1782.5
2014-01-09,1757.5
2014-01-10,1760.5
2014-01-13,1763.0
2014-01-14,1770.5
2014-01-15,1760.0
2014-01-16,1795.5
2014-01-17,1807.0
2014-01-20,1813.0
2014-01-21,1786.0
2014-01-22,1789.0
2014-01-23,1773.5
2014-01-24,1770.0
2014-01-27,1756.0
2014-01-28,1757.0
2014-01-29,1753.5
2014-01-30,1729.5
2014-01-31,1708.5
2014-02-03,1701.5
2014-02-04,1686.5
2014-02-05,1707.5
2014-02-06,1697.0
2014-02-07,1719.0
2014-02-10,1714.5
2014-02-11,1714.0
2014-02-12,1729.0
2014-02-13,1730.5
2014-02-14,1750.5
2014-02-17,1745.5
2014-02-18,1736.5
2014-02-19,1770.5
2014-02-20,1761.0
2014-02-21,1777.5
2014-02-24,1742.0
2014-02-25,1755.0
2014-02-26,1780.0
2014-02-27,1759.5
2014-02-28,1765.5
2014-03-03,1723.0
2014-03-04,1733.0
2014-03-05,1786.0
2014-03-06,1775.0
2014-03-07,1771.0
2014-03-10,1756.5
2014-03-11,1788.5
2014-03-12,1759.0
2014-03-13,1745.5
2014-03-14,1738.5
2014-03-17,1727.5
2014-03-18,1732.5
2014-03-19,1715.5
2014-03-20,1715.0
2014-03-21,1719.0
2014-03-24,1732.0
2014-03-25,1760.0
2014-03-26,1750.0
2014-03-27,1725.5
2014-03-28,1752.0
2014-03-31,1773.5
2014-04-01,1785.0
2014-04-02,1816.5
2014-04-03,1822.5
2014-04-04,1845.0
2014-04-07,1831.0
2014-04-08,1815.5
2014-04-09,1823.0
2014-04-10,1882.5
2014-04-11,1873.0
2014-04-14,1871.5
2014-04-15,1857.5
2014-04-16,1868.0
2014-04-17,1875.0
2014-04-22,1886.0
2014-04-23,1874.0
2014-04-24,1877.5
2014-04-25,1863.0
2014-04-28,1840.5
2014-04-29,1821.5
2014-04-30,1812.0
2014-05-01,1781.0
2014-05-02,1777.5
2014-05-06,1792.0
2014-05-07,1773.5
2014-05-08,1761.0
2014-05-09,1762.0
2014-05-12,1784.0
2014-05-13,1782.5
2014-05-14,1803.5
2014-05-15,1797.0
2014-05-16,1775.5
2014-05-19,1767.0
2014-05-20,1764.5
2014-05-21,1756.0
2014-05-22,1786.0
2014-05-23,1818.5
2014-05-26,
2014-05-27,1819.0
2014-05-28,1842.0
2014-05-29,1820.5
2014-05-30,1856.5
2014-06-02,1850.0
2014-06-03,1831.5
2014-06-04,1821.5
2014-06-05,1846.5
2014-06-06,1838.0
2014-06-09,1897.0
2014-06-10,1893.0
2014-06-11,1871.5
2014-06-12,1861.5
2014-06-13,1842.5
2014-06-16,1843.5
2014-06-17,1852.0
2014-06-18,1869.5
2014-06-19,1886.0
2014-06-20,1885.5
2014-06-23,1897.0
2014-06-24,1896.0
2014-06-25,1902.0
2014-06-26,1891.5
2014-06-27,1885.5
2014-06-30,1884.0
2014-07-01,1870.5
2014-07-02,1888.5
2014-07-03,1918.5
2014-07-04,1925.5
2014-07-07,1926.5
2014-07-08,1942.5
2014-07-09,1951.0
2014-07-10,1910.5
2014-07-11,1932.0
2014-07-14,1943.0
2014-07-15,1946.0
2014-07-16,1981.5
2014-07-17,1983.5
2014-07-18,1979.0
2014-07-21,2007.0
2014-07-22,2039.0
2014-07-23,2030.5
2014-07-24,2036.0
2014-07-25,2029.0
2014-07-28,2006.5
2014-07-29,1985.5
2014-07-30,1993.5
2014-07-31,2022.0
2014-08-01,1970.5
2014-08-04,2004.0
2014-08-05,2013.5
2014-08-06,1993.5
2014-08-07,2024.0
2014-08-08,2023.5
2014-08-11,2033.0
2014-08-12,2051.0
2014-08-13,2044.0
2014-08-14,2021.5
2014-08-15,1989.0
2014-08-18,1995.0
2014-08-19,2037.5
2014-08-20,2054.5
2014-08-21,2069.0
2014-08-22,2060.5
2014-08-26,2089.0
2014-08-27,2086.5
2014-08-28,2089.0
2014-08-29,2113.5
2014-09-01,2095.5
2014-09-02,2099.5
2014-09-03,2091.0
2014-09-04,2107.0
2014-09-05,2098.0
2014-09-08,2109.0
2014-09-09,2076.0
2014-09-10,2051.0
2014-09-11,2040.5
2014-09-12,2046.5
2014-09-15,2001.0
2014-09-16,2005.5
2014-09-17,2005.5
2014-09-18,1985.0
2014-09-19,1983.0
2014-09-22,1958.0
2014-09-23,1973.5
2014-09-24,1957.0
2014-09-25,1960.5
2014-09-26,1956.5
2014-09-29,1948.0
2014-09-30,1969.0
2014-10-01,1933.0
2014-10-02,1898.0
2014-10-03,1913.0
2014-10-06,1925.5
2014-10-07,1916.5
2014-10-08,1950.5
2014-10-09,1956.0
2014-10-10,1922.5
2014-10-13,1933.5
2014-10-14,1938.0
2014-10-15,1941.0
2014-10-16,1900.0
2014-10-17,1945.0
2014-10-20,1970.0
2014-10-21,1981.0
2014-10-22,1997.0
2014-10-23,1986.5
2014-10-24,1965.0
2014-10-27,1967.0
2014-10-28,1996.5
2014-10-29,2014.0
2014-10-30,2011.0
2014-10-31,2036.5
2014-11-03,2042.5
2014-11-04,2049.0
2014-11-05,2034.0
2014-11-06,2053.5
2014-11-07,2070.0
2014-11-10,2042.0
2014-11-11,2014.5
2014-11-12,2049.5
2014-11-13,2057.0
2014-11-14,2017.5
2014-11-17,2039.0
2014-11-18,2005.5
2014-11-19,2015.0
2014-11-20,2011.0
2014-11-21,2063.0
2014-11-24,2048.0
2014-11-25,2059.0
2014-11-26,2065.5
2014-11-27,2064.5
2014-11-28,2027.0
2014-12-01,1998.0
2014-12-02,2002.5
2014-12-03,1967.0
2014-12-04,1974.5
2014-12-05,1996.5
2014-12-08,1973.0
2014-12-09,1960.0
2014-12-10,1965.5
2014-12-11,1954.5
2014-12-12,1940.5
2014-12-15,1931.0
2014-12-16,1910.0
2014-12-17,1894.0
2014-12-18,1917.0
2014-12-19,1917.5
2014-12-22,1905.0
2014-12-23,1878.5
2014-12-24,1864.0
2014-12-29,1860.0
2014-12-30,1854.0
2014-12-31,1859.0
2015-01-02,1848.0
2015-01-05,1822.5
2015-01-06,1806.5
2015-01-07,1791.0
2015-01-08,1802.5
2015-01-09,1818.0
2015-01-12,1801.5
2015-01-13,1783.0
2015-01-14,1778.5
2015-01-15,1793.0
2015-01-16,1808.5
2015-01-19,1813.0
2015-01-20,1834.5
2015-01-21,1832.5
2015-01-22,1871.5
2015-01-23,1835.5
2015-01-26,1828.5
2015-01-27,1857.0
2015-01-28,1858.0
2015-01-29,1831.5
2015-01-30,1847.0
2015-02-02,1865.5
2015-02-03,1889.5
2015-02-04,1875.5
2015-02-05,1862.0
2015-02-06,1884.0
2015-02-09,1870.0
2015-02-10,1861.0
2015-02-11,1831.5
2015-02-12,1833.5
2015-02-13,1846.0
2015-02-16,1830.0
2015-02-17,1820.5
2015-02-18,1820.0
2015-02-19,1820.5
2015-02-20,1810.5
2015-02-23,1793.0
2015-02-24,1809.0
2015-02-25,1801.0
2015-02-26,1817.0
2015-02-27,1808.0
2015-03-02,1811.0
2015-03-03,1796.0
2015-03-04,1804.0
2015-03-05,1806.0
2015-03-06,1796.0
2015-03-09,1775.0
2015-03-10,1762.0
2015-03-11,1770.0
2015-03-12,1753.5
2015-03-13,1746.5
2015-03-16,1766.0
2015-03-17,1768.0
2015-03-18,1776.5
2015-03-19,1781.5
2015-03-20,1772.0
2015-03-23,1796.0
2015-03-24,1796.0
2015-03-25,1772.0
2015-03-26,1791.0
2015-03-27,1777.5
2015-03-30,1784.5
2015-03-31,1790.0
2015-04-01,1768.5
2015-04-02,1774.0
2015-04-07,1785.0
2015-04-08,1774.5
2015-04-09,1770.0
2015-04-10,1769.5
2015-04-13,1771.0
2015-04-14,1767.5
2015-04-15,1797.5
2015-04-16,1839.5
2015-04-17,1830.5
2015-04-20,1829.0
2015-04-21,1806.0
2015-04-22,1813.5
2015-04-23,1784.0
2015-04-24,1809.0
2015-04-27,1820.0
2015-04-28,1862.0
2015-04-29,1884.5
2015-04-30,1904.0
2015-05-01,1921.5
2015-05-05,1926.0
2015-05-06,1937.5
2015-05-07,1898.5
2015-05-08,1896.0
2015-05-11,1886.0
2015-05-12,1884.0
2015-05-13,1895.0
2015-05-14,1885.0
2015-05-15,1848.0
2015-05-18,1837.0
2015-05-19,1788.0
2015-05-20,1790.0
2015-05-21,1776.0
2015-05-22,1765.0
2015-05-26,1752.0
2015-05-27,1738.5
2015-05-28,1760.5
2015-05-29,1745.0
2015-06-01,1734.0
2015-06-02,1752.0
2015-06-03,1756.0
2015-06-04,1736.0
2015-06-05,1731.5
2015-06-08,1737.5
2015-06-09,1760.5
2015-06-10,1763.0
2015-06-11,1737.5
2015-06-12,1741.5
2015-06-15,1704.0
2015-06-16,1702.0
2015-06-17,1717.5
2015-06-18,1719.0
2015-06-19,1690.5
2015-06-22,1692.5
2015-06-23,1723.0
2015-06-24,1730.0
2015-06-25,1711.5
2015-06-26,1710.0
2015-06-29,1682.5
2015-06-30,1688.5
2015-07-01,1706.5
2015-07-02,1731.0
2015-07-03,1723.0
2015-07-06,1685.0
2015-07-07,1686.5
2015-07-08,1660.5
2015-07-09,1692.5
2015-07-10,1692.5
2015-07-13,1705.5
2015-07-14,1693.0
2015-07-15,1718.0
2015-07-16,1709.0
2015-07-17,1703.0
2015-07-20,1682.5
2015-07-21,1674.0
2015-07-22,1655.0
2015-07-23,1650.5
2015-07-24,1639.0
2015-07-27,1641.5
2015-07-28,1649.5
2015-07-29,1657.0
2015-07-30,1645.0
2015-07-31,1625.0
2015-08-03,1605.5
2015-08-04,1614.0
2015-08-05,1611.0
2015-08-06,1588.5
2015-08-07,1592.5
2015-08-10,1587.0
2015-08-11,1581.5
2015-08-12,1582.0
2015-08-13,1569.5
2015-08-14,1573.5
2015-08-17,1558.5
2015-08-18,1558.5
2015-08-19,1552.0
2015-08-20,1572.0
2015-08-21,1551.5
2015-08-24,1510.5
2015-08-25,1546.5
2015-08-26,1536.0
2015-08-27,1546.5
2015-08-28,1566.0
2015-09-01,1595.0
2015-09-02,1591.5
2015-09-03,1626.5
2015-09-04,1623.5
2015-09-07,1610.0
2015-09-08,1615.5
2015-09-09,1649.0
2015-09-10,1627.0
2015-09-11,1634.5
2015-09-14,1618.0
2015-09-15,1615.5
2015-09-16,1618.5
2015-09-17,1618.5
2015-09-18,1636.0
2015-09-21,1623.0
2015-09-22,1589.0
2015-09-23,1582.5
2015-09-24,1573.0
2015-09-25,1577.5
2015-09-28,1549.5
2015-09-29,1561.5
2015-09-30,1573.0
2015-10-01,1588.0
2015-10-02,1553.0
2015-10-05,1556.0
2015-10-06,1557.0
2015-10-07,1579.5
2015-10-08,1568.0
2015-10-09,1623.5
2015-10-12,1627.0
2015-10-13,1577.0
2015-10-14,1588.5
2015-10-15,1587.5
2015-10-16,1564.0
2015-10-19,1559.0
2015-10-20,1536.0
2015-10-21,1524.0
2015-10-22,1517.0
2015-10-23,1517.0
2015-10-26,1501.5
2015-10-27,1491.0
2015-10-28,1467.0
2015-10-29,1471.5
2015-10-30,1479.0
2015-11-02,1483.5
2015-11-03,1500.5
2015-11-04,1503.0
2015-11-05,1496.5
2015-11-06,1507.5
2015-11-09,1518.5
2015-11-10,1498.5
2015-11-11,1505.5
2015-11-12,1492.5
2015-11-13,1489.5
2015-11-16,1474.0
2015-11-17,1479.5
2015-11-18,1474.0
2015-11-19,1461.5
2015-11-20,1487.5
2015-11-23,1435.0
2015-11-24,1444.5
2015-11-25,1440.0
2015-11-26,1480.5
2015-11-27,1486.5
2015-11-30,1452.0
2015-12-01,1450.0
2015-12-02,1469.0
2015-12-03,1469.0
2015-12-04,1510.5
2015-12-07,1508.5
2015-12-08,1468.0
2015-12-09,1495.0
2015-12-10,1481.5
2015-12-11,1495.5
2015-12-14,1475.5
2015-12-15,1477.0
2015-12-16,1478.0
2015-12-17,1475.0
2015-12-18,1500.0
2015-12-21,1506.0
2015-12-22,1515.0
2015-12-23,1527.5
2015-12-24,1542.0
2015-12-29,1541.0
2015-12-30,1513.0
2015-12-31,1513.5
2016-01-04,1471.0
2016-01-05,1477.5
2016-01-06,1464.0
2016-01-07,1461.0
2016-01-08,1483.0
2016-01-11,1476.5
2016-01-12,1462.0
2016-01-13,1451.5
2016-01-14,1470.5
2016-01-15,1467.5
2016-01-18,1476.0
2016-01-19,1491.0
2016-01-20,1467.5
2016-01-21,1470.5
2016-01-22,1497.0
2016-01-25,1481.0
2016-01-26,1481.0
2016-01-27,1505.5
2016-01-28,1524.0
2016-01-29,1524.0
2016-02-01,1516.0
2016-02-02,1524.0
2016-02-03,1511.5
2016-02-04,1531.0
2016-02-05,1533.0
2016-02-08,1499.0
2016-02-09,1491.5
2016-02-10,1495.0
2016-02-11,1489.0
2016-02-12,1494.5
2016-02-15,1507.0
2016-02-16,1527.0
2016-02-17,1515.0
2016-02-18,1517.5
2016-02-19,1537.0
2016-02-22,1554.5
2016-02-23,1565.0
2016-02-24,1545.0
2016-02-25,1577.0
2016-02-26,1571.5
2016-02-29,1585.5
2016-03-01,1577.0
2016-03-02,1580.5
2016-03-03,1588.0
2016-03-04,1572.5
2016-03-07,1586.5
2016-03-08,1588.5
2016-03-09,1564.0
2016-03-10,1574.0
2016-03-11,1559.5
2016-03-14,1547.0
2016-03-15,1523.5
2016-03-16,1510.0
2016-03-17,1525.0
2016-03-18,1519.5
2016-03-21,1512.5
2016-03-22,1503.0
2016-03-23,1494.5
2016-03-24,1480.0
2016-03-29,1483.5
2016-03-30,1490.5
2016-03-31,1501.0
2016-04-01,1535.5
2016-04-04,1537.0
2016-04-05,1519.0
2016-04-06,1504.5
2016-04-07,1505.5
2016-04-08,1509.0
2016-04-11,1506.5
2016-04-12,1525.5
2016-04-13,1550.5
2016-04-14,1562.5
2016-04-15,1545.5
2016-04-18,1555.5
2016-04-19,1566.0
2016-04-20,1601.0
2016-04-21,1638.0
2016-04-22,1642.5
2016-04-25,1652.0
2016-04-26,1642.5
2016-04-27,1646.5
2016-04-28,1649.5
2016-04-29,1675.0
2016-05-03,1649.0
2016-05-04,1630.0
2016-05-05,1616.5
2016-05-06,1614.5
2016-05-09,1574.5
2016-05-10,1562.0
2016-05-11,1574.0
2016-05-12,1556.0
2016-05-13,1544.0
2016-05-16,1540.5
2016-05-17,1543.0
2016-05-18,1541.5
2016-05-19,1548.5
2016-05-20,1568.5
2016-05-23,1540.0
2016-05-24,1562.0
2016-05-25,1545.5
2016-05-26,1559.0
2016-05-27,1558.5
2016-05-31,1559.0
2016-06-01,1557.0
2016-06-02,1566.0
2016-06-03,1548.5
2016-06-06,1557.5
2016-06-07,1551.5
2016-06-08,1607.0
2016-06-09,1601.0
2016-06-10,1585.5
2016-06-13,1582.0
2016-06-14,1606.0
2016-06-15,1625.0
2016-06-16,1604.0
2016-06-17,1614.0
2016-06-20,1618.5
2016-06-21,1634.0
2016-06-22,1634.0
2016-06-23,1635.0
2016-06-24,1610.5
2016-06-27,1603.0
2016-06-28,1613.0
2016-06-29,1623.5
2016-06-30,1643.5
2016-07-01,1654.5
2016-07-04,1662.5
2016-07-05,1633.5
2016-07-06,1635.0
2016-07-07,1647.0
2016-07-08,1652.5
2016-07-11,1662.5
2016-07-12,1660.0
2016-07-13,1681.5
2016-07-14,1681.0
2016-07-15,1695.5
2016-07-18,1652.5
2016-07-19,1655.5
2016-07-20,1625.0
2016-07-21,1611.5
2016-07-22,1612.5
2016-07-25,1613.0
2016-07-26,1601.0
2016-07-27,1593.0
2016-07-28,1603.0
2016-07-29,1628.0
2016-08-01,1653.5
2016-08-02,1641.5
2016-08-03,1630.0
2016-08-04,1630.5
2016-08-05,1638.0
2016-08-08,1652.5
2016-08-09,1640.0
2016-08-10,1657.5
2016-08-11,1642.5
2016-08-12,1644.5
2016-08-15,1657.0
2016-08-16,1687.0
2016-08-17,1695.5
2016-08-18,1700.5
2016-08-19,1662.5
2016-08-22,1660.5
2016-08-23,1666.5
2016-08-24,1666.5
2016-08-25,1638.0
2016-08-26,1644.0
2016-08-30,1642.0
2016-08-31,1624.0
2016-09-01,1607.5
2016-09-02,1610.0
2016-09-05,1587.0
2016-09-06,1590.5
2016-09-07,1599.0
2016-09-08,1585.5
2016-09-09,1586.5
2016-09-12,1565.5
2016-09-13,1573.5
2016-09-14,1565.5
2016-09-15,1573.5
2016-09-16,1568.5
2016-09-19,1576.0
2016-09-20,1576.0
2016-09-21,1578.0
2016-09-22,1620.5
2016-09-23,1642.5
2016-09-26,1631.0
2016-09-27,1664.0
2016-09-28,1658.0
2016-09-29,1663.5
2016-09-30,1669.0
2016-10-03,1659.5
2016-10-04,1679.0
2016-10-05,1669.0
2016-10-06,1676.0
2016-10-07,1681.5
2016-10-10,1681.5
2016-10-11,1673.5
2016-10-12,1686.0
2016-10-13,1686.5
2016-10-14,1686.0
2016-10-17,1653.5
2016-10-18,1671.5
2016-10-19,1628.0
2016-10-20,1618.0
2016-10-21,1621.0
2016-10-24,1633.0
2016-10-25,1659.0
2016-10-26,1681.0
2016-10-27,1687.0
2016-10-28,1701.5
2016-10-31,1724.0
2016-11-01,1734.0
2016-11-02,1710.5
2016-11-03,1729.0
2016-11-04,1722.0
2016-11-07,1721.5
2016-11-08,1714.5
2016-11-09,1739.0
2016-11-10,1773.0
2016-11-11,1779.0
2016-11-14,1754.5
2016-11-15,1721.5
2016-11-16,1710.0
2016-11-17,1685.0
2016-11-18,1700.0
2016-11-21,1714.0
2016-11-22,1737.0
2016-11-23,1759.5
2016-11-24,1775.5
2016-11-25,1752.0
2016-11-28,1769.0
2016-11-29,1724.0
2016-11-30,1724.0
2016-12-01,1725.0
2016-12-02,1713.0
2016-12-05,1724.0
2016-12-06,1713.0
2016-12-07,1725.0
2016-12-08,1723.5
2016-12-09,1738.0
2016-12-12,1742.5
2016-12-13,1747.5
2016-12-14,1742.0
2016-12-15,1729.0
2016-12-16,1724.0
2016-12-19,1712.0
2016-12-20,1715.5
2016-12-21,1721.0
2016-12-22,1721.0
2016-12-23,1718.5
2016-12-27,
2016-12-28,1713.5
2016-12-29,1701.5
2016-12-30,1701.5
2017-01-03,1693.0
2017-01-04,1688.5
2017-01-05,1701.5
2017-01-06,1712.0
2017-01-09,1706.0
2017-01-10,1746.5
2017-01-11,1746.5
2017-01-12,1787.5
2017-01-13,1792.0
2017-01-16,1812.0
2017-01-17,1803.5
2017-01-18,1798.5
2017-01-19,1823.5
2017-01-20,1833.0
2017-01-23,1863.0
2017-01-24,1867.5
2017-01-25,1844.5
2017-01-26,1840.0
2017-01-27,1823.5
2017-01-30,1810.5
2017-01-31,1821.0
2017-02-01,1819.0
2017-02-02,1821.5
2017-02-03,1815.5
2017-02-06,1826.5
2017-02-07,1824.0
2017-02-08,1840.5
2017-02-09,1855.5
2017-02-10,1858.0
2017-02-13,1872.0
2017-02-14,1901.0
2017-02-15,1884.5
2017-02-16,1892.0
2017-02-17,1879.0
2017-02-20,1888.0
2017-02-21,1890.0
2017-02-22,1877.5
2017-02-23,1890.5
2017-02-24,1881.0
2017-02-27,1905.5
2017-02-28,1895.5
2017-03-01,1939.0
2017-03-02,1936.0
2017-03-03,1913.0
2017-03-06,1872.0
2017-03-07,1867.0
2017-03-08,1889.0
2017-03-09,1855.5
2017-03-10,1897.5
2017-03-13,1894.5
2017-03-14,1862.5
2017-03-15,1875.5
2017-03-16,1906.0
2017-03-17,1911.0
2017-03-20,1924.0
2017-03-21,1930.0
2017-03-22,1921.5
2017-03-23,1923.0
2017-03-24,1930.0
2017-03-27,1924.5
2017-03-28,1928.5
2017-03-29,1938.5
2017-03-30,1960.0
2017-03-31,1954.5
2017-04-03,1959.0
2017-04-04,1949.0
2017-04-05,1972.0
2017-04-06,1968.5
2017-04-07,1944.0
2017-04-10,1940.5
2017-04-11,1919.0
2017-04-12,1916.5
2017-04-13,1902.5
2017-04-18,1930.0
2017-04-19,1909.0
2017-04-20,1942.5
2017-04-21,1939.5
2017-04-24,1933.5
2017-04-25,1954.0
2017-04-26,1964.0
2017-04-27,1962.0
2017-04-28,1938.0
2017-05-02,1917.5
2017-05-03,1922.5
2017-05-04,1916.5
2017-05-05,1914.0
2017-05-08,1884.0
2017-05-09,1880.0
2017-05-10,1875.0
2017-05-11,1890.0
2017-05-12,1884.0
2017-05-15,1905.0
2017-05-16,1912.5
2017-05-17,1926.0
2017-05-18,1906.0
2017-05-19,1938.0
2017-05-22,1941.5
2017-05-23,1930.0
2017-05-24,1944.0
2017-05-25,1956.0
2017-05-26,1953.5
2017-05-30,1943.5
2017-05-31,1919.0
2017-06-01,1930.5
2017-06-02,1914.0
2017-06-05,1917.5
2017-06-06,1890.0
2017-06-07,1904.0
2017-06-08,1903.5
2017-06-09,1902.5
2017-06-12,1892.5
2017-06-13,1883.5
2017-06-14,1896.0
2017-06-15,1875.0
2017-06-16,1871.5
2017-06-19,1876.0
2017-06-20,1899.5
2017-06-21,1874.0
2017-06-22,1877.5
2017-06-23,1875.5
2017-06-26,1863.0
2017-06-27,1872.0
2017-06-28,1893.0
2017-06-29,1901.5
2017-06-30,1915.0
2017-07-03,1922.0
2017-07-04,1913.5
2017-07-05,1919.0
2017-07-06,1935.5
2017-07-07,1932.0
2017-07-10,1923.0
2017-07-11,1891.5
2017-07-12,1893.5
2017-07-13,1929.0
2017-07-14,1921.0
2017-07-17,1925.0
2017-07-18,1907.0
2017-07-19,1935.5
2017-07-20,1924.0
2017-07-21,1926.0
2017-07-24,1917.5
2017-07-25,1919.0
2017-07-26,1933.5
2017-07-27,1944.0
2017-07-28,1913.0
2017-07-31,1924.0
2017-08-01,1910.0
2017-08-02,1925.5
2017-08-03,1916.0
2017-08-04,1911.0
2017-08-07,1940.0
2017-08-08,1992.5
2017-08-09,2024.0
2017-08-10,2030.5
2017-08-11,2037.5
2017-08-14,2031.5
2017-08-15,2051.0
2017-08-16,2070.0
2017-08-17,2086.0
2017-08-18,2089.0
2017-08-21,2082.0
2017-08-22,2084.5
2017-08-23,2076.0
2017-08-24,2101.5
2017-08-25,2099.0
2017-08-29,2104.0
2017-08-30,2086.0
2017-08-31,2132.0
2017-09-01,2134.0
2017-09-04,2120.0
2017-09-05,2106.5
2017-09-06,2092.0
2017-09-07,2096.5
2017-09-08,2096.0
2017-09-11,2129.0
2017-09-12,2117.5
2017-09-13,2117.5
2017-09-14,2090.5
2017-09-15,2100.0
2017-09-18,2096.0
2017-09-19,2132.0
2017-09-20,2191.0
2017-09-21,2174.5
2017-09-22,2160.0
2017-09-25,2148.0
2017-09-26,2137.5
2017-09-27,2140.0
2017-09-28,2128.0
2017-09-29,2133.0
2017-10-02,2090.0
2017-10-03,2126.5
2017-10-04,2155.0
2017-10-05,2147.0
2017-10-06,2146.0
2017-10-09,2157.0
2017-10-10,2161.0
2017-10-11,2147.0
2017-10-12,2143.0
2017-10-13,2160.5
2017-10-16,2159.5
2017-10-17,2136.0
2017-10-18,2126.0
2017-10-19,2138.5
2017-10-20,2166.0
2017-10-23,2145.0
2017-10-24,2156.0
2017-10-25,2159.0
2017-10-26,2188.0
2017-10-27,2142.0
2017-10-30,2161.0
2017-10-31,2157.0
2017-11-01,2197.0
2017-11-02,2167.0
2017-11-03,2183.5
2017-11-06,2172.5
2017-11-07,2150.5
2017-11-08,2120.0
2017-11-09,2092.0
2017-11-10,2104.0
2017-11-13,2114.0
2017-11-14,2105.5
2017-11-15,2096.5
2017-11-16,2123.5
2017-11-17,2095.5
2017-11-20,2082.0
2017-11-21,2080.0
2017-11-22,2102.5
2017-11-23,2103.5
2017-11-24,2120.0
2017-11-27,2124.0
2017-11-28,2113.5
2017-11-29,2075.5
2017-11-30,2052.0
2017-12-01,2062.0
2017-12-04,2070.5
2017-12-05,2067.5
2017-12-06,2043.0
2017-12-07,2012.0
2017-12-08,2012.0
2017-12-11,2006.0
2017-12-12,2026.5
2017-12-13,2015.5
2017-12-14,2033.5
2017-12-15,2051.0
2017-12-18,2068.0
2017-12-19,2082.0
2017-12-20,2114.0
2017-12-21,2125.5
2017-12-22,2153.5
2017-12-27,2209.0
2017-12-28,2257.0
2017-12-29,2251.0
2018-01-02,2268.0
2018-01-03,2251.5
2018-01-04,2245.0
2018-01-05,2225.0
2018-01-08,2194.0
2018-01-09,2162.0
2018-01-10,2173.0
2018-01-11,2191.0
2018-01-12,2223.0
2018-01-15,2231.5
2018-01-16,2181.5
2018-01-17,2194.0
2018-01-18,2218.5
2018-01-19,2254.0
2018-01-22,2239.0
2018-01-23,2218.0
2018-01-24,2221.0
2018-01-25,2240.5
2018-01-26,2240.5
2018-01-29,2258.0
2018-01-30,2226.0
2018-01-31,2222.0
2018-02-01,2215.5
2018-02-02,2227.0
2018-02-05,2203.0
2018-02-06,2195.0
2018-02-07,2179.0
2018-02-08,2163.0
2018-02-09,2144.0
2018-02-12,2130.0
2018-02-13,2133.5
2018-02-14,2141.0
2018-02-15,2165.0
2018-02-16,2180.5
2018-02-19,2225.0
2018-02-20,2206.0
2018-02-21,2176.0
2018-02-22,2182.0
2018-02-23,2165.5
2018-02-26,2160.5
2018-02-27,2147.0
2018-02-28,2138.0
2018-03-01,2138.0
2018-03-02,2151.5
2018-03-05,2140.5
2018-03-06,2155.0
2018-03-07,2132.0
2018-03-08,2104.0
2018-03-09,2099.0
2018-03-12,2118.0
2018-03-13,2101.0
2018-03-14,2117.0
2018-03-15,2086.0
2018-03-16,2088.5
2018-03-19,2092.0
2018-03-20,2093.5
2018-03-21,2079.0
2018-03-22,2079.0
2018-03-23,2072.0
2018-03-26,2048.0
2018-03-27,2056.0
2018-03-28,2029.0
2018-03-29,2014.0
2018-04-03,2027.0
2018-04-04,1990.0
2018-04-05,1990.0
2018-04-06,1988.0
2018-04-09,2122.0
2018-04-10,2175.0
2018-04-11,2245.0
2018-04-12,2212.0
2018-04-13,2303.5
2018-04-16,2349.0
2018-04-17,2372.0
2018-04-18,2523.0
2018-04-19,2587.0
2018-04-20,2450.0
2018-04-23,2439.0
2018-04-24,2223.0
2018-04-25,2239.0
2018-04-26,2206.0
2018-04-27,2248.0
2018-04-30,2226.0
2018-05-01,2238.0
2018-05-02,2270.0
2018-05-03,2342.0
2018-05-04,2307.0
2018-05-08,2363.0
2018-05-09,2281.0
2018-05-10,2325.5
2018-05-11,2275.0
2018-05-14,2296.0
2018-05-15,2310.5
2018-05-16,2312.5
2018-05-17,2260.5
2018-05-18,2293.5
2018-05-21,2280.0
2018-05-22,2274.0
2018-05-23,2240.5
2018-05-24,2271.0
2018-05-25,2285.0
2018-05-29,2263.0
2018-05-30,2272.5
2018-05-31,2286.0
2018-06-01,2271.0
2018-06-04,2321.0
2018-06-05,2315.5
2018-06-06,2323.0
2018-06-07,2337.0
2018-06-08,2299.5
2018-06-11,2297.0
2018-06-12,2310.5
2018-06-13,2276.0
2018-06-14,2266.5
2018-06-15,2233.0
2018-06-18,2215.5
2018-06-19,2179.0
2018-06-20,2176.5
2018-06-21,2166.0
2018-06-22,2172.0
2018-06-25,2167.0
2018-06-26,2143.0
2018-06-27,2198.0
2018-06-28,2155.0
2018-06-29,2160.0
2018-07-02,2129.5
2018-07-03,2133.0
2018-07-04,2100.0
2018-07-05,2101.0
2018-07-06,2072.0
2018-07-09,2106.0
2018-07-10,2109.5
2018-07-11,2079.0
2018-07-12,2057.0
2018-07-13,2051.5
2018-07-16,2062.0
2018-07-17,2065.0
2018-07-18,2025.0
2018-07-19,2025.0
2018-07-20,2031.0
2018-07-23,2077.0
2018-07-24,2097.0
2018-07-25,2074.0
2018-07-26,2065.5
2018-07-27,2069.0
2018-07-30,2074.0
2018-07-31,2076.0
2018-08-01,2057.5
2018-08-02,2047.0
2018-08-03,2041.0
2018-08-06,2028.0
2018-08-07,2053.0
2018-08-08,2045.0
2018-08-09,2138.0
2018-08-10,2061.0
2018-08-13,2077.0
2018-08-14,2064.0
2018-08-15,2023.0
2018-08-16,2024.0
2018-08-17,2026.0
2018-08-20,2065.5
2018-08-21,2065.0
2018-08-22,2063.5
2018-08-23,2044.0
2018-08-24,2085.5
2018-08-28,2115.0
2018-08-29,2142.0
2018-08-30,2149.0
2018-08-31,2139.0
2018-09-03,2110.0
2018-09-04,2070.0
2018-09-05,2077.0
2018-09-06,2062.5
2018-09-07,2065.5
2018-09-10,2036.5
2018-09-11,2074.0
2018-09-12,2023.0
2018-09-13,2051.0
2018-09-14,2054.0
2018-09-17,2017.5
2018-09-18,2041.0
2018-09-19,2020.0
2018-09-20,2048.0
2018-09-21,2067.0
2018-09-24,2066.0
2018-09-25,2054.5
2018-09-26,2081.0
2018-09-27,2051.5
2018-09-28,2034.0
2018-10-01,2064.0
2018-10-02,2093.0
2018-10-03,2176.0
2018-10-04,2251.0
2018-10-05,2150.5
2018-10-08,2078.5
2018-10-09,2041.0
2018-10-10,2038.0
2018-10-11,2028.5
2018-10-12,2048.0
2018-10-15,2031.0
2018-10-16,2024.0
2018-10-17,2023.5
2018-10-18,2012.5
2018-10-19,2024.0
2018-10-22,2013.0
2018-10-23,2016.0
2018-10-24,2005.0
2018-10-25,1998.5
2018-10-26,1978.0
2018-10-29,2000.5
2018-10-30,1972.5
2018-10-31,1966.5
2018-11-01,1978.0
2018-11-02,1985.0
2018-11-05,1971.0
2018-11-06,1969.0
2018-11-07,1963.0
2018-11-08,1982.0
2018-11-09,1971.5
2018-11-12,1942.5
2018-11-13,1938.0
2018-11-14,1944.5
2018-11-15,1940.5
2018-11-16,1931.5
2018-11-19,1941.0
2018-11-20,1940.5
2018-11-21,1953.5
2018-11-22,1953.5
2018-11-23,1934.5
2018-11-26,1930.0
2018-11-27,1935.5
2018-11-28,1924.0
2018-11-29,1933.0
2018-11-30,1938.5
2018-12-03,1979.5
2018-12-04,1980.5
2018-12-05,1970.5
2018-12-06,1941.5
2018-12-07,1958.5
2018-12-10,1951.0
2018-12-11,1957.5
2018-12-12,1937.0
2018-12-13,1932.0
2018-12-14,1921.0
2018-12-17,1925.0
2018-12-18,1942.0
2018-12-19,1929.0
2018-12-20,1923.5
2018-12-21,1912.0
2018-12-24,1899.0
2018-12-27,1881.5
2018-12-28,1857.0
2018-12-31,1846.0
2019-01-02,1846.5
2019-01-03,1820.5
2019-01-04,1862.0
2019-01-07,1874.0
2019-01-08,1859.0
2019-01-09,1862.5
2019-01-10,1857.0
2019-01-11,1840.5
2019-01-14,1814.0
2019-01-15,1836.5
2019-01-16,1867.0
2019-01-17,1828.0
2019-01-18,1858.0
2019-01-21,1856.0
2019-01-22,1868.0
2019-01-23,1892.0
2019-01-24,1871.0
2019-01-25,1887.0
2019-01-28,1885.0
2019-01-29,1875.5
2019-01-30,1890.0
2019-01-31,1904.0
2019-02-01,1893.0
2019-02-04,1868.5
2019-02-05,1923.0
2019-02-06,1912.5
2019-02-07,1891.0
2019-02-08,1889.5
2019-02-11,1869.5
2019-02-12,1866.0
2019-02-13,1865.0
2019-02-14,1851.0
2019-02-15,1863.0
2019-02-18,1854.0
2019-02-19,1862.0
2019-02-20,1856.0
2019-02-21,1877.0
2019-02-22,1911.5
2019-02-25,1912.0
2019-02-26,1899.0
2019-02-27,1921.5
2019-02-28,1916.0
2019-03-01,1910.5
2019-03-04,1878.5
2019-03-05,1890.0
2019-03-06,1868.5
2019-03-07,1864.0
2019-03-08,1872.0
2019-03-11,1858.0
2019-03-12,1878.0
2019-03-13,1897.0
2019-03-14,1898.0
2019-03-15,1892.0
2019-03-18,1899.0
2019-03-19,1935.0
2019-03-20,1944.5
2019-03-21,1920.0
2019-03-22,1893.5
2019-03-25,1887.0
2019-03-26,1876.0
2019-03-27,1914.5
2019-03-28,1912.0
2019-03-29,1914.0
2019-04-01,1913.0
2019-04-02,1884.0
2019-04-03,1894.0
2019-04-04,1892.5
2019-04-05,1886.5
2019-04-08,1883.0
2019-04-09,1876.5
2019-04-10,1876.0
2019-04-11,1863.5
2019-04-12,1865.0
2019-04-15,1860.0
2019-04-16,1856.0
2019-04-17,1858.0
2019-04-18,1854.5
2019-04-23,1871.0
2019-04-24,1872.0
2019-04-25,1862.0
2019-04-26,1849.0
2019-04-29,1831.5
2019-04-30,1817.5
2019-05-01,1789.0
2019-05-02,1817.5
2019-05-03,1811.0
2019-05-07,1798.5
2019-05-08,1800.0
2019-05-09,1799.0
2019-05-10,1800.5
2019-05-13,1801.0
2019-05-14,1823.0
2019-05-15,1832.0
2019-05-16,1862.0
2019-05-17,1835.0
2019-05-20,1819.5
2019-05-21,1805.0
2019-05-22,1781.5
2019-05-23,1770.5
2019-05-24,1795.0
2019-05-28,1804.0
2019-05-29,1797.0
2019-05-30,1787.0
2019-05-31,1788.5
2019-06-03,1788.5
2019-06-04,1776.0
2019-06-05,1794.0
2019-06-06,1774.0
2019-06-07,1765.5
2019-06-10,1753.0
2019-06-11,1784.0
2019-06-12,1786.0
2019-06-13,1788.0
2019-06-14,1771.0
2019-06-17,1754.5
2019-06-18,1763.0
2019-06-19,1776.5
2019-06-20,1803.0
2019-06-21,1767.5
2019-06-24,1773.0
2019-06-25,1801.0
2019-06-26,1825.0
2019-06-27,1804.0
2019-06-28,1793.5
2019-07-01,1803.5
2019-07-02,1780.0
2019-07-03,1779.0
2019-07-04,1794.5
2019-07-05,1802.0
2019-07-08,1800.0
2019-07-09,1803.0
2019-07-10,1832.0
2019-07-11,1828.0
2019-07-12,1819.5
2019-07-15,1830.0
2019-07-16,1837.0
2019-07-17,1839.0
2019-07-18,1846.0
2019-07-19,1856.0
2019-07-22,1836.0
2019-07-23,1821.0
2019-07-24,1827.0
2019-07-25,1825.0
2019-07-26,1804.5
2019-07-29,1799.0
2019-07-30,1806.5
2019-07-31,1807.0
2019-08-01,1785.0
2019-08-02,1777.5
2019-08-05,1772.0
2019-08-06,1766.5
2019-08-07,1756.5
2019-08-08,1768.5
2019-08-09,1776.5
2019-08-12,1776.5
2019-08-13,1761.5
2019-08-14,1773.0
2019-08-15,1777.0
2019-08-16,1784.0
2019-08-19,1795.0
2019-08-20,1786.0
2019-08-21,1781.0
2019-08-22,1766.5
2019-08-23,1770.0
2019-08-27,1778.0
2019-08-28,1758.5
2019-08-29,1742.5
2019-08-30,1741.5
2019-09-02,1745.5
2019-09-03,1743.5
2019-09-04,1764.5
2019-09-05,1778.0
2019-09-06,1787.5
2019-09-09,1796.5
2019-09-10,1804.0
2019-09-11,1823.0
2019-09-12,1809.0
2019-09-13,1802.0
2019-09-16,1805.0
2019-09-17,1779.0
2019-09-18,1782.0
2019-09-19,1792.0
2019-09-20,1792.0
2019-09-23,1778.0
2019-09-24,1772.0
2019-09-25,1758.5
2019-09-26,1744.0
2019-09-27,1733.5
2019-09-30,1722.5
2019-10-01,1719.5
2019-10-02,1719.0
2019-10-03,1711.0
2019-10-04,1715.5
2019-10-07,1720.0
2019-10-08,1738.5
2019-10-09,1738.5
2019-10-10,1743.0
2019-10-11,1726.0
2019-10-14,1716.0
2019-10-15,1716.0
2019-10-16,1715.0
2019-10-17,1730.0
2019-10-18,1731.0
2019-10-21,1742.0
2019-10-22,1717.0
2019-10-23,1720.0
2019-10-24,1724.0
2019-10-25,1720.0
2019-10-28,1732.0
2019-10-29,1742.0
2019-10-30,1751.0
2019-10-31,1747.0
2019-11-01,1764.0
2019-11-04,1782.0
2019-11-05,1811.5
2019-11-06,1809.5
2019-11-07,1808.0
2019-11-08,1820.0
2019-11-11,1805.0
2019-11-12,1768.0
2019-11-13,1769.0
2019-11-14,1759.0
2019-11-15,1745.0
2019-11-18,1746.0
2019-11-19,1734.0
2019-11-20,1740.5
2019-11-21,1736.0
2019-11-22,1738.5
2019-11-25,1736.5
2019-11-26,1742.5
2019-11-27,1761.0
2019-11-28,1756.5
2019-11-29,1761.0
2019-12-02,1769.0
2019-12-03,1788.0
2019-12-04,1763.5
2019-12-05,1748.0
2019-12-06,1741.0
2019-12-09,1762.0
2019-12-10,1752.5
2019-12-11,1758.0
2019-12-12,1767.0
2019-12-13,1774.5
2019-12-16,1771.0
2019-12-17,1767.0
2019-12-18,1777.0
2019-12-19,1788.0
2019-12-20,1803.0
2019-12-23,1802.0
2019-12-24,1816.0
2019-12-27,1816.5
2019-12-30,1822.0
2019-12-31,1830.0
2020-01-02,1803.5
2020-01-03,1794.0
2020-01-06,1822.0
2020-01-07,1826.5
2020-01-08,1806.0
2020-01-09,1799.5
2020-01-10,1798.0
2020-01-13,1793.0
2020-01-14,1797.0
2020-01-15,1805.5
2020-01-16,1814.0
2020-01-17,1808.0
2020-01-20,1814.0
2020-01-21,1818.0
2020-01-22,1819.0
2020-01-23,1794.0
2020-01-24,1786.0
2020-01-27,1765.0
2020-01-28,1759.5
2020-01-29,1748.0
2020-01-30,1736.0
2020-01-31,1724.5
2020-02-03,1719.0
2020-02-04,1713.0
2020-02-05,1716.0
2020-02-06,1723.5
2020-02-07,1721.0
2020-02-10,1705.0
2020-02-11,1717.0
2020-02-12,1733.0
2020-02-13,1727.5
2020-02-14,1734.0
2020-02-17,1712.0
2020-02-18,1708.5
2020-02-19,1712.5
2020-02-20,1715.0
2020-02-21,1703.0
2020-02-24,1698.0
2020-02-25,1705.0
2020-02-26,1698.0
2020-02-27,1690.5
2020-02-28,1680.0
2020-03-02,1700.0
2020-03-03,1722.0
2020-03-04,1732.0
2020-03-05,1726.0
2020-03-06,1709.0
2020-03-09,1666.5
2020-03-10,1708.5
2020-03-11,1687.0
2020-03-12,1658.0
2020-03-13,1696.0
2020-03-16,1655.0
2020-03-17,1649.0
2020-03-18,1628.0
2020-03-19,1607.0
2020-03-20,1605.0
2020-03-23,1568.0
2020-03-24,1567.5
2020-03-25,1541.5
2020-03-26,1539.5
2020-03-27,1538.5
2020-03-30,1528.0
2020-03-31,1524.0
2020-04-01,1498.0
2020-04-02,1482.5
2020-04-03,1486.0
2020-04-06,1460.5
2020-04-07,1491.5
2020-04-08,1459.5
2020-04-09,1467.0
2020-04-14,1495.5
2020-04-15,1507.5
2020-04-16,1514.0
2020-04-17,1520.0
2020-04-20,1490.0
2020-04-21,1483.5
2020-04-22,1501.5
2020-04-23,1509.5
2020-04-24,1508.0
2020-04-27,1509.5
2020-04-28,1503.5
2020-04-29,1504.0
2020-04-30,1498.0
2020-05-01,1477.5
2020-05-04,1477.0
2020-05-05,1479.5
2020-05-06,1481.0
2020-05-07,1486.5
2020-05-11,1490.5
2020-05-12,1482.0
2020-05-13,1476.5
2020-05-14,1469.0
2020-05-15,1467.0
2020-05-18,1476.0
2020-05-19,1498.0
2020-05-20,1486.5
2020-05-21,1514.5
2020-05-22,1498.5
2020-05-26,1513.0
2020-05-27,1527.5
2020-05-28,1524.0
2020-05-29,1536.5
2020-06-01,1540.0
2020-06-02,1529.0
2020-06-03,1555.5
2020-06-04,1560.5
2020-06-05,1579.0
2020-06-08,1596.0
2020-06-09,1592.5
2020-06-10,1638.0
2020-06-11,1605.5
2020-06-12,1586.5
2020-06-15,1570.5
2020-06-16,1595.5
2020-06-17,1600.0
2020-06-18,1608.0
2020-06-19,1599.0
2020-06-22,1590.5
2020-06-23,1598.0
2020-06-24,1586.5
2020-06-25,1563.5
2020-06-26,1597.5
2020-06-29,1607.0
2020-06-30,1621.5
2020-07-01,1614.0
2020-07-02,1621.5
2020-07-03,1614.0
2020-07-06,1626.0
2020-07-07,1630.0
2020-07-08,1651.0
2020-07-09,1687.0
2020-07-10,1669.0
2020-07-13,1695.5
2020-07-14,1675.0
2020-07-15,1686.0
2020-07-16,1660.5
2020-07-17,1654.5
2020-07-20,1658.0
2020-07-21,1682.5
2020-07-22,1686.5
2020-07-23,1697.5
2020-07-24,1692.0
2020-07-27,1700.5
2020-07-28,1709.0
2020-07-29,1726.5
2020-07-30,1719.0
2020-07-31,1722.0
2020-08-03,1718.5
2020-08-04,1748.5
2020-08-05,1778.5
2020-08-06,1758.5
2020-08-07,1780.0
2020-08-10,1766.0
2020-08-11,1786.0
2020-08-12,1789.5
2020-08-13,1774.0
2020-08-14,1766.0
2020-08-17,1757.0
2020-08-18,1770.0
2020-08-19,1783.0
2020-08-20,1791.5
2020-08-21,1761.5
2020-08-24,1776.0
2020-08-25,1773.5
2020-08-26,1779.0
2020-08-27,1776.5
2020-08-28,1797.5
2020-09-01,1818.0
2020-09-02,1815.0
2020-09-03,1779.0
2020-09-04,1789.0
2020-09-07,1803.5
2020-09-08,1783.0
2020-09-09,1777.5
2020-09-10,1781.0
2020-09-11,1785.5
2020-09-14,1787.5
2020-09-15,1806.5
2020-09-16,1798.0
2020-09-17,1783.0
2020-09-18,1785.5
2020-09-21,1793.0
2020-09-22,1785.5
2020-09-23,1759.0
2020-09-24,1735.0
2020-09-25,1746.0
2020-09-28,1772.0
2020-09-29,1780.0
2020-09-30,1770.5
2020-10-01,1754.0
2020-10-02,1740.0
2020-10-05,1773.0
2020-10-06,1783.0
2020-10-07,1772.5
2020-10-08,1802.0
2020-10-09,1820.0
2020-10-12,1847.0
2020-10-13,1854.0
2020-10-14,1853.5
2020-10-15,1839.5
2020-10-16,1863.5
2020-10-19,1859.0
2020-10-20,1844.0
2020-10-21,1854.5
2020-10-22,1840.0
2020-10-23,1842.5
2020-10-26,1837.5
2020-10-27,1823.0
2020-10-28,1815.0
2020-10-29,1795.5
2020-10-30,1823.5
2020-11-02,1839.5
2020-11-03,1891.0
2020-11-04,1885.5
2020-11-05,1896.5
2020-11-06,1904.0
2020-11-09,1930.0
2020-11-10,1900.0
2020-11-11,1923.5
2020-11-12,1922.5
2020-11-13,1934.5
2020-11-16,1946.5
2020-11-17,1961.0
2020-11-18,1994.0
2020-11-19,1994.5
2020-11-20,1995.5
2020-11-23,1985.5
2020-11-24,1981.0
2020-11-25,1981.5
2020-11-26,1978.0
2020-11-27,1988.5
2020-11-30,2022.5
2020-12-01,2052.5
2020-12-02,2062.0
2020-12-03,2039.5
2020-12-04,2040.0
2020-12-07,2018.5
2020-12-08,2007.0
2020-12-09,2027.5
2020-12-10,2042.0
2020-12-11,2034.5
2020-12-14,2054.0
2020-12-15,2038.0
2020-12-16,2045.5
2020-12-17,2041.0
2020-12-18,2059.5
2020-12-21,2023.5
2020-12-22,2006.5
2020-12-23,2008.5
2020-12-24,2025.5
2020-12-29,2004.0
2020-12-30,1997.0
2020-12-31,1980.5
2021-01-04,2016.0
2021-01-05,2032.5
2021-01-06,2068.0
2021-01-07,2020.5
2021-01-08,2032.0
2021-01-11,2008.0
2021-01-12,2025.0
2021-01-13,2008.5
2021-01-14,2009.0
2021-01-15,1998.5
2021-01-18,1984.0
2021-01-19,1958.5
2021-01-20,1977.0
2021-01-21,1994.5
2021-01-22,1976.0
2021-01-25,2006.0
2021-01-26,2018.0
2021-01-27,2003.5
2021-01-28,1978.5
2021-01-29,1987.5
2021-02-01,1982.5
2021-02-02,1962.5
2021-02-03,1972.0
2021-02-04,1984.0
2021-02-05,2012.0
2021-02-08,2027.5
2021-02-09,2052.0
2021-02-10,2073.0
2021-02-11,2080.5
2021-02-12,2081.0
2021-02-15,2082.5
2021-02-16,2086.0
2021-02-17,2103.5
2021-02-18,2161.0
2021-02-19,2150.5
2021-02-22,2161.5
2021-02-23,2148.5
2021-02-24,2157.5
2021-02-25,2227.0
2021-02-26,2202.5
2021-03-01,2165.5
2021-03-02,2178.5
2021-03-03,2207.0
2021-03-04,2177.5
2021-03-05,2176.0
2021-03-08,2163.5
2021-03-09,2156.5
2021-03-10,2168.5
2021-03-11,2181.5
2021-03-12,2166.0
2021-03-15,2210.5
2021-03-16,2201.0
2021-03-17,2232.5
2021-03-18,2226.5
2021-03-19,2223.0
2021-03-22,2282.5
2021-03-23,2234.0
2021-03-24,2249.0
2021-03-25,2235.5
2021-03-26,2285.0
2021-03-29,2279.0
2021-03-30,2246.0
2021-03-31,2235.0
2021-04-01,2236.5
2021-04-06,2268.5
2021-04-07,2258.5
2021-04-08,2280.0
2021-04-09,2267.5
2021-04-12,2268.5
2021-04-13,2293.0
2021-04-14,2315.0
2021-04-15,2344.0
2021-04-16,2324.5
2021-04-19,2342.5
2021-04-20,2330.0
2021-04-21,2337.0
2021-04-22,2368.5
2021-04-23,2378.5
2021-04-26,2393.5
2021-04-27,2394.0
2021-04-28,2397.5
2021-04-29,2429.5
2021-04-30,2438.0
2021-05-04,2428.0
2021-05-05,2439.5
2021-05-06,2476.0
2021-05-07,2523.5
2021-05-10,2577.0
2021-05-11,2565.0
2021-05-12,2492.5
2021-05-13,2436.0
2021-05-14,2462.5
2021-05-17,2479.0
2021-05-18,2498.5
2021-05-19,2432.5
2021-05-20,2419.0
2021-05-21,2434.0
2021-05-24,2337.0
2021-05-25,2372.5
2021-05-26,2393.0
2021-05-27,2421.0
2021-05-28,2434.0
2021-06-01,2485.0
2021-06-02,2463.0
2021-06-03,2402.5
2021-06-04,2426.5
2021-06-07,2418.5
2021-06-08,2438.0
2021-06-09,2448.5
2021-06-10,2447.5
2021-06-11,2477.5
2021-06-14,2478.0
2021-06-15,2449.5
2021-06-16,2452.5
2021-06-17,2407.0
2021-06-18,2380.0
2021-06-21,2370.5
2021-06-22,2403.0
2021-06-23,2416.0
2021-06-24,2424.0
2021-06-25,2470.0
2021-06-28,2477.5
2021-06-29,2533.0
2021-06-30,2535.0
2021-07-01,2497.5
2021-07-02,2535.0
2021-07-05,2558.5
2021-07-06,2551.0
2021-07-07,2528.0
2021-07-08,2450.0
2021-07-09,2488.5
2021-07-12,2468.5
2021-07-13,2492.5
2021-07-14,2526.5
2021-07-15,2510.5
2021-07-16,2510.5
2021-07-19,2446.0
2021-07-20,2442.5
2021-07-21,2449.0
2021-07-22,2462.5
2021-07-23,2504.0
2021-07-26,2508.5
2021-07-27,2492.0
2021-07-28,2504.5
2021-07-29,2545.5
2021-07-30,2619.0
2021-08-02,2628.5
2021-08-03,2599.5
2021-08-04,2580.5
2021-08-05,2589.0
2021-08-06,2621.5
2021-08-09,2553.0
2021-08-10,2585.0
2021-08-11,2577.5
2021-08-12,2600.0
2021-08-13,2592.0
2021-08-16,2626.0
2021-08-17,2618.5
2021-08-18,2571.5
2021-08-19,2532.0
2021-08-20,2552.0
2021-08-23,2589.0
2021-08-24,2627.0
2021-08-25,2630.0
2021-08-26,2614.5
2021-08-27,2655.5
2021-08-31,2696.0
2021-09-01,2664.5
2021-09-02,2705.5
2021-09-03,2703.5
2021-09-06,2758.0
2021-09-07,2760.0
2021-09-08,2793.0
2021-09-09,2828.0
2021-09-10,2907.0
2021-09-13,2950.0
2021-09-14,2858.0
2021-09-15,2888.0
2021-09-16,2893.0
2021-09-17,2927.0
2021-09-20,2857.0
2021-09-21,2878.5
2021-09-22,2906.0
2021-09-23,2951.0
2021-09-24,2918.0
2021-09-27,2904.0
2021-09-28,2916.0
2021-09-29,2930.0
2021-09-30,2867.0
2021-10-01,2881.0
2021-10-04,2910.0
2021-10-05,2912.0
2021-10-06,2888.0
2021-10-07,2929.0
2021-10-08,2922.5
2021-10-11,3034.0
2021-10-12,3073.0
2021-10-13,3089.0
2021-10-14,3172.0
2021-10-15,3185.5
2021-10-18,3200.0
2021-10-19,3195.0
2021-10-20,3076.0
2021-10-21,3023.5
2021-10-22,2957.0
2021-10-25,2925.0
2021-10-26,2844.5
2021-10-27,2725.0
2021-10-28,2733.0
2021-10-29,2695.0
2021-11-01,2730.0
2021-11-02,2698.0
2021-11-03,2724.0
2021-11-04,2666.0
2021-11-05,2522.0
2021-11-08,2558.0
2021-11-09,2601.0
2021-11-10,2575.0
2021-11-11,2655.5
2021-11-12,2679.0
2021-11-15,2678.0
2021-11-16,2628.0
2021-11-17,2622.5
2021-11-18,2596.0
2021-11-19,2644.0
2021-11-22,2655.0
2021-11-23,2685.0
2021-11-24,2691.0
2021-11-25,2735.0
2021-11-26,2619.0
2021-11-29,2642.5
2021-11-30,2626.0
2021-12-01,2646.5
2021-12-02,2640.0
2021-12-03,2629.0
2021-12-06,2586.0
2021-12-07,2620.0
2021-12-08,2627.0
2021-12-09,2634.0
2021-12-10,2619.0
2021-12-13,2651.0
2021-12-14,2631.0
2021-12-15,2590.0
2021-12-16,2645.0
2021-12-17,2711.0
2021-12-20,2675.0
2021-12-21,2716.0
2021-12-22,2829.0
2021-12-23,2830.0
2021-12-24,2841.5
2021-12-29,2818.5
2021-12-30,2825.5
2021-12-31,2810.0
2022-01-04,2823.0
2022-01-05,2885.0
2022-01-06,2923.5
2022-01-07,2932.0
2022-01-10,2934.5
2022-01-11,2962.0
2022-01-12,3014.0
2022-01-13,2970.0
2022-01-14,2980.0
2022-01-17,2996.0
2022-01-18,3006.0
2022-01-19,3027.0
2022-01-20,3082.0
2022-01-21,3061.0
2022-01-24,3031.0
2022-01-25,3061.0
2022-01-26,3080.0
2022-01-27,3096.0
2022-01-28,3085.5
2022-01-31,3052.0
2022-02-01,3049.0
2022-02-02,3028.0
2022-02-03,3035.0
2022-02-04,3065.0
2022-02-07,3111.0
2022-02-08,3195.5
2022-02-09,3225.5
2022-02-10,3287.0
2022-02-11,3180.0
2022-02-14,3232.0
2022-02-15,3195.0
2022-02-16,3242.0
2022-02-17,3241.0
2022-02-18,3265.0
2022-02-21,3270.0
2022-02-22,3366.5
2022-02-23,3290.0
2022-02-24,3445.0
2022-02-25,3314.0
2022-02-28,3447.0
2022-03-01,3464.0
2022-03-02,3570.0
2022-03-03,3704.0
2022-03-04,3820.0
2022-03-07,3968.0
2022-03-08,3516.0
2022-03-09,3535.0
2022-03-10,3531.0
2022-03-11,3500.0
2022-03-14,3411.0
2022-03-15,3254.0
2022-03-16,3327.0
2022-03-17,3317.0
2022-03-18,3400.0
2022-03-21,3525.0
2022-03-22,3550.5
2022-03-23,3560.0
2022-03-24,3675.5
2022-03-25,3590.5
2022-03-28,3616.0
2022-03-29,3608.0
2022-03-30,3527.0
2022-03-31,3518.0
2022-04-01,3499.0
2022-04-04,3461.0
2022-04-05,3441.0
2022-04-06,3467.0
2022-04-07,3374.0
2022-04-08,3423.0
2022-04-11,3251.0
2022-04-12,3245.0
2022-04-13,3238.5
2022-04-14,3266.0
2022-04-19,3326.0
2022-04-20,3250.0
2022-04-21,3276.0
2022-04-22,3261.0
2022-04-25,3105.0
2022-04-26,3118.0
2022-04-27,3117.0
2022-04-28,3083.5
2022-04-29,3044.0
2022-05-03,2945.0
2022-05-04,2962.5
2022-05-05,2947.0
2022-05-06,2870.0
2022-05-09,2750.0
2022-05-10,2715.0
2022-05-11,2772.0
2022-05-12,2723.0
2022-05-13,2750.0
2022-05-16,2822.0
2022-05-17,2858.0
2022-05-18,2875.0
2022-05-19,2840.0
2022-05-20,2935.0
2022-05-23,2975.0
2022-05-24,2908.0
2022-05-25,2858.0
2022-05-26,2857.0
2022-05-27,2847.0
2022-05-30,2891.0
2022-05-31,2850.0
2022-06-01,2730.0
2022-06-06,2774.0
2022-06-07,2745.0
2022-06-08,2798.0
2022-06-09,2786.0
2022-06-10,2710.0
2022-06-13,2606.0
2022-06-14,2611.0
2022-06-15,2594.5
2022-06-16,2525.0
2022-06-17,2502.0
2022-06-20,2481.0
2022-06-21,2532.0
2022-06-22,2470.0
2022-06-23,2494.0
2022-06-24,2450.5
2022-06-27,2480.0
2022-06-28,2520.0
2022-06-29,2470.5
2022-06-30,2421.0
2022-07-01,2400.0
2022-07-04,2452.0
2022-07-05,2387.5
2022-07-06,2380.0
2022-07-07,2435.0
2022-07-08,2414.5
2022-07-11,2423.0
2022-07-12,2370.5
2022-07-13,2355.5
2022-07-14,2340.0
2022-07-15,2336.0
2022-07-18,2392.0
2022-07-19,2420.5
2022-07-20,2448.0
2022-07-21,2425.0
2022-07-22,2457.5
2022-07-25,2432.0
2022-07-26,2427.0
2022-07-27,2386.5
2022-07-28,2446.0
2022-07-29,2438.0
2022-08-01,2448.0
2022-08-02,2437.0
2022-08-03,2401.0
2022-08-04,2373.0
2022-08-05,2441.0
2022-08-08,2434.0
2022-08-09,2473.5
2022-08-10,2449.0
2022-08-11,2493.0
2022-08-12,2466.0
2022-08-15,2385.0
2022-08-16,2443.0
2022-08-17,2413.0
2022-08-18,2414.0
2022-08-19,2373.5
2022-08-22,2380.5
2022-08-23,2417.0
2022-08-24,2414.0
2022-08-25,2427.5
2022-08-26,2485.5
2022-08-30,2405.0
2022-08-31,2357.0
2022-09-01,2301.5
2022-09-02,2301.0
2022-09-05,2290.0
2022-09-06,2263.0
2022-09-07,2238.0
2022-09-08,2268.0
2022-09-09,2290.0
2022-09-12,2309.5
2022-09-13,2326.5
2022-09-14,2244.0
2022-09-15,2282.0
2022-09-16,2267.0
2022-09-19,2247.0
2022-09-20,2266.0
2022-09-21,2218.0
2022-09-22,2215.5
2022-09-23,2172.0
2022-09-26,2145.5
2022-09-27,2130.0
2022-09-28,2103.0
2022-09-29,2273.0
2022-09-30,2197.0
2022-10-03,2169.0
2022-10-04,2272.0
2022-10-05,2299.0
2022-10-06,2360.0
2022-10-07,2345.5
2022-10-10,2278.0
2022-10-11,2215.5
2022-10-12,2220.0
2022-10-13,2360.5
2022-10-14,2303.0
2022-10-17,2240.5
2022-10-18,2216.5
2022-10-19,2181.0
2022-10-20,2228.0
2022-10-21,2175.5
2022-10-24,2179.0
2022-10-25,2192.0
2022-10-26,2262.0
2022-10-27,2302.0
2022-10-28,2236.0
2022-10-31,2207.0
2022-11-01,2254.0
2022-11-02,2238.5
2022-11-03,2242.0
2022-11-04,2318.0
2022-11-07,2302.0
2022-11-08,2339.5
2022-11-09,2355.0
2022-11-10,2285.0
2022-11-11,2426.0
2022-11-14,2418.0
2022-11-15,2445.0
2022-11-16,2420.0
2022-11-17,2371.0
2022-11-18,2400.0
2022-11-21,2368.0
2022-11-22,2419.0
2022-11-23,2391.0
2022-11-24,2375.0
2022-11-25,2381.0
2022-11-28,2353.5
2022-11-29,2382.0
2022-11-30,2419.0
2022-12-01,2460.5
2022-12-02,2479.0
2022-12-05,2517.0
2022-12-06,2490.5
2022-12-07,2477.0
2022-12-08,2498.0
2022-12-09,2488.0
2022-12-12,2430.0
2022-12-13,2428.0
2022-12-14,2428.0
2022-12-15,2430.0
2022-12-16,2398.0
2022-12-19,2364.0
2022-12-20,2371.0
2022-12-21,2392.0
2022-12-22,2397.0
2022-12-23,2373.0
2022-12-28,2378.0
2022-12-29,2399.0
2022-12-30,2392.0
2023-01-03,2369.0
2023-01-04,2287.0
2023-01-05,2304.0
2023-01-06,2275.0
2023-01-09,2370.0
2023-01-10,2432.0
2023-01-11,2487.0
2023-01-12,2476.0
2023-01-13,2546.0
2023-01-16,2624.0
2023-01-17,2587.0
2023-01-18,2662.0
2023-01-19,2571.0
2023-01-20,2614.0
2023-01-23,2619.5
2023-01-24,2627.0
2023-01-25,2638.5
2023-01-26,2642.0
2023-01-27,2638.0
2023-01-30,2615.0
2023-01-31,2574.0
2023-02-01,2644.0
2023-02-02,2609.0
2023-02-03,2594.0
2023-02-06,2527.0
2023-02-07,2514.0
2023-02-08,2508.0
2023-02-09,2467.0
2023-02-10,2466.0
2023-02-13,2424.0
2023-02-14,2420.0
2023-02-15,2393.0
2023-02-16,2382.0
2023-02-17,2374.0
2023-02-20,2430.0
2023-02-21,2472.0
2023-02-22,2429.0
2023-02-23,2408.0
2023-02-24,2356.0
2023-02-27,2360.0
2023-02-28,2346.0
2023-03-01,2406.5
2023-03-02,2411.0
2023-03-03,2404.0
2023-03-06,2368.0
2023-03-07,2360.0
2023-03-08,2336.0
2023-03-09,2335.5
2023-03-10,2297.5
2023-03-13,2287.0
2023-03-14,2321.0
2023-03-15,2295.5
2023-03-16,2287.0
2023-03-17,2280.0
2023-03-20,2283.0
2023-03-21,2286.0
2023-03-22,2282.5
2023-03-23,2313.5
2023-03-24,2313.0
2023-03-27,2340.5
2023-03-28,2361.0
2023-03-29,2410.0
2023-03-30,2388.0
2023-03-31,2375.5
2023-04-03,2430.0
2023-04-04,2394.0
2023-04-05,2354.0
2023-04-06,2340.5
2023-04-11,2308.0
2023-04-12,2302.0
2023-04-13,2365.0
2023-04-14,2388.0
2023-04-17,2371.0
2023-04-18,2423.0
2023-04-19,2402.0
2023-04-20,2431.0
2023-04-21,2400.0
2023-04-24,2373.0
2023-04-25,2332.0
2023-04-26,2356.0
2023-04-27,2310.0
2023-04-28,2344.0
2023-05-02,2355.0
2023-05-03,2343.0
2023-05-04,2308.0
2023-05-05,2292.0
2023-05-09,2327.0
2023-05-10,2281.0
2023-05-11,2237.0
2023-05-12,2237.0
2023-05-15,2268.0
2023-05-16,2242.5
2023-05-17,2273.5
2023-05-18,2304.0
2023-05-19,2297.0
2023-05-22,2262.0
2023-05-23,2227.0
2023-05-24,2229.0
2023-05-25,2226.0
2023-05-26,2238.0
2023-05-30,2225.0
2023-05-31,2221.5
2023-06-01,2253.0
2023-06-02,2289.5
2023-06-05,2255.0
2023-06-06,2219.0
2023-06-07,2215.0
2023-06-08,2227.0
2023-06-09,2266.0
2023-06-12,2234.0
2023-06-13,2236.0
2023-06-14,2243.0
2023-06-15,2237.0
2023-06-16,2270.0
2023-06-19,2245.0
2023-06-20,2229.0
2023-06-21,2205.0
2023-06-22,2234.0
2023-06-23,2175.0
2023-06-26,2155.0
2023-06-27,2191.5
2023-06-28,2183.5
2023-06-29,2152.0
2023-06-30,2141.5
2023-07-03,2147.0
2023-07-04,2156.5
2023-07-05,2147.0
2023-07-06,2150.0
2023-07-07,2131.0
2023-07-10,2147.0
2023-07-11,2179.5
2023-07-12,2186.0
2023-07-13,2279.0
2023-07-14,2269.0
2023-07-17,2245.0
2023-07-18,2216.0
2023-07-19,2186.5
2023-07-20,2220.0
2023-07-21,2197.5
2023-07-24,2193.0
2023-07-25,2226.5
2023-07-26,2215.0
2023-07-27,2220.0
2023-07-28,2203.0
2023-07-31,2242.0
2023-08-01,2262.0
2023-08-02,2227.0
2023-08-03,2195.0
2023-08-04,2211.0
2023-08-07,2230.0
2023-08-08,2195.0
2023-08-09,2205.0
2023-08-10,2213.0
2023-08-11,2178.0
2023-08-14,2146.5
2023-08-15,2140.0
2023-08-16,2144.0
2023-08-17,2171.5
2023-08-18,2139.0
2023-08-21,2123.0
2023-08-22,2174.0
2023-08-23,2180.0
2023-08-24,2163.0
2023-08-25,2160.5
2023-08-29,2160.0
2023-08-30,2179.5
2023-08-31,2204.0
2023-09-01,2234.0
2023-09-04,2197.0
2023-09-05,2188.5
2023-09-06,2206.0
2023-09-07,2180.0
2023-09-08,2181.0
2023-09-11,2195.0
2023-09-12,2199.0
2023-09-13,2197.0
2023-09-14,2235.0
2023-09-15,2197.0
2023-09-18,2206.0
2023-09-19,2215.5
2023-09-20,2247.0
2023-09-21,2212.0
2023-09-22,2240.0
2023-09-25,2225.0
2023-09-26,2238.5
2023-09-27,2226.0
2023-09-28,2265.0
2023-09-29,2342.0
2023-10-02,2317.0
2023-10-03,2294.0
2023-10-04,2271.0
2023-10-05,2233.0
2023-10-06,2239.0
2023-10-09,2229.0
2023-10-10,2230.0
2023-10-11,2215.0
2023-10-12,2208.0
2023-10-13,2201.0
2023-10-16,2191.5
2023-10-17,2170.5
2023-10-18,2185.5
2023-10-19,2177.0
2023-10-20,2178.0
2023-10-23,2174.0
2023-10-24,2172.0
2023-10-25,2209.0
2023-10-26,2216.0
2023-10-27,2192.0
2023-10-30,2258.0
2023-10-31,2247.0
2023-11-01,2241.5
2023-11-02,2238.0
2023-11-03,2242.0
2023-11-06,2279.0
2023-11-07,2264.0
2023-11-08,2274.0
2023-11-09,2236.5
2023-11-10,2221.0
2023-11-13,2224.0
2023-11-14,2218.5
2023-11-15,2233.0
2023-11-16,2220.0
2023-11-17,2203.5
2023-11-20,2228.5
2023-11-21,2240.0
2023-11-22,2237.5
2023-11-23,2221.0
2023-11-24,2217.0
2023-11-27,2221.5
2023-11-28,2209.0
2023-11-29,2218.5
2023-11-30,2198.0
2023-12-01,2185.0
2023-12-04,2188.5
2023-12-05,2162.5
2023-12-06,2157.0
2023-12-07,2140.0
2023-12-08,2150.5
2023-12-11,2127.0
2023-12-12,2136.5
2023-12-13,2124.0
2023-12-14,2181.0
2023-12-15,2249.0
2023-12-18,2262.0
2023-12-19,2272.5
2023-12-20,2243.5
2023-12-21,2233.0
2023-12-22,2280.0
2023-12-27,2346.0
2023-12-28,2367.0
2023-12-29,2382.0
2024-01-02,2379.0
2024-01-03,2302.0
2024-01-04,2287.0
2024-01-05,2263.0
2024-01-08,2253.0
2024-01-09,2247.0
2024-01-10,2245.0
2024-01-11,2245.0
2024-01-12,2223.5
2024-01-15,2205.0
2024-01-16,2207.0
2024-01-17,2189.5
2024-01-18,2176.0
2024-01-19,2164.5
2024-01-22,2154.0
2024-01-23,2185.5
2024-01-24,2244.0
2024-01-25,2230.0
2024-01-26,2250.0
2024-01-29,2251.0
2024-01-30,2265.0
2024-01-31,2270.5
2024-02-01,2251.0
2024-02-02,2246.0
2024-02-05,2219.5
2024-02-06,2221.0
2024-02-07,2230.0
2024-02-08,2238.0
2024-02-09,2213.0
2024-02-12,2216.0
2024-02-13,2234.0
2024-02-14,2223.0
2024-02-15,2226.0
2024-02-16,2232.0
2024-02-19,2203.5
2024-02-20,2183.5
2024-02-21,2254.0
2024-02-22,2223.5
2024-02-23,2197.0
2024-02-26,2185.5
2024-02-27,2198.5
2024-02-28,2181.0
2024-02-29,2207.0
2024-03-01,2222.0
2024-03-04,2226.0
2024-03-05,2234.0
2024-03-06,2231.0
2024-03-07,2255.5
2024-03-08,2257.0
2024-03-11,2243.0
2024-03-12,2263.0
2024-03-13,2270.0
2024-03-14,2255.0
2024-03-15,2271.5
2024-03-18,2272.5
2024-03-19,2255.0
2024-03-20,2283.0
2024-03-21,2312.0
2024-03-22,2295.0
2024-03-25,2319.0
2024-03-26,2324.5
2024-03-27,2287.0
2024-03-28,2311.0
2024-04-02,2363.0
2024-04-03,2380.0
2024-04-04,2440.0
2024-04-05,2433.0
2024-04-08,2462.0
2024-04-09,2454.5
2024-04-10,2485.0
2024-04-11,2460.0
2024-04-12,2496.0
2024-04-15,2548.0
2024-04-16,2535.0
2024-04-17,2565.0
2024-04-18,2592.0
2024-04-19,2655.0
2024-04-22,2660.5
2024-04-23,2585.5
2024-04-24,2598.5
2024-04-25,2610.0
2024-04-26,2587.0
2024-04-29,2568.0
2024-04-30,2576.5
2024-05-01,2570.0
2024-05-02,2553.5
2024-05-03,2545.5
2024-05-07,2558.5
2024-05-08,2530.0
2024-05-09,2541.0
2024-05-10,2554.0
2024-05-13,2550.0
2024-05-14,2538.0
2024-05-15,2577.0
2024-05-16,2594.5
2024-05-17,2598.0
2024-05-20,2622.5
2024-05-21,2704.0
2024-05-22,2673.0
2024-05-23,2602.5
2024-05-24,2650.0
2024-05-28,2704.0
2024-05-29,2741.0
2024-05-30,2710.5
2024-05-31,2712.5
2024-06-03,2670.0
2024-06-04,2643.0
2024-06-05,2624.0
2024-06-06,2644.0
2024-06-07,2629.0
2024-06-10,2575.0
2024-06-11,2534.0
2024-06-12,2530.0
2024-06-13,2557.5
2024-06-14,2530.0
2024-06-17,2487.0
2024-06-18,2483.0
2024-06-19,2503.0
2024-06-20,2509.0
2024-06-21,2504.0
2024-06-24,2506.0
2024-06-25,2499.0
2024-06-26,2494.0
2024-06-27,2502.5
2024-06-28,2526.0
2024-07-01,2532.5
2024-07-02,2531.0
2024-07-03,2536.5
2024-07-04,2541.0
2024-07-05,2545.0
2024-07-08,2532.0
2024-07-09,2525.5
2024-07-10,2489.5
2024-07-11,2490.5
2024-07-12,2484.0
2024-07-15,2468.0
2024-07-16,2436.5
2024-07-17,2418.5
2024-07-18,2397.0
2024-07-19,2368.0
2024-07-22,2316.5
2024-07-23,2316.0
2024-07-24,2313.0
2024-07-25,2276.0
2024-07-26,2289.0
2024-07-29,2263.5
2024-07-30,2225.0
2024-07-31,2297.0
2024-08-01,2287.0
2024-08-02,2272.5
2024-08-05,2226.5
2024-08-06,2268.0
2024-08-07,2263.0
2024-08-08,2260.0
2024-08-09,2318.5
2024-08-12,2321.0
2024-08-13,2309.0
2024-08-14,2349.0
2024-08-15,2350.0
2024-08-16,2342.5
2024-08-19,2411.0
2024-08-20,2466.5
2024-08-21,2477.5
2024-08-22,2492.5
2024-08-23,2509.0
2024-08-27,2537.0
2024-08-28,2502.0
2024-08-29,2466.0
2024-08-30,2486.0
2024-09-02,2415.5
2024-09-03,2405.0
2024-09-04,2388.0
2024-09-05,2382.0
2024-09-06,2388.5
2024-09-09,2333.5
2024-09-10,2344.0
2024-09-11,2365.0
2024-09-12,2410.0
2024-09-13,2421.5
2024-09-16,2518.5
2024-09-17,2521.0
2024-09-18,2528.0
2024-09-19,2538.0
2024-09-20,2504.5
2024-09-23,2472.0
2024-09-24,2559.0
2024-09-25,2528.0
2024-09-26,2576.0
2024-09-27,2624.0
2024-09-30,2618.0
2024-10-01,2630.5
2024-10-02,2635.0
2024-10-03,2643.5
2024-10-04,2665.5
2024-10-07,2655.5
2024-10-08,2585.5
2024-10-09,2541.0
2024-10-10,2558.0
2024-10-11,2653.5
2024-10-14,2602.0
2024-10-15,2558.5
2024-10-16,2592.0
2024-10-17,2564.0
2024-10-18,2588.0
2024-10-21,2617.5
2024-10-22,2632.5
2024-10-23,2647.0
2024-10-24,2677.0
2024-10-25,2630.5
2024-10-28,2647.0
2024-10-29,2653.0
2024-10-30,2654.0
2024-10-31,2644.0
2024-11-01,2642.5
2024-11-04,2609.0
2024-11-05,2640.0
2024-11-06,2589.0
2024-11-07,2682.0
2024-11-08,2636.0
2024-11-11,2598.0
2024-11-12,2565.0
2024-11-13,2549.5
2024-11-14,2526.0
2024-11-15,2672.0
2024-11-18,2588.0
2024-11-19,2608.0
2024-11-20,2672.5
2024-11-21,2625.5
2024-11-22,2615.0
2024-11-25,2643.5
2024-11-26,2621.0
2024-11-27,2606.5
2024-11-28,2582.0
2024-11-29,2586.0
2024-12-02,2587.0
2024-12-03,2601.5
2024-12-04,2615.0
2024-12-05,2644.0
2024-12-06,2592.5
2024-12-09,2596.5
2024-12-10,2587.0
2024-12-11,2595.0
2024-12-12,2604.5
2024-12-13,2606.5
2024-12-16,2584.0
2024-12-17,2533.5
2024-12-18,2527.0
2024-12-19,2512.0
2024-12-20,2525.0
2024-12-23,2543.0
2024-12-24,2570.5
2024-12-27,2545.0
2024-12-30,2551.0
2024-12-31,2540.5
2025-01-02,2561.0
2025-01-03,2505.0
2025-01-06,2511.0
2025-01-07,2513.0
2025-01-08,2501.5
2025-01-09,2533.0
2025-01-10,2577.0
2025-01-13,2588.0
2025-01-14,2572.5
2025-01-15,2579.0
2025-01-16,2637.5
2025-01-17,2666.0
2025-01-20,2682.5
2025-01-21,2650.5
2025-01-22,2627.0
2025-01-23,2616.0
2025-01-24,2644.5
2025-01-27,2621.5
2025-01-28,2581.0
2025-01-29,2597.0
2025-01-30,2621.0
2025-01-31,2598.0
2025-02-03,2580.0
2025-02-04,2622.0
2025-02-05,2607.0
2025-02-06,2630.0
2025-02-07,2634.5
2025-02-10,2636.0
2025-02-11,2640.5
2025-02-12,2618.5
2025-02-13,2612.5
2025-02-14,2645.0
2025-02-17,2627.0
2025-02-18,2639.0
2025-02-19,2692.5
2025-02-20,2715.0
2025-02-21,2694.0
2025-02-24,2663.0
2025-02-25,2642.5
2025-02-26,2650.5
2025-02-27,2643.0
2025-02-28,2618.5
2025-03-03,2614.0
2025-03-04,2619.5
2025-03-05,2642.0
2025-03-06,2698.0
2025-03-07,2682.5
2025-03-10,2696.0
2025-03-11,2705.5
2025-03-12,2721.0
2025-03-13,2676.0
2025-03-14,2689.0
2025-03-17,2694.0
2025-03-18,2670.0
2025-03-19,2677.0
2025-03-20,2671.0
2025-03-21,2636.0
2025-03-24,2628.5
2025-03-25,2614.5
2025-03-26,2617.0
2025-03-27,2575.5
2025-03-28,2562.5
2025-03-31,2541.0
2025-04-01,2515.0
2025-04-02,2500.0
2025-04-03,2464.0
2025-04-04,2394.0
2025-04-07,2380.0
2025-04-08,2405.0
2025-04-09,2327.0
2025-04-10,2388.0
2025-04-11,2405.0
2025-04-14,2399.0
2025-04-15,2375.0
2025-04-16,2370.0
2025-04-17,2367.0
2025-04-22,2391.5
2025-04-23,2422.0
2025-04-24,2442.0
2025-04-25,2444.0
2025-04-28,2432.0
2025-04-29,2464.0
2025-04-30,2432.0
2025-05-01,2405.0
2025-05-02,2424.0
2025-05-06,2424.0
2025-05-07,2391.0
2025-05-08,2389.0
2025-05-09,2413.0
2025-05-12,2480.0
2025-05-13,2472.0
2025-05-14,2526.0
2025-05-15,2482.5
2025-05-16,2469.0
2025-05-19,2452.5
2025-05-20,2460.0
2025-05-21,2469.0
2025-05-22,2459.0
2025-05-23,2448.0
2025-05-27,2472.0
2025-05-28,2480.0
2025-05-29,2468.0
2025-05-30,2448.0
2025-06-02,2452.0
2025-06-03,2449.0
2025-06-04,2476.0
2025-06-05,2480.0
2025-06-06,2441.0
2025-06-09,2472.0
2025-06-10,2476.5
2025-06-11,2510.0
2025-06-12,2511.5
2025-06-13,2487.0
2025-06-16,2507.0
2025-06-17,2530.0
2025-06-18,2544.0
2025-06-19,2527.0
2025-06-20,2529.5
2025-06-23,2584.5
2025-06-24,2569.0
2025-06-25,2562.5
2025-06-26,2575.0
2025-06-27,2580.5
2025-06-30,2591.5
2025-07-01,2605.5
2025-07-02,2598.0
2025-07-03,2609.0
2025-07-04,2591.0
2025-07-07,2564.5
2025-07-08,2585.5
2025-07-09,2580.0
2025-07-10,2611.0
2025-07-11,2593.0
2025-07-14,2585.0
2025-07-15,2596.0
2025-07-16,2567.0
2025-07-17,2561.0
2025-07-18,2596.0
2025-07-21,2646.0
2025-07-22,2640.0
2025-07-23,2647.0
2025-07-24,2648.5
2025-07-25,2656.0
2025-07-28,2632.0
2025-07-29,2608.0
2025-07-30,2615.0
2025-07-31,2581.5
2025-08-01,2547.0
2025-08-04,2570.0
2025-08-05,2568.0
2025-08-06,2591.5
2025-08-07,2619.0
2025-08-08,2610.5
2025-08-11,2591.5
2025-08-12,2610.5
2025-08-13,2630.0
2025-08-14,2608.5
2025-08-15,2602.0
2025-08-18,2583.0
2025-08-19,2574.0
2025-08-20,2568.0
2025-08-21,2571.5
2025-08-22,2587.5
2025-08-26,2609.0
2025-08-27,2616.5
2025-08-28,2610.0
2025-08-29,2615.5
2025-09-01,2610.0
2025-09-02,2612.0
2025-09-03,2614.5
2025-09-04,2602.0
2025-09-05,2613.0
2025-09-08,2612.0
2025-09-09,2617.0
2025-09-10,2622.0
2025-09-11,2650.0
2025-09-12,2695.5
2025-09-15,2695.0
2025-09-16,2717.5
2025-09-17,2683.5
2025-09-18,2685.0
2025-09-19,2684.0
2025-09-22,2664.0
2025-09-23,2640.0
2025-09-24,2625.0
2025-09-25,2665.5
2025-09-26,2648.0
2025-09-29,2675.5
2025-09-30,2678.0
2025-10-01,2688.5
2025-10-02,2705.0
2025-10-03,2705.0
2025-10-06,2716.0
2025-10-07,2718.0
2025-10-08,2753.0
2025-10-09,2781.0
2025-10-10,2787.0
2025-10-13,2752.5
2025-10-14,2732.0
2025-10-15,2748.5
2025-10-16,2755.5
2025-10-17,2776.0
2025-10-20,2766.0
2025-10-21,2783.0
2025-10-22,2812.5
2025-10-23,2842.0
2025-10-24,2852.0
2025-10-27,2877.0
2025-10-28,2861.0
2025-10-29,2892.0
2025-10-30,2846.0
2025-10-31,2882.0
2025-11-03,2907.0
2025-11-04,2861.5
2025-11-05,2846.5
2025-11-06,2872.0
2025-11-07,2851.5
2025-11-10,2883.0
2025-11-11,2866.0
2025-11-12,2889.0
2025-11-13,2900.0
2025-11-14,2857.0
