Date,Cash
2008-01-02,6666.0
2008-01-03,6765.0
2008-01-04,6990.5
2008-01-07,6915.5
2008-01-08,7106.0
2008-01-09,7351.0
2008-01-10,7120.5
2008-01-11,7196.0
2008-01-14,7361.0
2008-01-15,7225.5
2008-01-16,7020.0
2008-01-17,7121.5
2008-01-18,7062.0
2008-01-21,6910.0
2008-01-22,6920.0
2008-01-23,7000.5
2008-01-24,7092.0
2008-01-25,7120.0
2008-01-28,6893.0
2008-01-29,7171.0
2008-01-30,7165.0
2008-01-31,7170.5
2008-02-01,7345.0
2008-02-04,7295.0
2008-02-05,7202.0
2008-02-06,7181.0
2008-02-07,7350.0
2008-02-08,7612.0
2008-02-11,7820.5
2008-02-12,7805.0
2008-02-13,7680.5
2008-02-14,7776.0
2008-02-15,7801.0
2008-02-18,7945.0
2008-02-19,8080.0
2008-02-20,8101.0
2008-02-21,8281.0
2008-02-22,8322.0
2008-02-25,8247.0
2008-02-26,8271.0
2008-02-27,8516.0
2008-02-28,8470.0
2008-02-29,8540.5
2008-03-03,8565.0
2008-03-04,8685.0
2008-03-05,8416.0
2008-03-06,8881.0
2008-03-07,8660.0
2008-03-10,8400.5
2008-03-11,8560.5
2008-03-12,8356.0
2008-03-13,8550.0
2008-03-14,8611.0
2008-03-17,8360.0
2008-03-18,8285.0
2008-03-19,8210.5
2008-03-20,7789.0
2008-03-25,8240.0
2008-03-26,8260.0
2008-03-27,8457.0
2008-03-28,8540.0
2008-03-31,8520.0
2008-04-01,8325.5
2008-04-02,8464.0
2008-04-03,8591.0
2008-04-04,8645.0
2008-04-07,8740.0
2008-04-08,8682.0
2008-04-09,8650.0
2008-04-10,8884.5
2008-04-11,8810.0
2008-04-14,8679.5
2008-04-15,8720.0
2008-04-16,8736.5
2008-04-17,8861.5
2008-04-18,8630.0
2008-04-21,8641.5
2008-04-22,8770.0
2008-04-23,8796.0
2008-04-24,8700.5
2008-04-25,8600.0
2008-04-28,8746.0
2008-04-29,8740.0
2008-04-30,8655.0
2008-05-01,8686.0
2008-05-02,8390.0
2008-05-06,8622.0
2008-05-07,8641.0
2008-05-08,8460.0
2008-05-09,8400.0
2008-05-12,8276.0
2008-05-13,8410.0
2008-05-14,8180.0
2008-05-15,8360.0
2008-05-16,8470.0
2008-05-19,8540.0
2008-05-20,8360.0
2008-05-21,8395.0
2008-05-22,8420.0
2008-05-23,8278.0
2008-05-27,8376.0
2008-05-28,8176.0
2008-05-29,8110.0
2008-05-30,8105.0
2008-06-02,7980.0
2008-06-03,8060.0
2008-06-04,8006.0
2008-06-05,7921.0
2008-06-06,8106.0
2008-06-09,8092.5
2008-06-10,8050.0
2008-06-11,7989.0
2008-06-12,7955.0
2008-06-13,8025.0
2008-06-16,8255.0
2008-06-17,8181.0
2008-06-18,8296.0
2008-06-19,8385.5
2008-06-20,8590.0
2008-06-23,8540.5
2008-06-24,8491.5
2008-06-25,8542.0
2008-06-26,8551.0
2008-06-27,8680.0
2008-06-30,8775.5
2008-07-01,8711.0
2008-07-02,8750.5
2008-07-03,8985.0
2008-07-04,8661.0
2008-07-07,8565.0
2008-07-08,8540.0
2008-07-09,8355.0
2008-07-10,8423.0
2008-07-11,8499.0
2008-07-14,8480.0
2008-07-15,8475.5
2008-07-16,8291.0
2008-07-17,8301.0
2008-07-18,8324.0
2008-07-21,8390.0
2008-07-22,8441.0
2008-07-23,8310.0
2008-07-24,8259.5
2008-07-25,8160.0
2008-07-28,8190.0
2008-07-29,8096.0
2008-07-30,8055.0
2008-07-31,8260.5
2008-08-01,8096.0
2008-08-04,7905.0
2008-08-05,7809.5
2008-08-06,7871.0
2008-08-07,7826.0
2008-08-08,7550.0
2008-08-11,7460.5
2008-08-12,7261.0
2008-08-13,7318.0
2008-08-14,7640.0
2008-08-15,7310.0
2008-08-18,7432.0
2008-08-19,7477.0
2008-08-20,7670.0
2008-08-21,7842.0
2008-08-22,7861.0
2008-08-26,7581.0
2008-08-27,7626.0
2008-08-28,7648.0
2008-08-29,7510.0
2008-09-01,7371.0
2008-09-02,7225.0
2008-09-03,7360.0
2008-09-04,7420.0
2008-09-05,7075.0
2008-09-08,6990.0
2008-09-09,6926.0
2008-09-10,6861.0
2008-09-11,6900.0
2008-09-12,7096.0
2008-09-15,6879.0
2008-09-16,6841.0
2008-09-17,6932.0
2008-09-18,6932.0
2008-09-19,6900.0
2008-09-22,7166.0
2008-09-23,7090.0
2008-09-24,6995.0
2008-09-25,6905.0
2008-09-26,6926.0
2008-09-29,6590.0
2008-09-30,6419.0
2008-10-01,6379.0
2008-10-02,6221.0
2008-10-03,5960.0
2008-10-06,5706.0
2008-10-07,5739.0
2008-10-08,5505.0
2008-10-09,5402.0
2008-10-10,5000.0
2008-10-13,5031.0
2008-10-14,5555.0
2008-10-15,5126.0
2008-10-16,4880.0
2008-10-17,4701.0
2008-10-20,4875.5
2008-10-21,4490.0
2008-10-22,4286.0
2008-10-23,3986.0
2008-10-24,3721.0
2008-10-27,3686.0
2008-10-28,4129.0
2008-10-29,4420.5
2008-10-30,4497.0
2008-10-31,3995.0
2008-11-03,3960.0
2008-11-04,4231.0
2008-11-05,4071.0
2008-11-06,3890.0
2008-11-07,3761.0
2008-11-08,3761.0
2008-11-10,4005.0
2008-11-11,3690.5
2008-11-12,3592.0
2008-11-13,3591.0
2008-11-14,3722.0
2008-11-17,3580.5
2008-11-18,3511.0
2008-11-19,3565.0
2008-11-20,3430.5
2008-11-21,3470.5
2008-11-24,3715.5
2008-11-25,3565.5
2008-11-26,3742.0
2008-11-27,3665.0
2008-11-28,3581.0
2008-12-01,3595.5
2008-12-02,3530.5
2008-12-03,3423.0
2008-12-04,3360.5
2008-12-05,3050.5
2008-12-08,3141.0
2008-12-09,3120.0
2008-12-10,3180.5
2008-12-11,3232.5
2008-12-12,2982.0
2008-12-15,3075.5
2008-12-16,3020.5
2008-12-17,3000.0
2008-12-18,2885.5
2008-12-19,2826.0
2008-12-22,2910.5
2008-12-23,2850.5
2008-12-24,2770.0
2008-12-29,2843.0
2008-12-30,2812.0
2008-12-31,2902.0
2009-01-02,3071.0
2009-01-05,3101.5
2009-01-06,3332.0
2009-01-07,3390.5
2009-01-08,3170.5
2009-01-09,3280.0
2009-01-12,3171.5
2009-01-13,3139.0
2009-01-14,3274.0
2009-01-15,3210.5
2009-01-16,3343.0
2009-01-19,3321.0
2009-01-20,3275.5
2009-01-21,3211.0
2009-01-22,3155.0
2009-01-23,3050.5
2009-01-26,3281.0
2009-01-27,3330.5
2009-01-28,3295.0
2009-01-29,3125.5
2009-01-30,3106.0
2009-02-02,3145.5
2009-02-03,3201.0
2009-02-04,3320.0
2009-02-05,3350.5
2009-02-06,3440.5
2009-02-09,3527.0
2009-02-10,3461.0
2009-02-11,3377.0
2009-02-12,3350.5
2009-02-13,3407.0
2009-02-16,3271.5
2009-02-17,3271.0
2009-02-18,3151.5
2009-02-19,3291.0
2009-02-20,3150.0
2009-02-23,3205.5
2009-02-24,3190.5
2009-02-25,3350.5
2009-02-26,3443.0
2009-02-27,3390.0
2009-03-02,3330.0
2009-03-03,3480.0
2009-03-04,3545.0
2009-03-05,3640.5
2009-03-06,3693.0
2009-03-09,3567.0
2009-03-10,3667.5
2009-03-11,3636.0
2009-03-12,3494.0
2009-03-13,3671.0
2009-03-16,3690.0
2009-03-17,3761.0
2009-03-18,3740.0
2009-03-19,3930.0
2009-03-20,3911.0
2009-03-23,4006.5
2009-03-24,3911.0
2009-03-25,3890.0
2009-03-26,4078.0
2009-03-27,3946.0
2009-03-30,3872.0
2009-03-31,4035.0
2009-04-01,3963.5
2009-04-02,4110.5
2009-04-03,4130.0
2009-04-06,4330.5
2009-04-07,4309.0
2009-04-08,4305.0
2009-04-09,4465.0
2009-04-14,4582.0
2009-04-15,4750.0
2009-04-16,4766.0
2009-04-17,4725.0
2009-04-20,4636.0
2009-04-21,4402.5
2009-04-22,4447.0
2009-04-23,4541.0
2009-04-24,4362.0
2009-04-27,4305.5
2009-04-28,4185.0
2009-04-29,4300.5
2009-04-30,4515.0
2009-05-01,4501.0
2009-05-05,4640.0
2009-05-06,4591.0
2009-05-07,4760.0
2009-05-08,4752.0
2009-05-11,4527.0
2009-05-12,4626.0
2009-05-13,4508.0
2009-05-14,4309.0
2009-05-15,4348.0
2009-05-18,4400.0
2009-05-19,4601.0
2009-05-20,4539.0
2009-05-21,4504.0
2009-05-22,4586.0
2009-05-26,4538.0
2009-05-27,4661.0
2009-05-28,4637.0
2009-05-29,4776.0
2009-06-01,4947.0
2009-06-02,5026.0
2009-06-03,4951.5
2009-06-04,4870.0
2009-06-05,5055.0
2009-06-08,4936.0
2009-06-09,5047.0
2009-06-10,5180.0
2009-06-11,5266.0
2009-06-12,5240.5
2009-06-15,5075.0
2009-06-16,5049.0
2009-06-17,4903.0
2009-06-18,4901.0
2009-06-19,5020.0
2009-06-22,4821.0
2009-06-23,4810.0
2009-06-24,4890.5
2009-06-25,5023.5
2009-06-26,5101.5
2009-06-29,5085.5
2009-06-30,5108.0
2009-07-01,5042.0
2009-07-02,5006.0
2009-07-03,4991.0
2009-07-06,4859.0
2009-07-07,5012.0
2009-07-08,4850.0
2009-07-09,4821.0
2009-07-10,4840.0
2009-07-13,4883.0
2009-07-14,5011.0
2009-07-15,5181.5
2009-07-16,5231.5
2009-07-17,5230.0
2009-07-20,5400.0
2009-07-21,5345.0
2009-07-22,5342.0
2009-07-23,5474.0
2009-07-24,5551.0
2009-07-27,5615.0
2009-07-28,5615.0
2009-07-29,5410.5
2009-07-30,5497.0
2009-07-31,5750.0
2009-08-03,5972.0
2009-08-04,5917.0
2009-08-05,6132.0
2009-08-06,6035.0
2009-08-07,5964.0
2009-08-10,6197.0
2009-08-11,6136.0
2009-08-12,6029.0
2009-08-13,6419.0
2009-08-14,6386.0
2009-08-17,6096.0
2009-08-18,6116.0
2009-08-19,5947.0
2009-08-20,6122.0
2009-08-21,6135.0
2009-08-24,6361.0
2009-08-25,6285.5
2009-08-26,6305.0
2009-08-27,6261.0
2009-08-28,6490.5
2009-09-01,6240.5
2009-09-02,6080.0
2009-09-03,6280.0
2009-09-04,6280.0
2009-09-07,6297.5
2009-09-08,6465.5
2009-09-09,6415.5
2009-09-10,6305.0
2009-09-11,6290.0
2009-09-14,6145.5
2009-09-15,6156.0
2009-09-16,6315.5
2009-09-17,6302.0
2009-09-18,6231.0
2009-09-21,6089.0
2009-09-22,6295.5
2009-09-23,6111.0
2009-09-24,6089.5
2009-09-25,5966.0
2009-09-28,5896.0
2009-09-29,5934.5
2009-09-30,6136.0
2009-10-01,6082.0
2009-10-02,5872.0
2009-10-05,5856.0
2009-10-06,6042.0
2009-10-07,6060.5
2009-10-08,6241.5
2009-10-09,6265.5
2009-10-12,6236.0
2009-10-13,6282.0
2009-10-14,6192.0
2009-10-15,6077.0
2009-10-16,6160.5
2009-10-19,6260.0
2009-10-20,6444.0
2009-10-21,6346.0
2009-10-22,6565.5
2009-10-23,6640.0
2009-10-26,6675.5
2009-10-27,6563.0
2009-10-28,6475.0
2009-10-29,6424.5
2009-10-30,6575.0
2009-11-02,6473.0
2009-11-03,6395.5
2009-11-04,6571.0
2009-11-05,6527.5
2009-11-06,6532.0
2009-11-09,6565.0
2009-11-10,6475.0
2009-11-11,6595.5
2009-11-12,6475.0
2009-11-13,6500.0
2009-11-16,6700.5
2009-11-17,6761.0
2009-11-18,6926.0
2009-11-19,6761.0
2009-11-20,6731.0
2009-11-23,6945.5
2009-11-24,6865.0
2009-11-25,6914.0
2009-11-26,6904.5
2009-11-27,6755.0
2009-11-30,6814.5
2009-12-01,6990.0
2009-12-02,7055.0
2009-12-03,7071.0
2009-12-04,7026.0
2009-12-07,6920.5
2009-12-08,6960.5
2009-12-09,6935.0
2009-12-10,6810.0
2009-12-11,6871.0
2009-12-14,6920.0
2009-12-15,6800.5
2009-12-16,6946.0
2009-12-17,6900.5
2009-12-18,6841.0
2009-12-21,6880.0
2009-12-22,6856.0
2009-12-23,6901.0
2009-12-24,7070.0
2009-12-29,7221.0
2009-12-30,7295.0
2009-12-31,7346.0
2010-01-04,7464.0
2010-01-05,7436.0
2010-01-06,7587.5
2010-01-07,7594.0
2010-01-08,7446.0
2010-01-11,7685.0
2010-01-12,7425.0
2010-01-13,7391.0
2010-01-14,7454.0
2010-01-15,7405.5
2010-01-18,7507.0
2010-01-19,7442.0
2010-01-20,7446.0
2010-01-21,7347.0
2010-01-22,7240.0
2010-01-25,7409.0
2010-01-26,7306.0
2010-01-27,7244.0
2010-01-28,7042.0
2010-01-29,6854.0
2010-02-01,6675.0
2010-02-02,6865.0
2010-02-03,6853.0
2010-02-04,6571.0
2010-02-05,6242.0
2010-02-08,6329.0
2010-02-09,6485.0
2010-02-10,6610.5
2010-02-11,6672.5
2010-02-12,6766.0
2010-02-15,6841.0
2010-02-16,6940.0
2010-02-17,7119.5
2010-02-18,7086.0
2010-02-19,7193.0
2010-02-22,7338.0
2010-02-23,7227.0
2010-02-24,7032.0
2010-02-25,7046.0
2010-02-26,7072.0
2010-03-01,7335.0
2010-03-02,7359.0
2010-03-03,7483.5
2010-03-04,7485.5
2010-03-05,7466.5
2010-03-08,7541.5
2010-03-09,7395.0
2010-03-10,7524.0
2010-03-11,7384.5
2010-03-12,7470.0
2010-03-15,7330.0
2010-03-16,7341.5
2010-03-17,7488.0
2010-03-18,7476.0
2010-03-19,7461.0
2010-03-22,7300.5
2010-03-23,7404.5
2010-03-24,7310.5
2010-03-25,7347.0
2010-03-26,7490.5
2010-03-29,7635.0
2010-03-30,7786.0
2010-03-31,7830.0
2010-04-01,7881.0
2010-04-06,7950.5
2010-04-07,7908.0
2010-04-08,7795.5
2010-04-09,7896.0
2010-04-12,7915.0
2010-04-13,7845.0
2010-04-14,7924.5
2010-04-15,7875.0
2010-04-16,7905.5
2010-04-19,7656.0
2010-04-20,7787.0
2010-04-21,7666.0
2010-04-22,7661.0
2010-04-23,7660.0
2010-04-26,7760.0
2010-04-27,7645.0
2010-04-28,7410.5
2010-04-29,7395.0
2010-04-30,7365.0
2010-05-04,7175.5
2010-05-05,6801.0
2010-05-06,6945.0
2010-05-07,6872.0
2010-05-10,7165.5
2010-05-11,6885.0
2010-05-12,7082.0
2010-05-13,7010.5
2010-05-14,6955.5
2010-05-17,6721.0
2010-05-18,6605.5
2010-05-19,6465.5
2010-05-20,6500.0
2010-05-21,6639.0
2010-05-24,6770.5
2010-05-25,6685.0
2010-05-26,6836.0
2010-05-27,6875.5
2010-05-28,6926.0
2010-06-01,6715.0
2010-06-02,6605.0
2010-06-03,6620.5
2010-06-04,6450.0
2010-06-07,6157.0
2010-06-08,6091.0
2010-06-09,6295.5
2010-06-10,6292.0
2010-06-11,6462.0
2010-06-14,6610.0
2010-06-15,6625.0
2010-06-16,6592.5
2010-06-17,6480.5
2010-06-18,6315.5
2010-06-21,6607.0
2010-06-22,6460.0
2010-06-23,6576.0
2010-06-24,6525.5
2010-06-25,6604.5
2010-06-28,6800.0
2010-06-29,6585.0
2010-06-30,6515.0
2010-07-01,6354.0
2010-07-02,6430.5
2010-07-05,6440.0
2010-07-06,6523.0
2010-07-07,6545.0
2010-07-08,6641.0
2010-07-09,6680.5
2010-07-12,6630.5
2010-07-13,6596.0
2010-07-14,6694.5
2010-07-15,6656.0
2010-07-16,6650.0
2010-07-19,6514.0
2010-07-20,6526.0
2010-07-21,6771.0
2010-07-22,6920.5
2010-07-23,6995.0
2010-07-26,6995.5
2010-07-27,7091.5
2010-07-28,7120.0
2010-07-29,7206.0
2010-07-30,7195.0
2010-08-02,7336.0
2010-08-03,7360.0
2010-08-04,7370.5
2010-08-05,7395.0
2010-08-06,7420.0
2010-08-09,7425.0
2010-08-10,7225.0
2010-08-11,7204.0
2010-08-12,7180.0
2010-08-13,7200.0
2010-08-16,7205.0
2010-08-17,7315.5
2010-08-18,7353.5
2010-08-19,7442.0
2010-08-20,7205.5
2010-08-23,7250.0
2010-08-24,7171.0
2010-08-25,7067.0
2010-08-26,7195.5
2010-08-27,7287.0
2010-08-31,7355.5
2010-09-01,7540.5
2010-09-02,7625.5
2010-09-03,7631.5
2010-09-06,7660.5
2010-09-07,7520.0
2010-09-08,7620.0
2010-09-09,7532.0
2010-09-10,7525.0
2010-09-13,7630.0
2010-09-14,7517.0
2010-09-15,7595.0
2010-09-16,7670.0
2010-09-17,7756.0
2010-09-20,7735.5
2010-09-21,7695.0
2010-09-22,7705.5
2010-09-23,7876.5
2010-09-24,7911.0
2010-09-27,7922.0
2010-09-28,7866.0
2010-09-29,8016.5
2010-09-30,8053.5
2010-10-01,8115.0
2010-10-04,8085.5
2010-10-05,8125.0
2010-10-06,8215.5
2010-10-07,8262.0
2010-10-08,8104.5
2010-10-11,8335.5
2010-10-12,8266.0
2010-10-13,8400.0
2010-10-14,8412.0
2010-10-15,8362.5
2010-10-18,8340.5
2010-10-19,8295.0
2010-10-20,8250.0
2010-10-21,8406.0
2010-10-22,8309.5
2010-10-25,8501.0
2010-10-26,8466.0
2010-10-27,8332.0
2010-10-28,8332.0
2010-10-29,8225.0
2010-11-01,8339.0
2010-11-02,8396.0
2010-11-03,8400.5
2010-11-04,8521.5
2010-11-05,8700.0
2010-11-08,8672.0
2010-11-09,8844.5
2010-11-10,8729.0
2010-11-11,8925.0
2010-11-12,8715.0
2010-11-15,8590.0
2010-11-16,8483.5
2010-11-17,8145.0
2010-11-18,8386.0
2010-11-19,8409.0
2010-11-22,8405.5
2010-11-23,8149.0
2010-11-24,8254.5
2010-11-25,8290.0
2010-11-26,8288.0
2010-11-29,8319.5
2010-11-30,8375.0
2010-12-01,8540.0
2010-12-02,8711.5
2010-12-03,8754.0
2010-12-06,8780.0
2010-12-07,9024.0
2010-12-08,8882.0
2010-12-09,9041.5
2010-12-10,9116.0
2010-12-13,9211.0
2010-12-14,9260.0
2010-12-15,9101.0
2010-12-16,9050.0
2010-12-17,9101.5
2010-12-20,9250.0
2010-12-21,9410.0
2010-12-22,9414.5
2010-12-23,9270.0
2010-12-24,9391.0
2010-12-29,9465.0
2010-12-30,9580.0
2010-12-31,9739.5
2011-01-04,9754.0
2011-01-05,9461.0
2011-01-06,9591.0
2011-01-07,9399.0
2011-01-10,9384.0
2011-01-11,9484.0
2011-01-12,9625.0
2011-01-13,9622.0
2011-01-14,9591.0
2011-01-17,9690.0
2011-01-18,9740.0
2011-01-19,9788.0
2011-01-20,9485.0
2011-01-21,9485.0
2011-01-24,9509.0
2011-01-25,9330.0
2011-01-26,9376.0
2011-01-27,9490.0
2011-01-28,9590.0
2011-01-31,9720.0
2011-02-01,9840.5
2011-02-02,9945.0
2011-02-03,9950.5
2011-02-04,9986.0
2011-02-07,10145.0
2011-02-08,9930.5
2011-02-09,10000.0
2011-02-10,9875.5
2011-02-11,9920.5
2011-02-14,10148.0
2011-02-15,10106.5
2011-02-16,9925.0
2011-02-17,9800.0
2011-02-18,9806.0
2011-02-21,9829.5
2011-02-22,9655.0
2011-02-23,9491.0
2011-02-24,9440.0
2011-02-25,9700.0
2011-02-28,9857.5
2011-03-01,9908.0
2011-03-02,9820.5
2011-03-03,9889.5
2011-03-04,9970.5
2011-03-07,9840.5
2011-03-08,9420.0
2011-03-09,9610.0
2011-03-10,9195.5
2011-03-11,9048.0
2011-03-14,9205.5
2011-03-15,8980.0
2011-03-16,9354.5
2011-03-17,9440.0
2011-03-18,9525.0
2011-03-21,9519.0
2011-03-22,9450.0
2011-03-23,9704.0
2011-03-24,9695.5
2011-03-25,9715.0
2011-03-28,9545.0
2011-03-29,9450.0
2011-03-30,9519.5
2011-03-31,9399.5
2011-04-01,9336.0
2011-04-04,9420.0
2011-04-05,9251.5
2011-04-06,9475.5
2011-04-07,9697.0
2011-04-08,9823.0
2011-04-11,9781.5
2011-04-12,9670.5
2011-04-13,9625.5
2011-04-14,9326.5
2011-04-15,9420.0
2011-04-18,9356.5
2011-04-19,9279.0
2011-04-20,9450.5
2011-04-21,9611.0
2011-04-26,9455.5
2011-04-27,9348.5
2011-04-28,9370.5
2011-05-03,9245.0
2011-05-04,9171.5
2011-05-05,8791.0
2011-05-06,8790.0
2011-05-09,8908.0
2011-05-10,8935.5
2011-05-11,8750.5
2011-05-12,8536.5
2011-05-13,8857.0
2011-05-16,8710.0
2011-05-17,8863.0
2011-05-18,8896.5
2011-05-19,9006.5
2011-05-20,8982.5
2011-05-23,8831.0
2011-05-24,8881.5
2011-05-25,9019.0
2011-05-26,8990.5
2011-05-27,9151.0
2011-05-31,9224.5
2011-06-01,9171.0
2011-06-02,9037.5
2011-06-03,9016.0
2011-06-06,9098.0
2011-06-07,9092.0
2011-06-08,8970.5
2011-06-09,8950.5
2011-06-10,9000.5
2011-06-13,8895.0
2011-06-14,9010.0
2011-06-15,9147.0
2011-06-16,9011.5
2011-06-17,9101.5
2011-06-20,8935.0
2011-06-21,9060.0
2011-06-22,9007.0
2011-06-23,8978.5
2011-06-24,9045.0
2011-06-27,9000.5
2011-06-28,8995.5
2011-06-29,9176.0
2011-06-30,9301.0
2011-07-01,9405.0
2011-07-04,9411.0
2011-07-05,9405.5
2011-07-06,9432.0
2011-07-07,9537.0
2011-07-08,9713.0
2011-07-11,9556.0
2011-07-12,9500.5
2011-07-13,9658.5
2011-07-14,9655.0
2011-07-15,9606.0
2011-07-18,9690.0
2011-07-19,9755.0
2011-07-20,9765.5
2011-07-21,9607.0
2011-07-22,9698.0
2011-07-25,9620.0
2011-07-26,9778.0
2011-07-27,9736.0
2011-07-28,9744.0
2011-07-29,9731.0
2011-08-01,9827.0
2011-08-02,9630.0
2011-08-03,9549.5
2011-08-04,9452.0
2011-08-05,9190.0
2011-08-08,9039.0
2011-08-09,8851.0
2011-08-10,8853.5
2011-08-11,8802.0
2011-08-12,8851.0
2011-08-15,8824.0
2011-08-16,8760.0
2011-08-17,8870.0
2011-08-18,8803.0
2011-08-19,8781.5
2011-08-22,8811.5
2011-08-23,8858.5
2011-08-24,8832.0
2011-08-25,8907.5
2011-08-26,9090.5
2011-08-30,9128.0
2011-08-31,9197.0
2011-09-01,9101.0
2011-09-02,9050.5
2011-09-05,8935.0
2011-09-06,8919.5
2011-09-07,8970.5
2011-09-08,9041.0
2011-09-09,8904.5
2011-09-12,8645.5
2011-09-13,8757.5
2011-09-14,8719.5
2011-09-15,8709.5
2011-09-16,8781.5
2011-09-19,8415.0
2011-09-20,8397.5
2011-09-21,8221.0
2011-09-22,7790.5
2011-09-23,7290.0
2011-09-26,7226.0
2011-09-27,7528.0
2011-09-28,7416.0
2011-09-29,6975.5
2011-09-30,7131.5
2011-10-03,6795.0
2011-10-04,6785.0
2011-10-05,6860.5
2011-10-06,7095.5
2011-10-07,7250.0
2011-10-10,7314.0
2011-10-11,7215.5
2011-10-12,7419.0
2011-10-13,7328.0
2011-10-14,7500.5
2011-10-17,7566.0
2011-10-18,7271.0
2011-10-19,7305.5
2011-10-20,6916.5
2011-10-21,7062.0
2011-10-24,7380.5
2011-10-25,7590.5
2011-10-26,7720.5
2011-10-27,8040.0
2011-10-28,7981.5
2011-10-31,7900.5
2011-11-01,7660.0
2011-11-02,7912.0
2011-11-03,7845.0
2011-11-04,7930.0
2011-11-07,7775.5
2011-11-08,7820.5
2011-11-09,7672.0
2011-11-10,7456.0
2011-11-11,7451.0
2011-11-14,7731.5
2011-11-15,7632.0
2011-11-16,7592.0
2011-11-17,7501.5
2011-11-18,7582.5
2011-11-21,7301.0
2011-11-22,7398.0
2011-11-23,7176.0
2011-11-24,7271.5
2011-11-25,7196.5
2011-11-28,7381.0
2011-11-29,7448.0
2011-11-30,7405.5
2011-12-01,7801.0
2011-12-02,7890.0
2011-12-05,7845.0
2011-12-06,7766.0
2011-12-07,7809.0
2011-12-08,7800.5
2011-12-09,7800.5
2011-12-12,7611.5
2011-12-13,7586.0
2011-12-14,7350.0
2011-12-15,7264.0
2011-12-16,7340.0
2011-12-19,7286.5
2011-12-20,7275.0
2011-12-21,7415.5
2011-12-22,7492.5
2011-12-23,7590.0
2011-12-28,7502.0
2011-12-29,7372.0
2011-12-30,7554.0
2012-01-03,7661.0
2012-01-04,7652.0
2012-01-05,7471.0
2012-01-06,7515.0
2012-01-09,7503.0
2012-01-10,7641.0
2012-01-11,7689.5
2012-01-12,7946.0
2012-01-13,7965.5
2012-01-16,8021.0
2012-01-17,8185.0
2012-01-18,8156.0
2012-01-19,8350.5
2012-01-20,8230.5
2012-01-23,8333.0
2012-01-24,8267.0
2012-01-25,8271.0
2012-01-26,8560.0
2012-01-27,8610.0
2012-01-30,8399.0
2012-01-31,8485.5
2012-02-01,8351.5
2012-02-02,8339.0
2012-02-03,8320.0
2012-02-06,8463.0
2012-02-07,8335.5
2012-02-08,8586.0
2012-02-09,8520.5
2012-02-10,8591.0
2012-02-13,8512.0
2012-02-14,8405.0
2012-02-15,8395.5
2012-02-16,8209.5
2012-02-17,8370.0
2012-02-20,8234.0
2012-02-21,8325.0
2012-02-22,8391.0
2012-02-23,8408.0
2012-02-24,8441.0
2012-02-27,8436.0
2012-02-28,8658.0
2012-02-29,8585.0
2012-03-01,8570.0
2012-03-02,8575.0
2012-03-05,8502.0
2012-03-06,8335.5
2012-03-07,8261.0
2012-03-08,8390.0
2012-03-09,8390.5
2012-03-12,8401.5
2012-03-13,8530.0
2012-03-14,8468.0
2012-03-15,8490.5
2012-03-16,8620.5
2012-03-19,8575.0
2012-03-20,8437.0
2012-03-21,8470.5
2012-03-22,8320.0
2012-03-23,8400.5
2012-03-26,8485.0
2012-03-27,8512.0
2012-03-28,8480.5
2012-03-29,8360.0
2012-03-30,8480.0
2012-04-02,8480.0
2012-04-03,8575.5
2012-04-04,8451.5
2012-04-05,8365.5
2012-04-10,8256.0
2012-04-11,8115.0
2012-04-12,8185.0
2012-04-13,8165.5
2012-04-16,8054.0
2012-04-17,8100.5
2012-04-18,8085.0
2012-04-19,8045.5
2012-04-20,8120.5
2012-04-23,8125.0
2012-04-24,8194.0
2012-04-25,8285.5
2012-04-26,8356.0
2012-04-27,8443.5
2012-04-30,8529.5
2012-05-01,8528.0
2012-05-02,8401.0
2012-05-03,8318.0
2012-05-04,8296.0
2012-05-08,8234.0
2012-05-09,8089.0
2012-05-10,8195.5
2012-05-11,8080.0
2012-05-14,7980.0
2012-05-15,7854.0
2012-05-16,7710.0
2012-05-17,7708.0
2012-05-18,7795.5
2012-05-21,7800.5
2012-05-22,7775.0
2012-05-23,7630.5
2012-05-24,7660.5
2012-05-25,7695.5
2012-05-28,7740.0
2012-05-29,7685.5
2012-05-30,7545.0
2012-05-31,7517.0
2012-06-01,7364.0
2012-06-06,7459.5
2012-06-07,7480.5
2012-06-08,7251.5
2012-06-11,7396.0
2012-06-12,7384.0
2012-06-13,7397.5
2012-06-14,7376.5
2012-06-15,7521.0
2012-06-18,7475.5
2012-06-19,7505.5
2012-06-20,7555.5
2012-06-21,7426.0
2012-06-22,7320.0
2012-06-25,7342.5
2012-06-26,7347.0
2012-06-27,7354.0
2012-06-28,7421.0
2012-06-29,7604.5
2012-07-02,7647.5
2012-07-03,7777.0
2012-07-04,7695.5
2012-07-05,7761.5
2012-07-06,7600.0
2012-07-09,7520.5
2012-07-10,7556.0
2012-07-11,7525.5
2012-07-12,7510.0
2012-07-13,7689.5
2012-07-16,7636.0
2012-07-17,7671.0
2012-07-18,7596.0
2012-07-19,7765.0
2012-07-20,7625.0
2012-07-23,7387.0
2012-07-24,7396.0
2012-07-25,7441.0
2012-07-26,7510.5
2012-07-27,7555.0
2012-07-30,7520.0
2012-07-31,7581.0
2012-08-01,7500.0
2012-08-02,7386.5
2012-08-03,7327.0
2012-08-06,7400.0
2012-08-07,7567.0
2012-08-08,7525.5
2012-08-09,7495.5
2012-08-10,7430.5
2012-08-13,7426.5
2012-08-14,7407.0
2012-08-15,7386.0
2012-08-16,7386.0
2012-08-17,7496.0
2012-08-20,7433.0
2012-08-21,7510.0
2012-08-22,7571.5
2012-08-23,7667.5
2012-08-24,7600.5
2012-08-28,7606.0
2012-08-29,7524.5
2012-08-30,7611.0
2012-08-31,7576.5
2012-09-03,7649.5
2012-09-04,7640.5
2012-09-05,7606.5
2012-09-06,7670.5
2012-09-07,7844.0
2012-09-10,8032.0
2012-09-11,8080.0
2012-09-12,8100.5
2012-09-13,8055.5
2012-09-14,8400.5
2012-09-17,8293.0
2012-09-18,8224.0
2012-09-19,8323.0
2012-09-20,8202.0
2012-09-21,8282.0
2012-09-24,8155.5
2012-09-25,8235.5
2012-09-26,8130.5
2012-09-27,8175.0
2012-09-28,8267.5
2012-10-01,8191.5
2012-10-02,8340.0
2012-10-03,8276.0
2012-10-04,8325.0
2012-10-05,8299.0
2012-10-08,8133.0
2012-10-09,8183.0
2012-10-10,8124.5
2012-10-11,8212.0
2012-10-12,8179.0
2012-10-15,8130.0
2012-10-16,8141.5
2012-10-17,8112.5
2012-10-18,8210.0
2012-10-19,8121.0
2012-10-22,7983.5
2012-10-23,7861.0
2012-10-24,7860.5
2012-10-25,7852.0
2012-10-26,7765.0
2012-10-29,7720.0
2012-10-30,7760.0
2012-10-31,7819.0
2012-11-01,7811.0
2012-11-02,7765.5
2012-11-05,7604.0
2012-11-06,7661.0
2012-11-07,7654.5
2012-11-08,7605.5
2012-11-09,7540.5
2012-11-12,7626.5
2012-11-13,7606.5
2012-11-14,7635.0
2012-11-15,7605.5
2012-11-16,7573.0
2012-11-19,7670.5
2012-11-20,7731.0
2012-11-21,7705.0
2012-11-22,7716.0
2012-11-23,7676.0
2012-11-26,7770.5
2012-11-27,7796.0
2012-11-28,7720.0
2012-11-29,7850.0
2012-11-30,7949.0
2012-12-03,7975.5
2012-12-04,7991.0
2012-12-05,8022.0
2012-12-06,8020.5
2012-12-07,7965.5
2012-12-10,8111.5
2012-12-11,8070.0
2012-12-12,8102.0
2012-12-13,8000.5
2012-12-14,8047.5
2012-12-17,8001.0
2012-12-18,8005.5
2012-12-19,7946.0
2012-12-20,7825.5
2012-12-21,7768.5
2012-12-24,7780.0
2012-12-27,7871.5
2012-12-28,7870.0
2012-12-31,7915.0
2013-01-02,8085.0
2013-01-03,8140.5
2013-01-04,8026.0
2013-01-07,7995.5
2013-01-08,8050.5
2013-01-09,8059.0
2013-01-10,8117.0
2013-01-11,8071.0
2013-01-14,8030.0
2013-01-15,7945.0
2013-01-16,7910.5
2013-01-17,7930.0
2013-01-18,8053.0
2013-01-21,8020.5
2013-01-22,8068.0
2013-01-23,8115.5
2013-01-24,8036.0
2013-01-25,8060.0
2013-01-28,8015.0
2013-01-29,8010.5
2013-01-30,8175.5
2013-01-31,8170.0
2013-02-01,8160.0
2013-02-04,8226.0
2013-02-05,8242.5
2013-02-06,8200.0
2013-02-07,8212.0
2013-02-08,8215.0
2013-02-11,8216.0
2013-02-12,8184.5
2013-02-13,8221.0
2013-02-14,8197.0
2013-02-15,8198.5
2013-02-18,8075.5
2013-02-19,8070.0
2013-02-20,8009.5
2013-02-21,7847.5
2013-02-22,7825.0
2013-02-25,7865.5
2013-02-26,7785.0
2013-02-27,7831.0
2013-02-28,7828.0
2013-03-01,7620.5
2013-03-04,7751.0
2013-03-05,7720.0
2013-03-06,7699.5
2013-03-07,7671.0
2013-03-08,7730.0
2013-03-11,7677.0
2013-03-12,7815.0
2013-03-13,7777.5
2013-03-14,7762.0
2013-03-15,7782.0
2013-03-18,7555.5
2013-03-19,7539.0
2013-03-20,7574.5
2013-03-21,7580.0
2013-03-22,7618.0
2013-03-25,7602.0
2013-03-26,7631.0
2013-03-27,7570.0
2013-03-28,7582.5
2013-04-02,7434.5
2013-04-03,7405.5
2013-04-04,7336.5
2013-04-05,7376.0
2013-04-08,7457.5
2013-04-09,7485.5
2013-04-10,7547.0
2013-04-11,7510.0
2013-04-12,7510.0
2013-04-15,7120.5
2013-04-16,7219.0
2013-04-17,7067.0
2013-04-18,6962.5
2013-04-19,6975.0
2013-04-22,6875.5
2013-04-23,6811.0
2013-04-24,6935.5
2013-04-25,7035.0
2013-04-26,7054.5
2013-04-29,7079.0
2013-04-30,7073.5
2013-05-01,6875.0
2013-05-02,6870.5
2013-05-03,7122.0
2013-05-07,7240.5
2013-05-08,7326.0
2013-05-09,7311.0
2013-05-10,7390.5
2013-05-13,7350.5
2013-05-14,7195.5
2013-05-15,7095.5
2013-05-16,7095.5
2013-05-17,7329.5
2013-05-20,7276.0
2013-05-21,7384.0
2013-05-22,7480.0
2013-05-23,7285.5
2013-05-24,7240.0
2013-05-28,7257.0
2013-05-29,7201.5
2013-05-30,7245.5
2013-05-31,7241.0
2013-06-03,7330.5
2013-06-04,7337.5
2013-06-05,7421.5
2013-06-06,7311.0
2013-06-07,7282.0
2013-06-10,7120.0
2013-06-11,7036.0
2013-06-12,7086.0
2013-06-13,7057.5
2013-06-14,7045.0
2013-06-17,7020.5
2013-06-18,6970.5
2013-06-19,6972.5
2013-06-20,6808.0
2013-06-21,6777.0
2013-06-24,6637.5
2013-06-25,6726.5
2013-06-26,6685.5
2013-06-27,6705.5
2013-06-28,6750.5
2013-07-01,6917.0
2013-07-02,6980.0
2013-07-03,6922.0
2013-07-04,6920.5
2013-07-05,6821.0
2013-07-08,6765.0
2013-07-09,6719.0
2013-07-10,6780.0
2013-07-11,6995.5
2013-07-12,6923.0
2013-07-15,6891.5
2013-07-16,6936.5
2013-07-17,6924.0
2013-07-18,6855.5
2013-07-19,6920.0
2013-07-22,6980.0
2013-07-23,6961.0
2013-07-24,7076.5
2013-07-25,6927.5
2013-07-26,6905.5
2013-07-29,6860.5
2013-07-30,6752.0
2013-07-31,6805.0
2013-08-01,6999.0
2013-08-02,7019.0
2013-08-05,6950.5
2013-08-06,7026.5
2013-08-07,6892.0
2013-08-08,7121.5
2013-08-09,7186.0
2013-08-12,7246.0
2013-08-13,7281.0
2013-08-14,7272.5
2013-08-15,7228.0
2013-08-16,7335.5
2013-08-19,7285.5
2013-08-20,7265.5
2013-08-21,7236.0
2013-08-22,7340.5
2013-08-23,7300.5
2013-08-27,7300.5
2013-08-28,7236.0
2013-08-29,7210.5
2013-08-30,7095.0
2013-09-02,7175.5
2013-09-03,7183.5
2013-09-04,7125.5
2013-09-05,7103.0
2013-09-06,7170.5
2013-09-09,7191.5
2013-09-10,7172.0
2013-09-11,7163.0
2013-09-12,7043.5
2013-09-13,7028.5
2013-09-16,7050.0
2013-09-17,7056.5
2013-09-18,7090.5
2013-09-19,7301.5
2013-09-20,7295.0
2013-09-23,7181.0
2013-09-24,7140.5
2013-09-25,7155.0
2013-09-26,7220.5
2013-09-27,7252.5
2013-09-30,7290.5
2013-10-01,7219.0
2013-10-02,7156.0
2013-10-03,7215.5
2013-10-04,7148.0
2013-10-07,7171.0
2013-10-08,7231.5
2013-10-09,7141.0
2013-10-10,7112.5
2013-10-11,7125.0
2013-10-14,7205.5
2013-10-15,7186.0
2013-10-16,7158.5
2013-10-17,7172.0
2013-10-18,7241.5
2013-10-21,7225.5
2013-10-22,7260.0
2013-10-23,7200.5
2013-10-24,7160.0
2013-10-25,7126.0
2013-10-28,7161.0
2013-10-29,7215.5
2013-10-30,7275.5
2013-10-31,7234.0
2013-11-01,7255.5
2013-11-04,7180.0
2013-11-05,7138.5
2013-11-06,7200.0
2013-11-07,7119.0
2013-11-08,7125.5
2013-11-11,7135.0
2013-11-12,7124.0
2013-11-13,7021.5
2013-11-14,6939.0
2013-11-15,6967.5
2013-11-18,6999.5
2013-11-19,6947.0
2013-11-20,6980.0
2013-11-21,6992.0
2013-11-22,7065.5
2013-11-25,7067.5
2013-11-26,7071.0
2013-11-27,7051.5
2013-11-28,6988.0
2013-11-29,7027.0
2013-12-02,7008.5
2013-12-03,6945.0
2013-12-04,6975.0
2013-12-05,7081.0
2013-12-06,7113.0
2013-12-09,7141.0
2013-12-10,7165.5
2013-12-11,7169.5
2013-12-12,7230.0
2013-12-13,7218.5
2013-12-16,7325.5
2013-12-17,7286.0
2013-12-18,7230.0
2013-12-19,7218.5
2013-12-20,7264.5
2013-12-23,7251.0
2013-12-24,7280.0
2013-12-27,7375.0
2013-12-30,7387.0
2013-12-31,7394.5
2014-01-02,7439.5
2014-01-03,7335.5
2014-01-06,7313.5
2014-01-07,7354.0
2014-01-08,7368.0
2014-01-09,7282.0
2014-01-10,7283.5
2014-01-13,7305.5
2014-01-14,7343.0
2014-01-15,7309.0
2014-01-16,7345.5
2014-01-17,7379.5
2014-01-20,7340.0
2014-01-21,7332.0
2014-01-22,7327.0
2014-01-23,7285.0
2014-01-24,7240.0
2014-01-27,7235.0
2014-01-28,7215.0
2014-01-29,7209.0
2014-01-30,7155.0
2014-01-31,7091.0
2014-02-03,7095.5
2014-02-04,7107.0
2014-02-05,7096.0
2014-02-06,7109.0
2014-02-07,7200.0
2014-02-10,7190.5
2014-02-11,7120.0
2014-02-12,7174.5
2014-02-13,7157.0
2014-02-14,7175.5
2014-02-17,7210.0
2014-02-18,7205.0
2014-02-19,7220.0
2014-02-20,7185.0
2014-02-21,7211.5
2014-02-24,7130.0
2014-02-25,7115.0
2014-02-26,7149.0
2014-02-27,7095.0
2014-02-28,7097.5
2014-03-03,7032.5
2014-03-04,7035.0
2014-03-05,7102.5
2014-03-06,7054.5
2014-03-07,6930.5
2014-03-10,6716.0
2014-03-11,6720.5
2014-03-12,6498.0
2014-03-13,6495.0
2014-03-14,6490.0
2014-03-17,6550.0
2014-03-18,6471.5
2014-03-19,6446.0
2014-03-20,6434.5
2014-03-21,6539.5
2014-03-24,6510.0
2014-03-25,6559.5
2014-03-26,6555.0
2014-03-27,6581.0
2014-03-28,6667.0
2014-03-31,6636.0
2014-04-01,6632.0
2014-04-02,6713.0
2014-04-03,6606.0
2014-04-04,6677.0
2014-04-07,6610.5
2014-04-08,6652.0
2014-04-09,6630.5
2014-04-10,6637.5
2014-04-11,6686.0
2014-04-14,6645.0
2014-04-15,6630.0
2014-04-16,6600.0
2014-04-17,6631.0
2014-04-22,6628.5
2014-04-23,6645.0
2014-04-24,6731.0
2014-04-25,6785.5
2014-04-28,6782.0
2014-04-29,6770.0
2014-04-30,6724.0
2014-05-01,6670.5
2014-05-02,6699.0
2014-05-06,6740.0
2014-05-07,6688.0
2014-05-08,6690.5
2014-05-09,6770.0
2014-05-12,6930.0
2014-05-13,6884.5
2014-05-14,6976.5
2014-05-15,6949.0
2014-05-16,6950.0
2014-05-19,
2014-05-20,6922.5
2014-05-21,6841.0
2014-05-22,6945.5
2014-05-23,6991.0
2014-05-26,
2014-05-27,7020.0
2014-05-28,7035.0
2014-05-29,6970.0
2014-05-30,6995.5
2014-06-02,7003.0
2014-06-03,6930.0
2014-06-04,6835.0
2014-06-05,6800.0
2014-06-06,6660.5
2014-06-09,6667.5
2014-06-10,6695.5
2014-06-11,6689.5
2014-06-12,6725.0
2014-06-13,6671.5
2014-06-16,6735.0
2014-06-17,6711.0
2014-06-18,6739.0
2014-06-19,6730.5
2014-06-20,6777.5
2014-06-23,6901.0
2014-06-24,6898.5
2014-06-25,6890.5
2014-06-26,6936.5
2014-06-27,6976.0
2014-06-30,6955.0
2014-07-01,7015.0
2014-07-02,7050.0
2014-07-03,7121.0
2014-07-04,7159.0
2014-07-07,7120.5
2014-07-08,7155.0
2014-07-09,7173.0
2014-07-10,7110.0
2014-07-11,7151.0
2014-07-14,7154.5
2014-07-15,7102.5
2014-07-16,7112.0
2014-07-17,7030.5
2014-07-18,7026.5
2014-07-21,6989.5
2014-07-22,7060.5
2014-07-23,7065.0
2014-07-24,7151.0
2014-07-25,7183.5
2014-07-28,7132.0
2014-07-29,7116.0
2014-07-30,7090.0
2014-07-31,7135.5
2014-08-01,7078.0
2014-08-04,7104.0
2014-08-05,7100.5
2014-08-06,6995.0
2014-08-07,6980.5
2014-08-08,7020.0
2014-08-11,7010.5
2014-08-12,7025.5
2014-08-13,6925.5
2014-08-14,6886.5
2014-08-15,6852.5
2014-08-18,6910.0
2014-08-19,6934.5
2014-08-20,6922.0
2014-08-21,7003.0
2014-08-22,7088.0
2014-08-26,7096.0
2014-08-27,7051.0
2014-08-28,7033.0
2014-08-29,6995.0
2014-09-01,6966.5
2014-09-02,6965.5
2014-09-03,6927.0
2014-09-04,6967.0
2014-09-05,6973.0
2014-09-08,7040.5
2014-09-09,6937.0
2014-09-10,6897.5
2014-09-11,6829.0
2014-09-12,6856.0
2014-09-15,6850.0
2014-09-16,6895.5
2014-09-17,6958.5
2014-09-18,6920.0
2014-09-19,6868.5
2014-09-22,6782.0
2014-09-23,6797.0
2014-09-24,6750.0
2014-09-25,6766.0
2014-09-26,6771.0
2014-09-29,6735.5
2014-09-30,6736.0
2014-10-01,6755.0
2014-10-02,6693.5
2014-10-03,6665.0
2014-10-06,6712.5
2014-10-07,6715.0
2014-10-08,6755.0
2014-10-09,6767.0
2014-10-10,6697.0
2014-10-13,6802.0
2014-10-14,6780.5
2014-10-15,6781.0
2014-10-16,6630.0
2014-10-17,6629.0
2014-10-20,6615.0
2014-10-21,6660.0
2014-10-22,6730.5
2014-10-23,6718.5
2014-10-24,6759.5
2014-10-27,6800.5
2014-10-28,6859.5
2014-10-29,6855.0
2014-10-30,6785.0
2014-10-31,6835.5
2014-11-03,6801.0
2014-11-04,6705.5
2014-11-05,6646.0
2014-11-06,6681.0
2014-11-07,6720.5
2014-11-10,6735.5
2014-11-11,6688.0
2014-11-12,6752.5
2014-11-13,6755.5
2014-11-14,6695.0
2014-11-17,6752.0
2014-11-18,6684.0
2014-11-19,6715.0
2014-11-20,6688.0
2014-11-21,6790.0
2014-11-24,6731.0
2014-11-25,6696.0
2014-11-26,6649.0
2014-11-27,6621.5
2014-11-28,6515.5
2014-12-01,6385.0
2014-12-02,6455.0
2014-12-03,6451.0
2014-12-04,6491.0
2014-12-05,6536.0
2014-12-08,6465.5
2014-12-09,6401.0
2014-12-10,6476.0
2014-12-11,6471.5
2014-12-12,6526.5
2014-12-15,6560.0
2014-12-16,6390.0
2014-12-17,6306.0
2014-12-18,6350.5
2014-12-19,6445.5
2014-12-22,6426.5
2014-12-23,6363.0
2014-12-24,6361.0
2014-12-29,6332.0
2014-12-30,6330.0
2014-12-31,6359.0
2015-01-02,6309.0
2015-01-05,6216.0
2015-01-06,6191.0
2015-01-07,6170.0
2015-01-08,6230.5
2015-01-09,6151.0
2015-01-12,6131.0
2015-01-13,5915.0
2015-01-14,5627.0
2015-01-15,5719.0
2015-01-16,5660.0
2015-01-19,5671.0
2015-01-20,5760.5
2015-01-21,5630.5
2015-01-22,5742.0
2015-01-23,5581.0
2015-01-26,5490.0
2015-01-27,5557.0
2015-01-28,5485.5
2015-01-29,5390.5
2015-01-30,5505.0
2015-02-02,5535.5
2015-02-03,5695.0
2015-02-04,5708.0
2015-02-05,5595.0
2015-02-06,5692.0
2015-02-09,5666.0
2015-02-10,5591.0
2015-02-11,5645.5
2015-02-12,5695.0
2015-02-13,5731.0
2015-02-16,5712.0
2015-02-17,5665.5
2015-02-18,5690.0
2015-02-19,5720.0
2015-02-20,5707.0
2015-02-23,5657.0
2015-02-24,5715.0
2015-02-25,5805.0
2015-02-26,5935.5
2015-02-27,5880.5
2015-03-02,5896.0
2015-03-03,5855.0
2015-03-04,5882.0
2015-03-05,5856.0
2015-03-06,5826.5
2015-03-09,5800.0
2015-03-10,5783.5
2015-03-11,5786.0
2015-03-12,5865.5
2015-03-13,5860.0
2015-03-16,5853.0
2015-03-17,5765.0
2015-03-18,5692.5
2015-03-19,5835.0
2015-03-20,5920.0
2015-03-23,6093.5
2015-03-24,6128.0
2015-03-25,6134.5
2015-03-26,6230.0
2015-03-27,6146.0
2015-03-30,6110.0
2015-03-31,6050.5
2015-04-01,6019.5
2015-04-02,6001.5
2015-04-07,6041.0
2015-04-08,6055.0
2015-04-09,6050.0
2015-04-10,6055.0
2015-04-13,6011.5
2015-04-14,5916.5
2015-04-15,5920.5
2015-04-16,6054.0
2015-04-17,6081.0
2015-04-20,6002.0
2015-04-21,5975.0
2015-04-22,5927.0
2015-04-23,5935.0
2015-04-24,6025.5
2015-04-27,6061.0
2015-04-28,6090.5
2015-04-29,6103.0
2015-04-30,6245.0
2015-05-01,6362.0
2015-05-05,6410.0
2015-05-06,6400.5
2015-05-07,6437.0
2015-05-08,6396.5
2015-05-11,6363.0
2015-05-12,6448.0
2015-05-13,6416.0
2015-05-14,6399.0
2015-05-15,6356.0
2015-05-18,6383.0
2015-05-19,6270.0
2015-05-20,6208.0
2015-05-21,6240.0
2015-05-22,6197.5
2015-05-26,6134.5
2015-05-27,6085.0
2015-05-28,6117.0
2015-05-29,6088.5
2015-06-01,5970.5
2015-06-02,5998.5
2015-06-03,5992.0
2015-06-04,5954.0
2015-06-05,5924.5
2015-06-08,5915.0
2015-06-09,5989.0
2015-06-10,6045.5
2015-06-11,5906.0
2015-06-12,5888.5
2015-06-15,5760.5
2015-06-16,5752.0
2015-06-17,5749.0
2015-06-18,5761.0
2015-06-19,5663.0
2015-06-22,5646.0
2015-06-23,5725.0
2015-06-24,5765.0
2015-06-25,5715.5
2015-06-26,5731.0
2015-06-29,5767.0
2015-06-30,5721.0
2015-07-01,5755.5
2015-07-02,5761.0
2015-07-03,5761.5
2015-07-06,5570.0
2015-07-07,5440.5
2015-07-08,5375.0
2015-07-09,5576.0
2015-07-10,5561.5
2015-07-13,5605.5
2015-07-14,5502.5
2015-07-15,5597.0
2015-07-16,5530.0
2015-07-17,5465.0
2015-07-20,5425.0
2015-07-21,5475.5
2015-07-22,5350.5
2015-07-23,5340.0
2015-07-24,5224.5
2015-07-27,5190.0
2015-07-28,5239.5
2015-07-29,5302.0
2015-07-30,5241.0
2015-07-31,5220.0
2015-08-03,5176.5
2015-08-04,5215.5
2015-08-05,5171.5
2015-08-06,5165.0
2015-08-07,5135.5
2015-08-10,5150.0
2015-08-11,5140.0
2015-08-12,5103.0
2015-08-13,5148.0
2015-08-14,5156.0
2015-08-17,5101.0
2015-08-18,5000.5
2015-08-19,5006.5
2015-08-20,5060.5
2015-08-21,5046.0
2015-08-24,4888.0
2015-08-25,5032.0
2015-08-26,4959.0
2015-08-27,5029.0
2015-08-28,5095.0
2015-09-01,5095.0
2015-09-02,5090.5
2015-09-03,5250.0
2015-09-04,5155.5
2015-09-07,5176.0
2015-09-08,5280.0
2015-09-09,5366.0
2015-09-10,5400.0
2015-09-11,5352.0
2015-09-14,5324.0
2015-09-15,5290.0
2015-09-16,5350.0
2015-09-17,5369.0
2015-09-18,5358.0
2015-09-21,5267.0
2015-09-22,5131.0
2015-09-23,5112.0
2015-09-24,5046.0
2015-09-25,5098.0
2015-09-28,4965.0
2015-09-29,5010.0
2015-09-30,5093.0
2015-10-01,5178.0
2015-10-02,5081.0
2015-10-05,5144.5
2015-10-06,5175.0
2015-10-07,5241.0
2015-10-08,5160.0
2015-10-09,5319.0
2015-10-12,5335.0
2015-10-13,5260.5
2015-10-14,5278.0
2015-10-15,5344.0
2015-10-16,5270.0
2015-10-19,5240.0
2015-10-20,5189.0
2015-10-21,5185.5
2015-10-22,5274.0
2015-10-23,5295.0
2015-10-26,5233.0
2015-10-27,5219.5
2015-10-28,5179.0
2015-10-29,5161.0
2015-10-30,5135.5
2015-11-02,5137.5
2015-11-03,5149.0
2015-11-04,5165.5
2015-11-05,5053.0
2015-11-06,5000.0
2015-11-09,4990.0
2015-11-10,4933.5
2015-11-11,4931.0
2015-11-12,4872.5
2015-11-13,4825.0
2015-11-16,4765.0
2015-11-17,4700.0
2015-11-18,4669.0
2015-11-19,4610.0
2015-11-20,4690.0
2015-11-23,4515.5
2015-11-24,4527.0
2015-11-25,4541.0
2015-11-26,4667.0
2015-11-27,4636.0
2015-11-30,4595.5
2015-12-01,4619.0
2015-12-02,4589.0
2015-12-03,4525.0
2015-12-04,4637.0
2015-12-07,4592.5
2015-12-08,4567.5
2015-12-09,4620.0
2015-12-10,4572.0
2015-12-11,4667.0
2015-12-14,4640.0
2015-12-15,4586.0
2015-12-16,4583.0
2015-12-17,4550.0
2015-12-18,4650.0
2015-12-21,4691.0
2015-12-22,4672.5
2015-12-23,4680.0
2015-12-24,4665.5
2015-12-29,4685.0
2015-12-30,4715.0
2015-12-31,4702.0
2016-01-04,4645.0
2016-01-05,4647.0
2016-01-06,4600.0
2016-01-07,4514.0
2016-01-08,4486.5
2016-01-11,4402.5
2016-01-12,4355.0
2016-01-13,4380.0
2016-01-14,4365.5
2016-01-15,4310.5
2016-01-18,4360.0
2016-01-19,4440.5
2016-01-20,4347.0
2016-01-21,4376.0
2016-01-22,4468.0
2016-01-25,4454.0
2016-01-26,4501.0
2016-01-27,4507.5
2016-01-28,4553.5
2016-01-29,4541.5
2016-02-01,4534.0
2016-02-02,4605.5
2016-02-03,4578.5
2016-02-04,4685.0
2016-02-05,4669.0
2016-02-08,4572.5
2016-02-09,4530.5
2016-02-10,4507.0
2016-02-11,4474.0
2016-02-12,4488.5
2016-02-15,4562.0
2016-02-16,4583.5
2016-02-17,4562.0
2016-02-18,4577.0
2016-02-19,4590.0
2016-02-22,4696.0
2016-02-23,4663.5
2016-02-24,4585.5
2016-02-25,4655.0
2016-02-26,4681.0
2016-02-29,4705.0
2016-03-01,4726.0
2016-03-02,4780.0
2016-03-03,4830.0
2016-03-04,4918.0
2016-03-07,5000.0
2016-03-08,4980.5
2016-03-09,4935.5
2016-03-10,4920.5
2016-03-11,4941.0
2016-03-14,4994.0
2016-03-15,4920.0
2016-03-16,4945.0
2016-03-17,5029.0
2016-03-18,5103.0
2016-03-21,5079.5
2016-03-22,5070.0
2016-03-23,5060.5
2016-03-24,4931.0
2016-03-29,4939.5
2016-03-30,4940.0
2016-03-31,4855.5
2016-04-01,4880.0
2016-04-04,4816.0
2016-04-05,4776.0
2016-04-06,4775.0
2016-04-07,4715.0
2016-04-08,4654.0
2016-04-11,4645.0
2016-04-12,4715.5
2016-04-13,4838.0
2016-04-14,4830.5
2016-04-15,4813.5
2016-04-18,4798.0
2016-04-19,4812.0
2016-04-20,4938.5
2016-04-21,5025.5
2016-04-22,5015.5
2016-04-25,5000.5
2016-04-26,4935.5
2016-04-27,4932.0
2016-04-28,4912.5
2016-04-29,5045.0
2016-05-03,4960.0
2016-05-04,4892.0
2016-05-05,4826.0
2016-05-06,4810.0
2016-05-09,4739.5
2016-05-10,4710.0
2016-05-11,4748.0
2016-05-12,4744.0
2016-05-13,4660.0
2016-05-16,4640.5
2016-05-17,4634.0
2016-05-18,4600.5
2016-05-19,4596.0
2016-05-20,4630.5
2016-05-23,4572.0
2016-05-24,4637.0
2016-05-25,4636.0
2016-05-26,4705.5
2016-05-27,4725.5
2016-05-31,4700.0
2016-06-01,4601.0
2016-06-02,4600.0
2016-06-03,4688.0
2016-06-06,4706.0
2016-06-07,4589.0
2016-06-08,4590.5
2016-06-09,4546.0
2016-06-10,4504.0
2016-06-13,4515.0
2016-06-14,4510.5
2016-06-15,4632.0
2016-06-16,4524.5
2016-06-17,4521.5
2016-06-20,4585.0
2016-06-21,4587.0
2016-06-22,4687.5
2016-06-23,4747.0
2016-06-24,4663.0
2016-06-27,4692.0
2016-06-28,4777.5
2016-06-29,4780.0
2016-06-30,4827.0
2016-07-01,4783.5
2016-07-04,4920.0
2016-07-05,4840.5
2016-07-06,4706.0
2016-07-07,4725.0
2016-07-08,4710.0
2016-07-11,4746.0
2016-07-12,4811.5
2016-07-13,4918.5
2016-07-14,4911.5
2016-07-15,4945.5
2016-07-18,4839.0
2016-07-19,4938.0
2016-07-20,4900.5
2016-07-21,4953.5
2016-07-22,4956.0
2016-07-25,4920.0
2016-07-26,4862.0
2016-07-27,4869.5
2016-07-28,4862.0
2016-07-29,4853.0
2016-08-01,4907.0
2016-08-02,4885.5
2016-08-03,4844.5
2016-08-04,4787.0
2016-08-05,4792.5
2016-08-08,4796.0
2016-08-09,4779.0
2016-08-10,4874.5
2016-08-11,4810.0
2016-08-12,4746.0
2016-08-15,4746.0
2016-08-16,4798.0
2016-08-17,4755.5
2016-08-18,4802.5
2016-08-19,4774.0
2016-08-22,4732.0
2016-08-23,4719.0
2016-08-24,4658.5
2016-08-25,4639.5
2016-08-26,4622.0
2016-08-30,4609.0
2016-08-31,4602.5
2016-09-01,4620.0
2016-09-02,4607.0
2016-09-05,4603.0
2016-09-06,4623.0
2016-09-07,4643.0
2016-09-08,4617.5
2016-09-09,4622.5
2016-09-12,4573.0
2016-09-13,4641.5
2016-09-14,4694.5
2016-09-15,4727.0
2016-09-16,4733.5
2016-09-19,4731.5
2016-09-20,4732.5
2016-09-21,4733.0
2016-09-22,4815.5
2016-09-23,4815.0
2016-09-26,4794.0
2016-09-27,4775.0
2016-09-28,4807.5
2016-09-29,4816.5
2016-09-30,4832.0
2016-10-03,4807.0
2016-10-04,4790.5
2016-10-05,4777.5
2016-10-06,4742.0
2016-10-07,4742.0
2016-10-10,4786.0
2016-10-11,4801.5
2016-10-12,4805.0
2016-10-13,4754.5
2016-10-14,4672.5
2016-10-17,4671.5
2016-10-18,4665.5
2016-10-19,4642.5
2016-10-20,4633.5
2016-10-21,4637.0
2016-10-24,4620.5
2016-10-25,4720.0
2016-10-26,4717.5
2016-10-27,4774.0
2016-10-28,4787.0
2016-10-31,4827.5
2016-11-01,4862.5
2016-11-02,4871.0
2016-11-03,4918.0
2016-11-04,4943.0
2016-11-07,5032.0
2016-11-08,5044.0
2016-11-09,5335.0
2016-11-10,5619.0
2016-11-11,5900.0
2016-11-14,5620.0
2016-11-15,5448.0
2016-11-16,5459.0
2016-11-17,5426.0
2016-11-18,5446.0
2016-11-21,5535.5
2016-11-22,5618.0
2016-11-23,5564.0
2016-11-24,5834.5
2016-11-25,5822.5
2016-11-28,5935.5
2016-11-29,5778.0
2016-11-30,5740.0
2016-12-01,5773.0
2016-12-02,5736.0
2016-12-05,5851.5
2016-12-06,5856.0
2016-12-07,5903.5
2016-12-08,5838.0
2016-12-09,5824.0
2016-12-12,5757.0
2016-12-13,5765.5
2016-12-14,5735.0
2016-12-15,5682.5
2016-12-16,5649.0
2016-12-19,5561.0
2016-12-20,5485.5
2016-12-21,5498.5
2016-12-22,5426.0
2016-12-23,5482.0
2016-12-27,
2016-12-28,5486.0
2016-12-29,5514.0
2016-12-30,5501.0
2017-01-03,5574.0
2017-01-04,5500.5
2017-01-05,5611.0
2017-01-06,5546.5
2017-01-09,5551.5
2017-01-10,5642.0
2017-01-11,5709.5
2017-01-12,5752.5
2017-01-13,5797.0
2017-01-16,5857.0
2017-01-17,5771.5
2017-01-18,5721.0
2017-01-19,5710.0
2017-01-20,5706.0
2017-01-23,5775.0
2017-01-24,5879.0
2017-01-25,5867.0
2017-01-26,5890.0
2017-01-27,5847.0
2017-01-30,5857.0
2017-01-31,5921.0
2017-02-01,5931.0
2017-02-02,5903.0
2017-02-03,5836.0
2017-02-06,5786.0
2017-02-07,5802.0
2017-02-08,5865.0
2017-02-09,5863.0
2017-02-10,5872.0
2017-02-13,6111.0
2017-02-14,6145.0
2017-02-15,6016.0
2017-02-16,6015.0
2017-02-17,5939.0
2017-02-20,6002.0
2017-02-21,6034.0
2017-02-22,5976.0
2017-02-23,5991.0
2017-02-24,5881.0
2017-02-27,5927.0
2017-02-28,5936.0
2017-03-01,6040.0
2017-03-02,5994.0
2017-03-03,5910.0
2017-03-06,5856.0
2017-03-07,5807.0
2017-03-08,5782.0
2017-03-09,5655.0
2017-03-10,5714.5
2017-03-13,5794.0
2017-03-14,5747.0
2017-03-15,5850.0
2017-03-16,5911.0
2017-03-17,5889.0
2017-03-20,5891.0
2017-03-21,5765.5
2017-03-22,5712.0
2017-03-23,5790.5
2017-03-24,5782.5
2017-03-27,5673.5
2017-03-28,5774.5
2017-03-29,5847.0
2017-03-30,5860.0
2017-03-31,5849.0
2017-04-03,5817.0
2017-04-04,5724.5
2017-04-05,5808.5
2017-04-06,5870.5
2017-04-07,5770.0
2017-04-10,5731.0
2017-04-11,5746.0
2017-04-12,5685.0
2017-04-13,5655.0
2017-04-18,5620.5
2017-04-19,5600.5
2017-04-20,5611.5
2017-04-21,5601.0
2017-04-24,5612.0
2017-04-25,5652.5
2017-04-26,5677.5
2017-04-27,5686.5
2017-04-28,5688.5
2017-05-02,5746.5
2017-05-03,5636.5
2017-05-04,5543.0
2017-05-05,5530.5
2017-05-08,5466.0
2017-05-09,5496.0
2017-05-10,5512.0
2017-05-11,5580.5
2017-05-12,5520.0
2017-05-15,5586.0
2017-05-16,5584.0
2017-05-17,5575.0
2017-05-18,5490.0
2017-05-19,5596.0
2017-05-22,5677.0
2017-05-23,5660.5
2017-05-24,5662.5
2017-05-25,5665.0
2017-05-26,5671.0
2017-05-30,5608.0
2017-05-31,5615.5
2017-06-01,5636.5
2017-06-02,5559.5
2017-06-05,5586.5
2017-06-06,5540.5
2017-06-07,5575.5
2017-06-08,5647.5
2017-06-09,5739.0
2017-06-12,5752.0
2017-06-13,5659.0
2017-06-14,5684.5
2017-06-15,5637.0
2017-06-16,5655.5
2017-06-19,5687.0
2017-06-20,5673.5
2017-06-21,5650.0
2017-06-22,5736.0
2017-06-23,5774.0
2017-06-26,5771.0
2017-06-27,5789.0
2017-06-28,5822.0
2017-06-29,5905.5
2017-06-30,5907.5
2017-07-03,5894.0
2017-07-04,5847.0
2017-07-05,5818.0
2017-07-06,5828.5
2017-07-07,5809.0
2017-07-10,5780.0
2017-07-11,5795.0
2017-07-12,5882.5
2017-07-13,5902.0
2017-07-14,5858.0
2017-07-17,5965.5
2017-07-18,5940.5
2017-07-19,5956.0
2017-07-20,5930.0
2017-07-21,6001.5
2017-07-24,6000.0
2017-07-25,6150.0
2017-07-26,6238.0
2017-07-27,6325.0
2017-07-28,6283.0
2017-07-31,6347.0
2017-08-01,6300.5
2017-08-02,6300.0
2017-08-03,6290.0
2017-08-04,6330.0
2017-08-07,6333.0
2017-08-08,6364.0
2017-08-09,6465.0
2017-08-10,6416.5
2017-08-11,6353.5
2017-08-14,6351.0
2017-08-15,6382.0
2017-08-16,6433.0
2017-08-17,6460.0
2017-08-18,6453.0
2017-08-21,6514.5
2017-08-22,6584.0
2017-08-23,6555.0
2017-08-24,6577.0
2017-08-25,6714.0
2017-08-29,6797.0
2017-08-30,6755.0
2017-08-31,6792.0
2017-09-01,6776.0
2017-09-04,6873.0
2017-09-05,6904.0
2017-09-06,6864.0
2017-09-07,6842.5
2017-09-08,6780.0
2017-09-11,6737.0
2017-09-12,6601.5
2017-09-13,6527.0
2017-09-14,6418.5
2017-09-15,6457.0
2017-09-18,6487.0
2017-09-19,6492.0
2017-09-20,6520.0
2017-09-21,6407.5
2017-09-22,6405.0
2017-09-25,6416.0
2017-09-26,6423.0
2017-09-27,6426.0
2017-09-28,6405.0
2017-09-29,6485.0
2017-10-02,6455.0
2017-10-03,6447.0
2017-10-04,6453.0
2017-10-05,6511.0
2017-10-06,6639.0
2017-10-09,6607.0
2017-10-10,6641.0
2017-10-11,6685.0
2017-10-12,6813.0
2017-10-13,6858.0
2017-10-16,7063.0
2017-10-17,7046.0
2017-10-18,6971.5
2017-10-19,6920.0
2017-10-20,7008.5
2017-10-23,6959.0
2017-10-24,7073.5
2017-10-25,6970.5
2017-10-26,6965.0
2017-10-27,6831.5
2017-10-30,6823.0
2017-10-31,6802.0
2017-11-01,6918.0
2017-11-02,6855.0
2017-11-03,6914.5
2017-11-06,6902.5
2017-11-07,6863.0
2017-11-08,6812.0
2017-11-09,6777.0
2017-11-10,6797.0
2017-11-13,6768.0
2017-11-14,6822.5
2017-11-15,6715.5
2017-11-16,6764.0
2017-11-17,6728.5
2017-11-20,6752.0
2017-11-21,6828.0
2017-11-22,6872.5
2017-11-23,6895.5
2017-11-24,6967.5
2017-11-27,6892.0
2017-11-28,6800.0
2017-11-29,6756.5
2017-11-30,6761.0
2017-12-01,6734.0
2017-12-04,6807.0
2017-12-05,6645.0
2017-12-06,6539.0
2017-12-07,6530.5
2017-12-08,6538.5
2017-12-11,6547.5
2017-12-12,6614.0
2017-12-13,6685.0
2017-12-14,6723.0
2017-12-15,6735.5
2017-12-18,6844.0
2017-12-19,6845.0
2017-12-20,6925.0
2017-12-21,6977.0
2017-12-22,7019.0
2017-12-27,7140.0
2017-12-28,7216.0
2017-12-29,7157.0
2018-01-02,7181.0
2018-01-03,7115.5
2018-01-04,7202.5
2018-01-05,7097.0
2018-01-08,7084.5
2018-01-09,7092.0
2018-01-10,7140.5
2018-01-11,7123.0
2018-01-12,7070.5
2018-01-15,7180.0
2018-01-16,7023.0
2018-01-17,7047.0
2018-01-18,7047.0
2018-01-19,7079.0
2018-01-22,7049.0
2018-01-23,6905.0
2018-01-24,6943.0
2018-01-25,7112.0
2018-01-26,7063.5
2018-01-29,7062.0
2018-01-30,7049.0
2018-01-31,7100.5
2018-02-01,7027.0
2018-02-02,7066.0
2018-02-05,7050.0
2018-02-06,7060.0
2018-02-07,7006.0
2018-02-08,6838.0
2018-02-09,6755.0
2018-02-12,6786.5
2018-02-13,6908.0
2018-02-14,6962.0
2018-02-15,7098.0
2018-02-16,7159.0
2018-02-19,7093.0
2018-02-20,7027.0
2018-02-21,7003.0
2018-02-22,7032.0
2018-02-23,7073.5
2018-02-26,7111.0
2018-02-27,7028.0
2018-02-28,6953.0
2018-03-01,6852.0
2018-03-02,6883.0
2018-03-05,6850.0
2018-03-06,6968.5
2018-03-07,6873.0
2018-03-08,6830.0
2018-03-09,6808.0
2018-03-12,6857.0
2018-03-13,6883.0
2018-03-14,7015.0
2018-03-15,6885.5
2018-03-16,6923.0
2018-03-19,6791.5
2018-03-20,6784.0
2018-03-21,6675.0
2018-03-22,6746.5
2018-03-23,6658.0
2018-03-26,6500.0
2018-03-27,6641.5
2018-03-28,6601.5
2018-03-29,6685.0
2018-04-03,6756.0
2018-04-04,6625.0
2018-04-05,6767.0
2018-04-06,6703.0
2018-04-09,6767.0
2018-04-10,6888.0
2018-04-11,6930.5
2018-04-12,6756.0
2018-04-13,6830.0
2018-04-16,6811.5
2018-04-17,6784.0
2018-04-18,6936.0
2018-04-19,6942.0
2018-04-20,6939.0
2018-04-23,6923.0
2018-04-24,6987.0
2018-04-25,6960.5
2018-04-26,6885.5
2018-04-27,6797.0
2018-04-30,6783.0
2018-05-01,6777.5
2018-05-02,6785.0
2018-05-03,6837.0
2018-05-04,6783.0
2018-05-08,6722.0
2018-05-09,6786.0
2018-05-10,6862.0
2018-05-11,6869.0
2018-05-14,6828.0
2018-05-15,6822.5
2018-05-16,6773.5
2018-05-17,6838.0
2018-05-18,6783.5
2018-05-21,6861.0
2018-05-22,6931.5
2018-05-23,6800.0
2018-05-24,6835.0
2018-05-25,6886.0
2018-05-29,6841.5
2018-05-30,6810.0
2018-05-31,6825.0
2018-06-01,6814.0
2018-06-04,6935.0
2018-06-05,6971.0
2018-06-06,7147.0
2018-06-07,7245.5
2018-06-08,7262.5
2018-06-11,7223.5
2018-06-12,7200.5
2018-06-13,7201.5
2018-06-14,7197.0
2018-06-15,7136.0
2018-06-18,6987.0
2018-06-19,6820.0
2018-06-20,6819.0
2018-06-21,6801.0
2018-06-22,6811.0
2018-06-25,6783.0
2018-06-26,6712.0
2018-06-27,6688.0
2018-06-28,6650.0
2018-06-29,6646.0
2018-07-02,6595.0
2018-07-03,6584.5
2018-07-04,6459.0
2018-07-05,6399.5
2018-07-06,6326.0
2018-07-09,6383.0
2018-07-10,6308.0
2018-07-11,6182.0
2018-07-12,6173.0
2018-07-13,6166.0
2018-07-16,6143.0
2018-07-17,6141.5
2018-07-18,6068.0
2018-07-19,5982.0
2018-07-20,6073.0
2018-07-23,6153.0
2018-07-24,6167.0
2018-07-25,6252.0
2018-07-26,6255.0
2018-07-27,6251.5
2018-07-30,6185.0
2018-07-31,6213.0
2018-08-01,6137.0
2018-08-02,6063.0
2018-08-03,6167.0
2018-08-06,6040.0
2018-08-07,6132.0
2018-08-08,6113.0
2018-08-09,6247.0
2018-08-10,6120.0
2018-08-13,6081.0
2018-08-14,6059.0
2018-08-15,5843.0
2018-08-16,5860.0
2018-08-17,5844.0
2018-08-20,5963.0
2018-08-21,6025.5
2018-08-22,6000.0
2018-08-23,5910.5
2018-08-24,6001.0
2018-08-28,6118.0
2018-08-29,6065.0
2018-08-30,6066.5
2018-08-31,6019.0
2018-09-03,5951.0
2018-09-04,5823.0
2018-09-05,5850.0
2018-09-06,5940.0
2018-09-07,5883.0
2018-09-10,5840.5
2018-09-11,5849.0
2018-09-12,5891.0
2018-09-13,5991.0
2018-09-14,5946.5
2018-09-17,5860.0
2018-09-18,6003.0
2018-09-19,6057.0
2018-09-20,6057.0
2018-09-21,6203.0
2018-09-24,6320.0
2018-09-25,6276.0
2018-09-26,6257.5
2018-09-27,6222.0
2018-09-28,6180.0
2018-10-01,6172.0
2018-10-02,6274.0
2018-10-03,6275.0
2018-10-04,6310.0
2018-10-05,6182.5
2018-10-08,6169.0
2018-10-09,6219.0
2018-10-10,6294.0
2018-10-11,6155.0
2018-10-12,6325.0
2018-10-15,6296.0
2018-10-16,6202.0
2018-10-17,6249.0
2018-10-18,6147.0
2018-10-19,6191.5
2018-10-22,6284.0
2018-10-23,6167.5
2018-10-24,6215.0
2018-10-25,6210.0
2018-10-26,6159.0
2018-10-29,6260.0
2018-10-30,6136.0
2018-10-31,6073.0
2018-11-01,6070.0
2018-11-02,6255.0
2018-11-05,6239.0
2018-11-06,6205.0
2018-11-07,6210.0
2018-11-08,6137.0
2018-11-09,6088.0
2018-11-12,6083.5
2018-11-13,6130.0
2018-11-14,6106.0
2018-11-15,6188.0
2018-11-16,6181.0
2018-11-19,6260.0
2018-11-20,6262.0
2018-11-21,6242.0
2018-11-22,6246.0
2018-11-23,6210.0
2018-11-26,6246.0
2018-11-27,6169.5
2018-11-28,6198.0
2018-11-29,6282.0
2018-11-30,6238.0
2018-12-03,6307.0
2018-12-04,6278.0
2018-12-05,6162.0
2018-12-06,6112.0
2018-12-07,6173.0
2018-12-10,6112.0
2018-12-11,6163.0
2018-12-12,6151.0
2018-12-13,6196.0
2018-12-14,6104.0
2018-12-17,6095.5
2018-12-18,6043.0
2018-12-19,5987.0
2018-12-20,6015.0
2018-12-21,5987.0
2018-12-24,5931.5
2018-12-27,5990.0
2018-12-28,6018.0
2018-12-31,5965.0
2019-01-02,5839.0
2019-01-03,5811.0
2019-01-04,5840.0
2019-01-07,5889.5
2019-01-08,5904.5
2019-01-09,5964.0
2019-01-10,5908.5
2019-01-11,5926.5
2019-01-14,5861.0
2019-01-15,5882.0
2019-01-16,5911.0
2019-01-17,5933.0
2019-01-18,6022.0
2019-01-21,5951.5
2019-01-22,5926.5
2019-01-23,5920.5
2019-01-24,5885.0
2019-01-25,5901.0
2019-01-28,5996.0
2019-01-29,6007.0
2019-01-30,6077.0
2019-01-31,6148.0
2019-02-01,6097.5
2019-02-04,6076.5
2019-02-05,6174.0
2019-02-06,6210.0
2019-02-07,6227.0
2019-02-08,6207.0
2019-02-11,6148.0
2019-02-12,6102.0
2019-02-13,6120.0
2019-02-14,6178.5
2019-02-15,6190.0
2019-02-18,6269.5
2019-02-19,6246.5
2019-02-20,6351.5
2019-02-21,6391.0
2019-02-22,6489.0
2019-02-25,6546.0
2019-02-26,6471.0
2019-02-27,6533.0
2019-02-28,6536.0
2019-03-01,6572.0
2019-03-04,6420.0
2019-03-05,6553.5
2019-03-06,6505.0
2019-03-07,6458.0
2019-03-08,6398.5
2019-03-11,6435.0
2019-03-12,6510.0
2019-03-13,6529.0
2019-03-14,6409.0
2019-03-15,6410.0
2019-03-18,6492.0
2019-03-19,6500.0
2019-03-20,6487.0
2019-03-21,6520.0
2019-03-22,6375.0
2019-03-25,6328.0
2019-03-26,6361.0
2019-03-27,6338.5
2019-03-28,6385.0
2019-03-29,6485.0
2019-04-01,6498.0
2019-04-02,6431.0
2019-04-03,6483.0
2019-04-04,6444.0
2019-04-05,6419.0
2019-04-08,6432.5
2019-04-09,6498.0
2019-04-10,6447.0
2019-04-11,6432.5
2019-04-12,6490.0
2019-04-15,6456.0
2019-04-16,6460.0
2019-04-17,6509.0
2019-04-18,6448.0
2019-04-23,6430.0
2019-04-24,6437.5
2019-04-25,6375.5
2019-04-26,6393.0
2019-04-29,6376.0
2019-04-30,6442.0
2019-05-01,6398.0
2019-05-02,6214.0
2019-05-03,6180.0
2019-05-07,6174.0
2019-05-08,6103.0
2019-05-09,6112.0
2019-05-10,6135.5
2019-05-13,6042.5
2019-05-14,6007.0
2019-05-15,6002.0
2019-05-16,6089.0
2019-05-17,6025.0
2019-05-20,5985.0
2019-05-21,6004.0
2019-05-22,5920.0
2019-05-23,5860.0
2019-05-24,5919.0
2019-05-28,5956.5
2019-05-29,5864.5
2019-05-30,5823.0
2019-05-31,5780.5
2019-06-03,5796.0
2019-06-04,5804.0
2019-06-05,5832.5
2019-06-06,5805.0
2019-06-07,5770.0
2019-06-10,5788.0
2019-06-11,5905.0
2019-06-12,5828.5
2019-06-13,5797.5
2019-06-14,5805.5
2019-06-17,5756.0
2019-06-18,5848.5
2019-06-19,5895.0
2019-06-20,5962.0
2019-06-21,5941.0
2019-06-24,5917.0
2019-06-25,5985.5
2019-06-26,6006.0
2019-06-27,5953.5
2019-06-28,5972.0
2019-07-01,5999.0
2019-07-02,5910.0
2019-07-03,5874.0
2019-07-04,5900.0
2019-07-05,5857.0
2019-07-08,5912.0
2019-07-09,5805.0
2019-07-10,5862.5
2019-07-11,5925.0
2019-07-12,5950.0
2019-07-15,5997.5
2019-07-16,5959.0
2019-07-17,5922.0
2019-07-18,5948.0
2019-07-19,6066.0
2019-07-22,6007.5
2019-07-23,5968.5
2019-07-24,5980.0
2019-07-25,6010.0
2019-07-26,5945.0
2019-07-29,5949.5
2019-07-30,5943.0
2019-07-31,5926.0
2019-08-01,5876.0
2019-08-02,5769.0
2019-08-05,5647.0
2019-08-06,5667.0
2019-08-07,5673.5
2019-08-08,5723.0
2019-08-09,5744.0
2019-08-12,5724.5
2019-08-13,5697.0
2019-08-14,5732.0
2019-08-15,5696.5
2019-08-16,5710.0
2019-08-19,5755.5
2019-08-20,5698.0
2019-08-21,5696.5
2019-08-22,5668.0
2019-08-23,5675.0
2019-08-27,5662.0
2019-08-28,5653.0
2019-08-29,5722.0
2019-08-30,5678.0
2019-09-02,5610.5
2019-09-03,5537.0
2019-09-04,5663.0
2019-09-05,5777.0
2019-09-06,5787.5
2019-09-09,5771.0
2019-09-10,5738.0
2019-09-11,5765.0
2019-09-12,5842.5
2019-09-13,5870.0
2019-09-16,5877.0
2019-09-17,5762.0
2019-09-18,5745.0
2019-09-19,5758.5
2019-09-20,5777.5
2019-09-23,5695.0
2019-09-24,5761.0
2019-09-25,5718.5
2019-09-26,5757.0
2019-09-27,5714.0
2019-09-30,5728.0
2019-10-01,5610.0
2019-10-02,5629.0
2019-10-03,5626.0
2019-10-04,5599.0
2019-10-07,5626.0
2019-10-08,5650.5
2019-10-09,5660.0
2019-10-10,5698.5
2019-10-11,5763.0
2019-10-14,5718.5
2019-10-15,5745.0
2019-10-16,5684.0
2019-10-17,5726.5
2019-10-18,5751.0
2019-10-21,5820.0
2019-10-22,5794.0
2019-10-23,5773.0
2019-10-24,5869.0
2019-10-25,5867.5
2019-10-28,5888.5
2019-10-29,5879.5
2019-10-30,5883.0
2019-10-31,5825.0
2019-11-01,5797.0
2019-11-04,5846.5
2019-11-05,5880.0
2019-11-06,5913.5
2019-11-07,5941.0
2019-11-08,5951.5
2019-11-11,5857.0
2019-11-12,5838.0
2019-11-13,5823.0
2019-11-14,5835.0
2019-11-15,5812.0
2019-11-18,5828.0
2019-11-19,5821.5
2019-11-20,5873.0
2019-11-21,5813.0
2019-11-22,5834.0
2019-11-25,5872.5
2019-11-26,5856.0
2019-11-27,5925.5
2019-11-28,5881.5
2019-11-29,5854.0
2019-12-02,5855.5
2019-12-03,5812.0
2019-12-04,5823.0
2019-12-05,5855.0
2019-12-06,5867.5
2019-12-09,5985.0
2019-12-10,6055.0
2019-12-11,6083.0
2019-12-12,6097.0
2019-12-13,6154.0
2019-12-16,6155.5
2019-12-17,6175.0
2019-12-18,6126.5
2019-12-19,6161.0
2019-12-20,6155.5
2019-12-23,6153.0
2019-12-24,6184.5
2019-12-27,6211.0
2019-12-30,6183.5
2019-12-31,6156.0
2020-01-02,6165.5
2020-01-03,6077.0
2020-01-06,6097.5
2020-01-07,6134.5
2020-01-08,6154.0
2020-01-09,6156.0
2020-01-10,6157.0
2020-01-13,6177.0
2020-01-14,6247.0
2020-01-15,6232.0
2020-01-16,6300.5
2020-01-17,6276.5
2020-01-20,6245.0
2020-01-21,6158.5
2020-01-22,6103.5
2020-01-23,6050.0
2020-01-24,5968.0
2020-01-27,5779.0
2020-01-28,5715.0
2020-01-29,5698.0
2020-01-30,5621.0
2020-01-31,5570.0
2020-02-03,5595.0
2020-02-04,5652.0
2020-02-05,5714.0
2020-02-06,5726.0
2020-02-07,5653.0
2020-02-10,5659.5
2020-02-11,5696.0
2020-02-12,5747.0
2020-02-13,5716.0
2020-02-14,5737.0
2020-02-17,5802.0
2020-02-18,5728.0
2020-02-19,5745.5
2020-02-20,5730.0
2020-02-21,5702.0
2020-02-24,5657.5
2020-02-25,5663.5
2020-02-26,5614.0
2020-02-27,5618.0
2020-02-28,5573.0
2020-03-02,5640.0
2020-03-03,5668.0
2020-03-04,5694.5
2020-03-05,5667.5
2020-03-06,5624.0
2020-03-09,5483.0
2020-03-10,5598.0
2020-03-11,5552.0
2020-03-12,5386.5
2020-03-13,5530.5
2020-03-16,5211.0
2020-03-17,5205.0
2020-03-18,4860.5
2020-03-19,4685.0
2020-03-20,4855.0
2020-03-23,4617.5
2020-03-24,4789.5
2020-03-25,4754.0
2020-03-26,4775.5
2020-03-27,4774.0
2020-03-30,4763.0
2020-03-31,4797.0
2020-04-01,4772.0
2020-04-02,4821.5
2020-04-03,4863.5
2020-04-06,4867.0
2020-04-07,5067.5
2020-04-08,4976.0
2020-04-09,4963.5
2020-04-14,5119.0
2020-04-15,5054.5
2020-04-16,5098.5
2020-04-17,5175.5
2020-04-20,5169.5
2020-04-21,4994.5
2020-04-22,5034.0
2020-04-23,5120.5
2020-04-24,5118.0
2020-04-27,5165.5
2020-04-28,5169.5
2020-04-29,5184.0
2020-04-30,5231.0
2020-05-01,5061.0
2020-05-04,5058.0
2020-05-05,5111.5
2020-05-06,5199.5
2020-05-07,5227.5
2020-05-11,5231.0
2020-05-12,5234.0
2020-05-13,5212.5
2020-05-14,5155.5
2020-05-15,5165.0
2020-05-18,5249.5
2020-05-19,5314.0
2020-05-20,5333.0
2020-05-21,5387.0
2020-05-22,5242.5
2020-05-26,5341.5
2020-05-27,5308.5
2020-05-28,5278.5
2020-05-29,5332.5
2020-06-01,5376.5
2020-06-02,5463.0
2020-06-03,5499.0
2020-06-04,5452.5
2020-06-05,5588.0
2020-06-08,5659.0
2020-06-09,5680.5
2020-06-10,5801.0
2020-06-11,5801.5
2020-06-12,5785.5
2020-06-15,5646.0
2020-06-16,5759.5
2020-06-17,5734.0
2020-06-18,5799.0
2020-06-19,5835.5
2020-06-22,5825.0
2020-06-23,5895.0
2020-06-24,5871.0
2020-06-25,5880.5
2020-06-26,5985.5
2020-06-29,5957.0
2020-06-30,6038.0
2020-07-01,6016.5
2020-07-02,6080.0
2020-07-03,6022.5
2020-07-06,6112.0
2020-07-07,6086.0
2020-07-08,6194.0
2020-07-09,6339.5
2020-07-10,6322.5
2020-07-13,6545.0
2020-07-14,6489.5
2020-07-15,6507.0
2020-07-16,6385.0
2020-07-17,6454.5
2020-07-20,6416.5
2020-07-21,6513.0
2020-07-22,6527.0
2020-07-23,6533.5
2020-07-24,6412.5
2020-07-27,6425.5
2020-07-28,6399.5
2020-07-29,6475.0
2020-07-30,6433.5
2020-07-31,6446.5
2020-08-03,6441.0
2020-08-04,6440.0
2020-08-05,6525.5
2020-08-06,6453.5
2020-08-07,6437.0
2020-08-10,6363.0
2020-08-11,6356.5
2020-08-12,6379.0
2020-08-13,6380.0
2020-08-14,6342.5
2020-08-17,6439.5
2020-08-18,6492.5
2020-08-19,6667.0
2020-08-20,6594.5
2020-08-21,6564.5
2020-08-24,6579.5
2020-08-25,6544.5
2020-08-26,6603.5
2020-08-27,6602.5
2020-08-28,6728.0
2020-09-01,6788.5
2020-09-02,6719.0
2020-09-03,6613.0
2020-09-04,6678.0
2020-09-07,6790.5
2020-09-08,6767.5
2020-09-09,6709.0
2020-09-10,6710.5
2020-09-11,6757.5
2020-09-14,6788.0
2020-09-15,6813.5
2020-09-16,6776.0
2020-09-17,6761.0
2020-09-18,6833.5
2020-09-21,6837.0
2020-09-22,6810.0
2020-09-23,6725.5
2020-09-24,6538.5
2020-09-25,6529.0
2020-09-28,6571.5
2020-09-29,6546.0
2020-09-30,6610.0
2020-10-01,6614.0
2020-10-02,6409.5
2020-10-05,6507.5
2020-10-06,6509.0
2020-10-07,6525.0
2020-10-08,6611.5
2020-10-09,6740.5
2020-10-12,6769.0
2020-10-13,6699.5
2020-10-14,6702.0
2020-10-15,6683.5
2020-10-16,6728.0
2020-10-19,6755.0
2020-10-20,6814.0
2020-10-21,6953.0
2020-10-22,6886.0
2020-10-23,6879.5
2020-10-26,6806.0
2020-10-27,6787.5
2020-10-28,6694.5
2020-10-29,6692.0
2020-10-30,6694.5
2020-11-02,6712.5
2020-11-03,6791.5
2020-11-04,6748.0
2020-11-05,6798.0
2020-11-06,6938.5
2020-11-09,7034.0
2020-11-10,6865.5
2020-11-11,6912.5
2020-11-12,6904.0
2020-11-13,6926.0
2020-11-16,7113.0
2020-11-17,7050.0
2020-11-18,7083.0
2020-11-19,7028.0
2020-11-20,7178.5
2020-11-23,7215.5
2020-11-24,7302.0
2020-11-25,7238.5
2020-11-26,7356.5
2020-11-27,7462.0
2020-11-30,7674.5
2020-12-01,7644.0
2020-12-02,7616.5
2020-12-03,7679.0
2020-12-04,7741.5
2020-12-07,7656.5
2020-12-08,7635.0
2020-12-09,7704.5
2020-12-10,7712.0
2020-12-11,7741.0
2020-12-14,7763.0
2020-12-15,7753.0
2020-12-16,7823.0
2020-12-17,7893.0
2020-12-18,7964.0
2020-12-21,7838.5
2020-12-22,7753.0
2020-12-23,7764.5
2020-12-24,7793.0
2020-12-29,7840.0
2020-12-30,7803.5
2020-12-31,7741.5
2021-01-04,7918.5
2021-01-05,7914.0
2021-01-06,8129.5
2021-01-07,8036.5
2021-01-08,8146.0
2021-01-11,7951.5
2021-01-12,7983.0
2021-01-13,7960.5
2021-01-14,8002.5
2021-01-15,7979.5
2021-01-18,7972.5
2021-01-19,7986.5
2021-01-20,8014.5
2021-01-21,8051.0
2021-01-22,7872.0
2021-01-25,7984.5
2021-01-26,7957.0
2021-01-27,7895.0
2021-01-28,7778.5
2021-01-29,7877.0
2021-02-01,7827.0
2021-02-02,7755.5
2021-02-03,7832.5
2021-02-04,7833.5
2021-02-05,7936.5
2021-02-08,8007.0
2021-02-09,8146.5
2021-02-10,8279.5
2021-02-11,8292.0
2021-02-12,8270.5
2021-02-15,8416.5
2021-02-16,8439.5
2021-02-17,8413.5
2021-02-18,8650.0
2021-02-19,8806.5
2021-02-22,9067.5
2021-02-23,9158.0
2021-02-24,9286.0
2021-02-25,9614.5
2021-02-26,9172.5
2021-03-01,9198.0
2021-03-02,9213.5
2021-03-03,9266.0
2021-03-04,8786.5
2021-03-05,9021.5
2021-03-08,8992.5
2021-03-09,8895.0
2021-03-10,8939.0
2021-03-11,9062.5
2021-03-12,9052.5
2021-03-15,9147.5
2021-03-16,8965.5
2021-03-17,9027.0
2021-03-18,9090.0
2021-03-19,9036.0
2021-03-22,9097.5
2021-03-23,9016.5
2021-03-24,9016.0
2021-03-25,8781.0
2021-03-26,8929.0
2021-03-29,8942.5
2021-03-30,8788.5
2021-03-31,8850.5
2021-04-01,8768.0
2021-04-06,8984.5
2021-04-07,8981.5
2021-04-08,9001.5
2021-04-09,8993.0
2021-04-12,8901.0
2021-04-13,8904.0
2021-04-14,9011.0
2021-04-15,9187.5
2021-04-16,9336.0
2021-04-19,9415.0
2021-04-20,9396.5
2021-04-21,9382.5
2021-04-22,9475.5
2021-04-23,9545.5
2021-04-26,9758.0
2021-04-27,9898.5
2021-04-28,9832.5
2021-04-29,9990.0
2021-04-30,9949.0
2021-05-04,9961.0
2021-05-05,9991.5
2021-05-06,10025.5
2021-05-07,10361.0
2021-05-10,10724.5
2021-05-11,10528.0
2021-05-12,10537.0
2021-05-13,10253.5
2021-05-14,10212.0
2021-05-17,10257.0
2021-05-18,10465.0
2021-05-19,10114.5
2021-05-20,10086.0
2021-05-21,10011.0
2021-05-24,9868.0
2021-05-25,9943.0
2021-05-26,9965.0
2021-05-27,10032.5
2021-05-28,10159.5
2021-06-01,10212.5
2021-06-02,10117.5
2021-06-03,9967.0
2021-06-04,9852.0
2021-06-07,9848.0
2021-06-08,9878.5
2021-06-09,9877.0
2021-06-10,9808.5
2021-06-11,10029.0
2021-06-14,9900.0
2021-06-15,9552.5
2021-06-16,9508.0
2021-06-17,9427.5
2021-06-18,9206.0
2021-06-21,9042.5
2021-06-22,9190.5
2021-06-23,9289.5
2021-06-24,9390.5
2021-06-25,9432.5
2021-06-28,9333.5
2021-06-29,9225.5
2021-06-30,9385.0
2021-07-01,9342.0
2021-07-02,9296.5
2021-07-05,9432.0
2021-07-06,9528.0
2021-07-07,9451.5
2021-07-08,9264.5
2021-07-09,9437.5
2021-07-12,9347.0
2021-07-13,9310.0
2021-07-14,9309.0
2021-07-15,9347.0
2021-07-16,9396.5
2021-07-19,9264.5
2021-07-20,9211.0
2021-07-21,9271.5
2021-07-22,9382.5
2021-07-23,9433.5
2021-07-26,9580.0
2021-07-27,9709.0
2021-07-28,9697.0
2021-07-29,9781.0
2021-07-30,9747.5
2021-08-02,9737.0
2021-08-03,9583.5
2021-08-04,9503.0
2021-08-05,9429.0
2021-08-06,9529.5
2021-08-09,9311.5
2021-08-10,9409.5
2021-08-11,9421.0
2021-08-12,9508.5
2021-08-13,9429.5
2021-08-16,9377.0
2021-08-17,9346.5
2021-08-18,9148.5
2021-08-19,8775.5
2021-08-20,8922.0
2021-08-23,9237.0
2021-08-24,9316.5
2021-08-25,9378.5
2021-08-26,9323.0
2021-08-27,9352.0
2021-08-31,9462.5
2021-09-01,9312.0
2021-09-02,9347.0
2021-09-03,9361.0
2021-09-06,9401.5
2021-09-07,9325.0
2021-09-08,9256.0
2021-09-09,9356.5
2021-09-10,9515.0
2021-09-13,9627.0
2021-09-14,9407.0
2021-09-15,9488.5
2021-09-16,9392.0
2021-09-17,9435.5
2021-09-20,9145.5
2021-09-21,9106.0
2021-09-22,9255.0
2021-09-23,9252.0
2021-09-24,9275.0
2021-09-27,9341.0
2021-09-28,9263.0
2021-09-29,9227.0
2021-09-30,9041.0
2021-10-01,9113.0
2021-10-04,9267.5
2021-10-05,9091.5
2021-10-06,9096.0
2021-10-07,9177.0
2021-10-08,9246.0
2021-10-11,9527.0
2021-10-12,9585.0
2021-10-13,9661.0
2021-10-14,9971.0
2021-10-15,10555.0
2021-10-18,10500.0
2021-10-19,10652.0
2021-10-20,10161.0
2021-10-21,10051.0
2021-10-22,9992.0
2021-10-25,10050.0
2021-10-26,9988.0
2021-10-27,9849.5
2021-10-28,9860.0
2021-10-29,9955.0
2021-11-01,9875.0
2021-11-02,9817.0
2021-11-03,9825.0
2021-11-04,9785.0
2021-11-05,9740.0
2021-11-08,9885.0
2021-11-09,10002.0
2021-11-10,9791.0
2021-11-11,9850.0
2021-11-12,9854.5
2021-11-15,9845.0
2021-11-16,9680.0
2021-11-17,9495.0
2021-11-18,9450.0
2021-11-19,9620.5
2021-11-22,9730.0
2021-11-23,9825.5
2021-11-24,9852.0
2021-11-25,9932.0
2021-11-26,9630.0
2021-11-29,9751.0
2021-11-30,9605.0
2021-12-01,9571.0
2021-12-02,9520.0
2021-12-03,9513.0
2021-12-06,9526.0
2021-12-07,9647.0
2021-12-08,9555.5
2021-12-09,9578.0
2021-12-10,9543.0
2021-12-13,9500.0
2021-12-14,9485.0
2021-12-15,9290.0
2021-12-16,9506.0
2021-12-17,9520.0
2021-12-20,9406.0
2021-12-21,9521.0
2021-12-22,9625.0
2021-12-23,9606.0
2021-12-24,9582.0
2021-12-29,9655.0
2021-12-30,9715.0
2021-12-31,9692.0
2022-01-04,9660.0
2022-01-05,9778.0
2022-01-06,9565.0
2022-01-07,9615.0
2022-01-10,9665.0
2022-01-11,9662.0
2022-01-12,9945.0
2022-01-13,9972.0
2022-01-14,9900.0
2022-01-17,9674.5
2022-01-18,9707.0
2022-01-19,9801.0
2022-01-20,9925.0
2022-01-21,9970.0
2022-01-24,9800.0
2022-01-25,9744.0
2022-01-26,9965.0
2022-01-27,9872.0
2022-01-28,9678.0
2022-01-31,9620.0
2022-02-01,9701.0
2022-02-02,9880.0
2022-02-03,9785.0
2022-02-04,9875.0
2022-02-07,9850.0
2022-02-08,9760.0
2022-02-09,9881.0
2022-02-10,10220.5
2022-02-11,10040.0
2022-02-14,9882.0
2022-02-15,10020.0
2022-02-16,10045.5
2022-02-17,10010.0
2022-02-18,10015.0
2022-02-21,9960.0
2022-02-22,10020.0
2022-02-23,10005.0
2022-02-24,9983.0
2022-02-25,9920.0
2022-02-28,9974.0
2022-03-01,9976.0
2022-03-02,10257.5
2022-03-03,10470.0
2022-03-04,10466.0
2022-03-07,10730.0
2022-03-08,10171.0
2022-03-09,10052.0
2022-03-10,10144.0
2022-03-11,10145.0
2022-03-14,9880.0
2022-03-15,9826.0
2022-03-16,10100.5
2022-03-17,10166.0
2022-03-18,10249.0
2022-03-21,10173.0
2022-03-22,10342.0
2022-03-23,10311.0
2022-03-24,10421.0
2022-03-25,10280.0
2022-03-28,10227.0
2022-03-29,10350.0
2022-03-30,10390.5
2022-03-31,10337.0
2022-04-01,10247.0
2022-04-04,10301.5
2022-04-05,10426.0
2022-04-06,10350.5
2022-04-07,10292.0
2022-04-08,10390.0
2022-04-11,10235.5
2022-04-12,10201.0
2022-04-13,10290.5
2022-04-14,10277.0
2022-04-19,10381.0
2022-04-20,10215.0
2022-04-21,10268.0
2022-04-22,10230.5
2022-04-25,9919.0
2022-04-26,9912.5
2022-04-27,9910.0
2022-04-28,9812.0
2022-04-29,9820.5
2022-05-03,9511.0
2022-05-04,9474.0
2022-05-05,9541.0
2022-05-06,9428.0
2022-05-09,9160.0
2022-05-10,9350.0
2022-05-11,9367.0
2022-05-12,9018.5
2022-05-13,9064.0
2022-05-16,9270.0
2022-05-17,9396.0
2022-05-18,9264.5
2022-05-19,9287.0
2022-05-20,9477.0
2022-05-23,9500.5
2022-05-24,9460.5
2022-05-25,9287.0
2022-05-26,9359.0
2022-05-27,9383.0
2022-05-30,9520.5
2022-05-31,9500.5
2022-06-01,9455.0
2022-06-06,9712.0
2022-06-07,9612.0
2022-06-08,9692.0
2022-06-09,9630.0
2022-06-10,9537.0
2022-06-13,9290.0
2022-06-14,9263.0
2022-06-15,9257.0
2022-06-16,9105.0
2022-06-17,9101.0
2022-06-20,8875.0
2022-06-21,9000.0
2022-06-22,8729.0
2022-06-23,8578.0
2022-06-24,8280.5
2022-06-27,8353.0
2022-06-28,8502.0
2022-06-29,8446.0
2022-06-30,8245.0
2022-07-01,7975.5
2022-07-04,8036.0
2022-07-05,7807.0
2022-07-06,7525.5
2022-07-07,7835.0
2022-07-08,7790.0
2022-07-11,7623.0
2022-07-12,7370.5
2022-07-13,7267.0
2022-07-14,7216.0
2022-07-15,7000.0
2022-07-18,7320.0
2022-07-19,7281.5
2022-07-20,7371.0
2022-07-21,7231.5
2022-07-22,7372.0
2022-07-25,7448.0
2022-07-26,7591.5
2022-07-27,7552.0
2022-07-28,7712.0
2022-07-29,7800.5
2022-08-01,7930.5
2022-08-02,7819.0
2022-08-03,7774.0
2022-08-04,7642.0
2022-08-05,7830.5
2022-08-08,7835.0
2022-08-09,7971.5
2022-08-10,7976.0
2022-08-11,8140.0
2022-08-12,8065.0
2022-08-15,7865.5
2022-08-16,7992.0
2022-08-17,7955.0
2022-08-18,8020.0
2022-08-19,8051.0
2022-08-22,8041.0
2022-08-23,8100.5
2022-08-24,8031.5
2022-08-25,8155.0
2022-08-26,8315.0
2022-08-30,7910.5
2022-08-31,7721.0
2022-09-01,7702.0
2022-09-02,7587.0
2022-09-05,7652.5
2022-09-06,7707.0
2022-09-07,7730.0
2022-09-08,7906.0
2022-09-09,7985.0
2022-09-12,8026.0
2022-09-13,8230.0
2022-09-14,7865.0
2022-09-15,7806.0
2022-09-16,7792.0
2022-09-19,7772.0
2022-09-20,7796.0
2022-09-21,7761.5
2022-09-22,7815.0
2022-09-23,7446.0
2022-09-26,7449.0
2022-09-27,7475.0
2022-09-28,7353.0
2022-09-29,7660.5
2022-09-30,7647.0
2022-10-03,7524.0
2022-10-04,7596.0
2022-10-05,7661.0
2022-10-06,7744.0
2022-10-07,7575.5
2022-10-10,7655.0
2022-10-11,7587.0
2022-10-12,7625.5
2022-10-13,7663.0
2022-10-14,7688.0
2022-10-17,7715.0
2022-10-18,7536.0
2022-10-19,7420.0
2022-10-20,7585.5
2022-10-21,7545.0
2022-10-24,7661.0
2022-10-25,7536.0
2022-10-26,7762.5
2022-10-27,7777.0
2022-10-28,7663.5
2022-10-31,7525.0
2022-11-01,7745.0
2022-11-02,7705.0
2022-11-03,7510.0
2022-11-04,7905.0
2022-11-07,7954.5
2022-11-08,7974.0
2022-11-09,8035.0
2022-11-10,8065.0
2022-11-11,8441.0
2022-11-14,8346.0
2022-11-15,8343.0
2022-11-16,8315.0
2022-11-17,8155.0
2022-11-18,8047.0
2022-11-21,7900.5
2022-11-22,7996.0
2022-11-23,7962.0
2022-11-24,7990.5
2022-11-25,8070.0
2022-11-28,7966.0
2022-11-29,8035.5
2022-11-30,8198.0
2022-12-01,8216.5
2022-12-02,8342.0
2022-12-05,8440.0
2022-12-06,8355.5
2022-12-07,8334.0
2022-12-08,8537.0
2022-12-09,8490.5
2022-12-12,8371.5
2022-12-13,8381.0
2022-12-14,8415.0
2022-12-15,8383.0
2022-12-16,8231.5
2022-12-19,8331.0
2022-12-20,8302.0
2022-12-21,8327.0
2022-12-22,8345.5
2022-12-23,8308.5
2022-12-28,8451.0
2022-12-29,8395.0
2022-12-30,8387.0
2023-01-03,8390.0
2023-01-04,8209.0
2023-01-05,8420.0
2023-01-06,8362.5
2023-01-09,8722.0
2023-01-10,8766.5
2023-01-11,8987.0
2023-01-12,9071.5
2023-01-13,9107.0
2023-01-16,9145.5
2023-01-17,9114.0
2023-01-18,9436.0
2023-01-19,9190.0
2023-01-20,9232.0
2023-01-23,9340.5
2023-01-24,9308.0
2023-01-25,9258.0
2023-01-26,9288.5
2023-01-27,9345.5
2023-01-30,9227.0
2023-01-31,9075.0
2023-02-01,9175.0
2023-02-02,9114.0
2023-02-03,9060.0
2023-02-06,8891.5
2023-02-07,8865.0
2023-02-08,9006.0
2023-02-09,8953.5
2023-02-10,8905.0
2023-02-13,8912.0
2023-02-14,8931.5
2023-02-15,8826.0
2023-02-16,8892.0
2023-02-17,8871.0
2023-02-20,9015.0
2023-02-21,9103.5
2023-02-22,9121.0
2023-02-23,9060.0
2023-02-24,8807.0
2023-02-27,8751.0
2023-02-28,8844.0
2023-03-01,9066.5
2023-03-02,8896.0
2023-03-03,8945.0
2023-03-06,8819.0
2023-03-07,8824.0
2023-03-08,8810.0
2023-03-09,8808.0
2023-03-10,8755.0
2023-03-13,8651.0
2023-03-14,8905.0
2023-03-15,8525.0
2023-03-16,8535.0
2023-03-17,8621.0
2023-03-20,8677.0
2023-03-21,8824.0
2023-03-22,8880.5
2023-03-23,8917.0
2023-03-24,8927.0
2023-03-27,8876.0
2023-03-28,8934.0
2023-03-29,9052.0
2023-03-30,9038.5
2023-03-31,8935.0
2023-04-03,8966.0
2023-04-04,8930.0
2023-04-05,8780.0
2023-04-06,8836.0
2023-04-11,8837.5
2023-04-12,8803.0
2023-04-13,9001.5
2023-04-14,9082.0
2023-04-17,8985.0
2023-04-18,8966.0
2023-04-19,8875.0
2023-04-20,8875.0
2023-04-21,8816.0
2023-04-24,8762.5
2023-04-25,8521.0
2023-04-26,8579.0
2023-04-27,8465.5
2023-04-28,8571.0
2023-05-02,8573.0
2023-05-03,8486.0
2023-05-04,8539.0
2023-05-05,8488.0
2023-05-09,8583.0
2023-05-10,8469.0
2023-05-11,8267.0
2023-05-12,8240.0
2023-05-15,8287.0
2023-05-16,8076.0
2023-05-17,8176.0
2023-05-18,8171.5
2023-05-19,8222.0
2023-05-22,8094.0
2023-05-23,7961.0
2023-05-24,7910.0
2023-05-25,7922.0
2023-05-26,8082.0
2023-05-30,8122.0
2023-05-31,8017.0
2023-06-01,8210.5
2023-06-02,8337.0
2023-06-05,8265.0
2023-06-06,8311.0
2023-06-07,8352.0
2023-06-08,8243.0
2023-06-09,8368.0
2023-06-12,8287.0
2023-06-13,8421.5
2023-06-14,8457.0
2023-06-15,8479.0
2023-06-16,8561.0
2023-06-19,8542.0
2023-06-20,8565.0
2023-06-21,8490.0
2023-06-22,8670.5
2023-06-23,8490.0
2023-06-26,8437.0
2023-06-27,8367.0
2023-06-28,8268.0
2023-06-29,8165.5
2023-06-30,8210.0
2023-07-03,8355.0
2023-07-04,8349.0
2023-07-05,8251.0
2023-07-06,8280.0
2023-07-07,8299.0
2023-07-10,8286.0
2023-07-11,8371.0
2023-07-12,8367.0
2023-07-13,8585.0
2023-07-14,8651.0
2023-07-17,8460.5
2023-07-18,8410.0
2023-07-19,8354.0
2023-07-20,8543.0
2023-07-21,8422.0
2023-07-24,8430.0
2023-07-25,8597.0
2023-07-26,8534.0
2023-07-27,8578.5
2023-07-28,8592.0
2023-07-31,8635.5
2023-08-01,8720.5
2023-08-02,8545.0
2023-08-03,8472.0
2023-08-04,8450.5
2023-08-07,8495.0
2023-08-08,8276.0
2023-08-09,8395.0
2023-08-10,8423.5
2023-08-11,8242.0
2023-08-14,8242.0
2023-08-15,8126.5
2023-08-16,8132.0
2023-08-17,8215.0
2023-08-18,8176.0
2023-08-21,8239.5
2023-08-22,8342.0
2023-08-23,8377.5
2023-08-24,8358.5
2023-08-25,8381.5
2023-08-29,8375.0
2023-08-30,8394.5
2023-08-31,8359.5
2023-09-01,8515.0
2023-09-04,8406.0
2023-09-05,8430.0
2023-09-06,8395.0
2023-09-07,8242.5
2023-09-08,8225.0
2023-09-11,8332.5
2023-09-12,8337.5
2023-09-13,8353.0
2023-09-14,8423.0
2023-09-15,8376.5
2023-09-18,8320.0
2023-09-19,8233.5
2023-09-20,8277.0
2023-09-21,8101.0
2023-09-22,8188.0
2023-09-25,8107.0
2023-09-26,8066.0
2023-09-27,8017.0
2023-09-28,8112.0
2023-09-29,8230.5
2023-10-02,8100.5
2023-10-03,7960.0
2023-10-04,7910.5
2023-10-05,7812.5
2023-10-06,7887.0
2023-10-09,8015.5
2023-10-10,7907.5
2023-10-11,7943.5
2023-10-12,7995.0
2023-10-13,7891.0
2023-10-16,7920.0
2023-10-17,7846.5
2023-10-18,7947.5
2023-10-19,7938.0
2023-10-20,7876.0
2023-10-23,7824.5
2023-10-24,7900.5
2023-10-25,7946.0
2023-10-26,7939.0
2023-10-27,7963.5
2023-10-30,8110.0
2023-10-31,8038.0
2023-11-01,8041.0
2023-11-02,8066.0
2023-11-03,8070.5
2023-11-06,8136.5
2023-11-07,8068.0
2023-11-08,8088.0
2023-11-09,8030.5
2023-11-10,8006.0
2023-11-13,8014.5
2023-11-14,8081.0
2023-11-15,8169.0
2023-11-16,8165.5
2023-11-17,8141.0
2023-11-20,8247.0
2023-11-21,8324.0
2023-11-22,8296.0
2023-11-23,8307.5
2023-11-24,8300.0
2023-11-27,8281.0
2023-11-28,8278.0
2023-11-29,8384.0
2023-11-30,8332.0
2023-12-01,8456.0
2023-12-04,8417.0
2023-12-05,8259.0
2023-12-06,8297.0
2023-12-07,8221.0
2023-12-08,8348.0
2023-12-11,8275.5
2023-12-12,8272.0
2023-12-13,8205.0
2023-12-14,8461.5
2023-12-15,8471.0
2023-12-18,8423.0
2023-12-19,8439.0
2023-12-20,8466.5
2023-12-21,8460.0
2023-12-22,8499.0
2023-12-27,8511.5
2023-12-28,8530.0
2023-12-29,8476.0
2024-01-02,8430.0
2024-01-03,8381.0
2024-01-04,8375.0
2024-01-05,8346.5
2024-01-08,8295.0
2024-01-09,8301.5
2024-01-10,8285.0
2024-01-11,8332.0
2024-01-12,8289.0
2024-01-15,8238.5
2024-01-16,8280.0
2024-01-17,8230.0
2024-01-18,8189.0
2024-01-19,8275.0
2024-01-22,8254.5
2024-01-23,8283.5
2024-01-24,8460.0
2024-01-25,8486.0
2024-01-26,8447.0
2024-01-29,8421.0
2024-01-30,8462.0
2024-01-31,8513.0
2024-02-01,8437.0
2024-02-02,8400.0
2024-02-05,8329.0
2024-02-06,8280.0
2024-02-07,8280.5
2024-02-08,8202.0
2024-02-09,8091.5
2024-02-12,8085.5
2024-02-13,8185.0
2024-02-14,8133.5
2024-02-15,8153.0
2024-02-16,8322.0
2024-02-19,8364.5
2024-02-20,8366.5
2024-02-21,8472.0
2024-02-22,8482.0
2024-02-23,8442.5
2024-02-26,8373.0
2024-02-27,8396.5
2024-02-28,8340.5
2024-02-29,8389.0
2024-03-01,8394.0
2024-03-04,8437.0
2024-03-05,8429.5
2024-03-06,8441.0
2024-03-07,8559.0
2024-03-08,8552.5
2024-03-11,8522.0
2024-03-12,8566.0
2024-03-13,8727.0
2024-03-14,8791.5
2024-03-15,8906.5
2024-03-18,8973.0
2024-03-19,8875.0
2024-03-20,8790.0
2024-03-21,8873.5
2024-03-22,8741.0
2024-03-25,8745.0
2024-03-26,8764.0
2024-03-27,8696.0
2024-03-28,8729.0
2024-04-02,8920.0
2024-04-03,8932.0
2024-04-04,9257.0
2024-04-05,9198.0
2024-04-08,9301.0
2024-04-09,9295.5
2024-04-10,9365.0
2024-04-11,9240.5
2024-04-12,9402.0
2024-04-15,9390.0
2024-04-16,9377.0
2024-04-17,9434.0
2024-04-18,9617.0
2024-04-19,9749.0
2024-04-22,9814.5
2024-04-23,9599.0
2024-04-24,9671.0
2024-04-25,9791.0
2024-04-26,9869.0
2024-04-29,9935.0
2024-04-30,9973.5
2024-05-01,9791.0
2024-05-02,9660.0
2024-05-03,9737.0
2024-05-07,9847.0
2024-05-08,9740.0
2024-05-09,9728.0
2024-05-10,9942.0
2024-05-13,10009.0
2024-05-14,10077.0
2024-05-15,10221.0
2024-05-16,10308.0
2024-05-17,10398.0
2024-05-20,10857.0
2024-05-21,10775.0
2024-05-22,10447.0
2024-05-23,10290.5
2024-05-24,10256.5
2024-05-28,10331.0
2024-05-29,10294.0
2024-05-30,10016.5
2024-05-31,9985.0
2024-06-03,9985.5
2024-06-04,9858.5
2024-06-05,9769.0
2024-06-06,9930.0
2024-06-07,9840.0
2024-06-10,9694.5
2024-06-11,9567.0
2024-06-12,9697.5
2024-06-13,9733.0
2024-06-14,9650.0
2024-06-17,9477.0
2024-06-18,9426.0
2024-06-19,9652.0
2024-06-20,9648.0
2024-06-21,9563.0
2024-06-24,9530.0
2024-06-25,9492.0
2024-06-26,9420.0
2024-06-27,9422.5
2024-06-28,9476.5
2024-07-01,9517.0
2024-07-02,9546.5
2024-07-03,9623.0
2024-07-04,9726.5
2024-07-05,9809.0
2024-07-08,9808.0
2024-07-09,9762.0
2024-07-10,9696.0
2024-07-11,9693.5
2024-07-12,9673.0
2024-07-15,9679.5
2024-07-16,9565.5
2024-07-17,9533.0
2024-07-18,9342.0
2024-07-19,9214.0
2024-07-22,9127.5
2024-07-23,9052.5
2024-07-24,9018.5
2024-07-25,8917.0
2024-07-26,9018.5
2024-07-29,8906.0
2024-07-30,8809.0
2024-07-31,9014.5
2024-08-01,8998.0
2024-08-02,8977.0
2024-08-05,8620.5
2024-08-06,8715.0
2024-08-07,8685.0
2024-08-08,8649.0
2024-08-09,8805.0
2024-08-12,8851.0
2024-08-13,8832.0
2024-08-14,8906.0
2024-08-15,9009.0
2024-08-16,8938.0
2024-08-19,9115.5
2024-08-20,9152.0
2024-08-21,9138.0
2024-08-22,9061.0
2024-08-23,9072.0
2024-08-27,9247.5
2024-08-28,9135.5
2024-08-29,9116.0
2024-08-30,9215.0
2024-09-02,9034.0
2024-09-03,8856.0
2024-09-04,8830.5
2024-09-05,8915.0
2024-09-06,9013.0
2024-09-09,8989.5
2024-09-10,8935.0
2024-09-11,9007.5
2024-09-12,9115.5
2024-09-13,9080.5
2024-09-16,9216.0
2024-09-17,9242.0
2024-09-18,9289.0
2024-09-19,9405.5
2024-09-20,9395.0
2024-09-23,9329.0
2024-09-24,9602.0
2024-09-25,9618.5
2024-09-26,9844.0
2024-09-27,9860.0
2024-09-30,9767.0
2024-10-01,9741.0
2024-10-02,9882.5
2024-10-03,9786.0
2024-10-04,9784.0
2024-10-07,9816.5
2024-10-08,9619.0
2024-10-09,9550.0
2024-10-10,9507.0
2024-10-11,9596.5
2024-10-14,9516.0
2024-10-15,9401.5
2024-10-16,9489.0
2024-10-17,9380.0
2024-10-18,9472.5
2024-10-21,9592.5
2024-10-22,9490.5
2024-10-23,9364.0
2024-10-24,9413.0
2024-10-25,9385.0
2024-10-28,9402.0
2024-10-29,9431.0
2024-10-30,9356.0
2024-10-31,9427.0
2024-11-01,9425.0
2024-11-04,9505.0
2024-11-05,9587.5
2024-11-06,9250.5
2024-11-07,9386.0
2024-11-08,9323.0
2024-11-11,9251.0
2024-11-12,9005.0
2024-11-13,8969.0
2024-11-14,8768.0
2024-11-15,9055.0
2024-11-18,8859.5
2024-11-19,8919.5
2024-11-20,9022.0
2024-11-21,8945.5
2024-11-22,8829.0
2024-11-25,8918.0
2024-11-26,8925.0
2024-11-27,8897.5
2024-11-28,8850.5
2024-11-29,8879.0
2024-12-02,8871.0
2024-12-03,8941.0
2024-12-04,8951.0
2024-12-05,8967.0
2024-12-06,9040.0
2024-12-09,9104.0
2024-12-10,9067.0
2024-12-11,9077.0
2024-12-12,9038.5
2024-12-13,8989.0
2024-12-16,8932.0
2024-12-17,8851.5
2024-12-18,8905.5
2024-12-19,8795.5
2024-12-20,8793.0
2024-12-23,8838.0
2024-12-24,8847.5
2024-12-27,8843.0
2024-12-30,8833.0
2024-12-31,8706.0
2025-01-02,8685.5
2025-01-03,8701.0
2025-01-06,8893.5
2025-01-07,8886.0
2025-01-08,8847.0
2025-01-09,8960.5
2025-01-10,8995.5
2025-01-13,8980.0
2025-01-14,9016.0
2025-01-15,9020.0
2025-01-16,9135.0
2025-01-17,9132.0
2025-01-20,9043.5
2025-01-21,9067.0
2025-01-22,9123.0
2025-01-23,9056.0
2025-01-24,9218.0
2025-01-27,9051.0
2025-01-28,8890.5
2025-01-29,8881.0
2025-01-30,8975.0
2025-01-31,8949.5
2025-02-03,8866.5
2025-02-04,8993.0
2025-02-05,9025.0
2025-02-06,9165.0
2025-02-07,9288.0
2025-02-10,9287.5
2025-02-11,9245.0
2025-02-12,9277.5
2025-02-13,9362.0
2025-02-14,9812.0
2025-02-17,9291.0
2025-02-18,9295.0
2025-02-19,9433.0
2025-02-20,9514.5
2025-02-21,9494.0
2025-02-24,9490.0
2025-02-25,9463.0
2025-02-26,9504.0
2025-02-27,9415.5
2025-02-28,9363.5
2025-03-03,9360.5
2025-03-04,9395.0
2025-03-05,9541.0
2025-03-06,9654.0
2025-03-07,9664.0
2025-03-10,9547.0
2025-03-11,9628.0
2025-03-12,9766.0
2025-03-13,9702.5
2025-03-14,9759.0
2025-03-17,9748.0
2025-03-18,9834.0
2025-03-19,9914.0
2025-03-20,9911.5
2025-03-21,9829.0
2025-03-24,9978.0
2025-03-25,9982.0
2025-03-26,9884.0
2025-03-27,9787.0
2025-03-28,9795.0
2025-03-31,9673.0
2025-04-01,9652.0
2025-04-02,9646.0
2025-04-03,9397.0
2025-04-04,8830.5
2025-04-07,8825.0
2025-04-08,8760.0
2025-04-09,8539.0
2025-04-10,8978.0
2025-04-11,9180.0
2025-04-14,9212.5
2025-04-15,9094.0
2025-04-16,9083.0
2025-04-17,9104.0
2025-04-22,9293.5
2025-04-23,9416.5
2025-04-24,9410.5
2025-04-25,9364.0
2025-04-28,9365.5
2025-04-29,9487.5
2025-04-30,9204.0
2025-05-01,9195.0
2025-05-02,9376.0
2025-05-06,9500.0
2025-05-07,9486.0
2025-05-08,9413.0
2025-05-09,9485.5
2025-05-12,9590.0
2025-05-13,9534.0
2025-05-14,9649.5
2025-05-15,9537.5
2025-05-16,9534.0
2025-05-19,9545.0
2025-05-20,9530.0
2025-05-21,9532.5
2025-05-22,9493.0
2025-05-23,9595.0
2025-05-27,9653.0
2025-05-28,9682.0
2025-05-29,9641.5
2025-05-30,9623.0
2025-06-02,9655.0
2025-06-03,9643.0
2025-06-04,9673.5
2025-06-05,9834.0
2025-06-06,9795.0
2025-06-09,9849.0
2025-06-10,9854.0
2025-06-11,9730.0
2025-06-12,9779.0
2025-06-13,9658.0
2025-06-16,9738.0
2025-06-17,9820.5
2025-06-18,9841.0
2025-06-19,9712.0
2025-06-20,9945.0
2025-06-23,10035.0
2025-06-24,9930.5
2025-06-25,9810.0
2025-06-26,10115.0
2025-06-27,10051.0
2025-06-30,10040.0
2025-07-01,10061.0
2025-07-02,10045.0
2025-07-03,10120.0
2025-07-04,9970.5
2025-07-07,9893.0
2025-07-08,9925.0
2025-07-09,9635.0
2025-07-10,9752.0
2025-07-11,9637.5
2025-07-14,9555.0
2025-07-15,9564.0
2025-07-16,9563.0
2025-07-17,9586.0
2025-07-18,9667.0
2025-07-21,9773.5
2025-07-22,9818.5
2025-07-23,9862.0
2025-07-24,9861.0
2025-07-25,9788.0
2025-07-28,9783.0
2025-07-29,9733.5
2025-07-30,9699.5
2025-07-31,9606.0
2025-08-01,9535.5
2025-08-04,9622.5
2025-08-05,9576.5
2025-08-06,9604.5
2025-08-07,9636.5
2025-08-08,9627.0
2025-08-11,9643.5
2025-08-12,9661.5
2025-08-13,9746.5
2025-08-14,9665.5
2025-08-15,9621.0
2025-08-18,9626.5
2025-08-19,9621.5
2025-08-20,9576.5
2025-08-21,9611.0
2025-08-22,9643.0
2025-08-26,9707.5
2025-08-27,9682.0
2025-08-28,9703.5
2025-08-29,9805.0
2025-09-01,9804.5
2025-09-02,9773.5
2025-09-03,9873.0
2025-09-04,9813.0
2025-09-05,9881.0
2025-09-08,9810.5
2025-09-09,9822.5
2025-09-10,9847.0
2025-09-11,9926.0
2025-09-12,10004.5
2025-09-15,9986.0
2025-09-16,10071.5
2025-09-17,9894.0
2025-09-18,9895.0
2025-09-19,9904.0
2025-09-22,9921.5
2025-09-23,9900.0
2025-09-24,9862.0
2025-09-25,10312.0
2025-09-26,10125.5
2025-09-29,10233.0
2025-09-30,10300.0
2025-10-01,10263.0
2025-10-02,10455.0
2025-10-03,10537.5
2025-10-06,10609.5
2025-10-07,10643.0
2025-10-08,10738.0
2025-10-09,10866.5
2025-10-10,10735.0
2025-10-13,10617.5
2025-10-14,10600.0
2025-10-15,10702.0
2025-10-16,10495.0
2025-10-17,10527.5
2025-10-20,10581.0
2025-10-21,10612.0
2025-10-22,10600.0
2025-10-23,10797.0
2025-10-24,10807.0
2025-10-27,10987.0
2025-10-28,10917.0
2025-10-29,11067.5
2025-10-30,10949.0
2025-10-31,10901.5
2025-11-03,10872.5
2025-11-04,10600.5
2025-11-05,10603.0
2025-11-06,10723.0
2025-11-07,10720.0
2025-11-10,10800.0
2025-11-11,10777.0
2025-11-12,10833.0
2025-11-13,10942.0
2025-11-14,10851.0
