Date,Stock
2008-01-02,929450.0
2008-01-03,929500.0
2008-01-04,933750.0
2008-01-07,934350.0
2008-01-08,935150.0
2008-01-09,935525.0
2008-01-10,936475.0
2008-01-11,939325.0
2008-01-14,940050.0
2008-01-15,941225.0
2008-01-16,944075.0
2008-01-17,947625.0
2008-01-18,947450.0
2008-01-21,949475.0
2008-01-22,948600.0
2008-01-23,948000.0
2008-01-24,946550.0
2008-01-25,945075.0
2008-01-28,952150.0
2008-01-29,953175.0
2008-01-30,955350.0
2008-01-31,956625.0
2008-02-01,956475.0
2008-02-04,954850.0
2008-02-05,954450.0
2008-02-06,953575.0
2008-02-07,953575.0
2008-02-08,953450.0
2008-02-11,953300.0
2008-02-12,956150.0
2008-02-13,957900.0
2008-02-14,956075.0
2008-02-15,954200.0
2008-02-18,952425.0
2008-02-19,951725.0
2008-02-20,952725.0
2008-02-21,952725.0
2008-02-22,951250.0
2008-02-25,950900.0
2008-02-26,950200.0
2008-02-27,949675.0
2008-02-28,948575.0
2008-02-29,947225.0
2008-03-03,947425.0
2008-03-04,948325.0
2008-03-05,948225.0
2008-03-06,946325.0
2008-03-07,943175.0
2008-03-10,942600.0
2008-03-11,951225.0
2008-03-12,963550.0
2008-03-13,987325.0
2008-03-14,1006600.0
2008-03-17,1019550.0
2008-03-18,1024550.0
2008-03-19,1032825.0
2008-03-20,1033875.0
2008-03-25,1035350.0
2008-03-26,1033425.0
2008-03-27,1032250.0
2008-03-28,1031550.0
2008-03-31,1032100.0
2008-04-01,1032050.0
2008-04-02,1030975.0
2008-04-03,1030725.0
2008-04-04,1029875.0
2008-04-07,1029525.0
2008-04-08,1028100.0
2008-04-09,1026400.0
2008-04-10,1024675.0
2008-04-11,1023175.0
2008-04-14,1020650.0
2008-04-15,1029275.0
2008-04-16,1031150.0
2008-04-17,1029300.0
2008-04-18,1027700.0
2008-04-21,1028000.0
2008-04-22,1026975.0
2008-04-23,1026950.0
2008-04-24,1038850.0
2008-04-25,1043775.0
2008-04-28,1042825.0
2008-04-29,1042075.0
2008-04-30,1040675.0
2008-05-01,1038950.0
2008-05-02,1037500.0
2008-05-06,1036325.0
2008-05-07,1039275.0
2008-05-08,1038350.0
2008-05-09,1037100.0
2008-05-12,1035625.0
2008-05-13,1033800.0
2008-05-14,1032375.0
2008-05-15,1030450.0
2008-05-16,1029125.0
2008-05-19,1039550.0
2008-05-20,1061725.0
2008-05-21,1065625.0
2008-05-22,1075600.0
2008-05-23,1073000.0
2008-05-27,1071075.0
2008-05-28,1072300.0
2008-05-29,1077175.0
2008-05-30,1076075.0
2008-06-02,1075775.0
2008-06-03,1074900.0
2008-06-04,1073375.0
2008-06-05,1072400.0
2008-06-06,1070925.0
2008-06-09,1069275.0
2008-06-10,1069900.0
2008-06-11,1068675.0
2008-06-12,1071325.0
2008-06-13,1069975.0
2008-06-16,1068650.0
2008-06-17,1069275.0
2008-06-18,1077300.0
2008-06-19,1078325.0
2008-06-20,1077975.0
2008-06-23,1083925.0
2008-06-24,1084800.0
2008-06-25,1093300.0
2008-06-26,1091325.0
2008-06-27,1094150.0
2008-06-30,1092525.0
2008-07-01,1093175.0
2008-07-02,1091925.0
2008-07-03,1090225.0
2008-07-04,1088175.0
2008-07-07,1087075.0
2008-07-08,1088750.0
2008-07-09,1089250.0
2008-07-10,1088675.0
2008-07-11,1088275.0
2008-07-14,1090325.0
2008-07-15,1090575.0
2008-07-16,1115400.0
2008-07-17,1114150.0
2008-07-18,1118475.0
2008-07-21,1123450.0
2008-07-22,1122375.0
2008-07-23,1121950.0
2008-07-24,1120975.0
2008-07-25,1118875.0
2008-07-28,1122375.0
2008-07-29,1123225.0
2008-07-30,1123950.0
2008-07-31,1125975.0
2008-08-01,1124225.0
2008-08-04,1124275.0
2008-08-05,1123700.0
2008-08-06,1123050.0
2008-08-07,1125675.0
2008-08-08,1124525.0
2008-08-11,1123825.0
2008-08-12,1123600.0
2008-08-13,1123125.0
2008-08-14,1124325.0
2008-08-15,1123375.0
2008-08-18,1128100.0
2008-08-19,1131100.0
2008-08-20,1156150.0
2008-08-21,1164500.0
2008-08-22,1165250.0
2008-08-26,1164725.0
2008-08-27,1162525.0
2008-08-28,1168125.0
2008-08-29,1169375.0
2008-09-01,1169650.0
2008-09-02,1169225.0
2008-09-03,1171875.0
2008-09-04,1173725.0
2008-09-05,1173075.0
2008-09-08,1171950.0
2008-09-09,1170450.0
2008-09-10,1170400.0
2008-09-11,1184650.0
2008-09-12,1186575.0
2008-09-15,1186075.0
2008-09-16,1329325.0
2008-09-17,1329325.0
2008-09-18,1340225.0
2008-09-19,1343250.0
2008-09-22,1358900.0
2008-09-23,1361950.0
2008-09-24,1363225.0
2008-09-25,1369050.0
2008-09-26,1370700.0
2008-09-29,1372900.0
2008-09-30,1376400.0
2008-10-01,1376600.0
2008-10-02,1376175.0
2008-10-03,1383025.0
2008-10-06,1385625.0
2008-10-07,1387750.0
2008-10-08,1394550.0
2008-10-09,1394525.0
2008-10-10,1396025.0
2008-10-13,1398600.0
2008-10-14,1405350.0
2008-10-15,1461225.0
2008-10-16,1470450.0
2008-10-17,1482250.0
2008-10-20,1487350.0
2008-10-21,1494675.0
2008-10-22,1496675.0
2008-10-23,1500150.0
2008-10-24,1503025.0
2008-10-27,1505575.0
2008-10-28,1505775.0
2008-10-29,1506975.0
2008-10-30,1523175.0
2008-10-31,1524325.0
2008-11-03,1528400.0
2008-11-04,1532525.0
2008-11-05,1531375.0
2008-11-06,1537750.0
2008-11-07,1537350.0
2008-11-08,1537350.0
2008-11-10,1548475.0
2008-11-11,1550025.0
2008-11-12,1556150.0
2008-11-13,1600575.0
2008-11-14,1601650.0
2008-11-17,1611650.0
2008-11-18,1619550.0
2008-11-19,1701525.0
2008-11-20,1722375.0
2008-11-21,1724400.0
2008-11-24,1726325.0
2008-11-25,1742150.0
2008-11-26,1751650.0
2008-11-27,1795975.0
2008-11-28,1802950.0
2008-12-01,1823800.0
2008-12-02,1826525.0
2008-12-03,1839275.0
2008-12-04,1858775.0
2008-12-05,1866900.0
2008-12-08,1875825.0
2008-12-09,1877425.0
2008-12-10,1895675.0
2008-12-11,1903275.0
2008-12-12,1919000.0
2008-12-15,1932575.0
2008-12-16,1942675.0
2008-12-17,2041825.0
2008-12-18,2068925.0
2008-12-19,2158600.0
2008-12-22,2197950.0
2008-12-23,2232600.0
2008-12-24,2250000.0
2008-12-29,2253025.0
2008-12-30,2302025.0
2008-12-31,2328900.0
2009-01-02,2338300.0
2009-01-05,2345225.0
2009-01-06,2357100.0
2009-01-07,2370350.0
2009-01-08,2394175.0
2009-01-09,2406225.0
2009-01-12,2421875.0
2009-01-13,2432825.0
2009-01-14,2445525.0
2009-01-15,2479125.0
2009-01-16,2485275.0
2009-01-19,2537150.0
2009-01-20,2552475.0
2009-01-21,2641450.0
2009-01-22,2675700.0
2009-01-23,2692325.0
2009-01-26,2711550.0
2009-01-27,2719350.0
2009-01-28,2731850.0
2009-01-29,2791600.0
2009-01-30,2803650.0
2009-02-02,2810825.0
2009-02-03,2839125.0
2009-02-04,2838350.0
2009-02-05,2860900.0
2009-02-06,2869625.0
2009-02-09,2888475.0
2009-02-10,2903000.0
2009-02-11,2915875.0
2009-02-12,2924000.0
2009-02-13,2927925.0
2009-02-16,2938250.0
2009-02-17,2948375.0
2009-02-18,3088075.0
2009-02-19,3118925.0
2009-02-20,3147300.0
2009-02-23,3159950.0
2009-02-24,3173075.0
2009-02-25,3182850.0
2009-02-26,3201125.0
2009-02-27,3208625.0
2009-03-02,3226700.0
2009-03-03,3243900.0
2009-03-04,3255600.0
2009-03-05,3260300.0
2009-03-06,3266600.0
2009-03-09,3272700.0
2009-03-10,3284950.0
2009-03-11,3285850.0
2009-03-12,3289100.0
2009-03-13,3364025.0
2009-03-16,3369375.0
2009-03-17,3374850.0
2009-03-18,3440700.0
2009-03-19,3448900.0
2009-03-20,3451900.0
2009-03-23,3459350.0
2009-03-24,3454875.0
2009-03-25,3451875.0
2009-03-26,3456100.0
2009-03-27,3471025.0
2009-03-30,3477600.0
2009-03-31,3468975.0
2009-04-01,3477300.0
2009-04-02,3476525.0
2009-04-03,3471800.0
2009-04-06,3474300.0
2009-04-07,3511225.0
2009-04-08,3546375.0
2009-04-09,3551175.0
2009-04-14,3651275.0
2009-04-15,3666875.0
2009-04-16,3658350.0
2009-04-17,3666125.0
2009-04-20,3660025.0
2009-04-21,3650000.0
2009-04-22,3659525.0
2009-04-23,3676525.0
2009-04-24,3691700.0
2009-04-27,3701325.0
2009-04-28,3725975.0
2009-04-29,3767325.0
2009-04-30,3786225.0
2009-05-01,3792300.0
2009-05-05,3797125.0
2009-05-06,3839725.0
2009-05-07,3844725.0
2009-05-08,3858550.0
2009-05-11,3863500.0
2009-05-12,3874750.0
2009-05-13,3880325.0
2009-05-14,3886700.0
2009-05-15,3935975.0
2009-05-18,3937050.0
2009-05-19,4060600.0
2009-05-20,4141675.0
2009-05-21,4176625.0
2009-05-22,4191975.0
2009-05-26,4202275.0
2009-05-27,4211975.0
2009-05-28,4228525.0
2009-05-29,4233650.0
2009-06-01,4237225.0
2009-06-02,4242475.0
2009-06-03,4241350.0
2009-06-04,4234450.0
2009-06-05,4237325.0
2009-06-08,4275400.0
2009-06-09,4277775.0
2009-06-10,4274550.0
2009-06-11,4272875.0
2009-06-12,4269850.0
2009-06-15,4275075.0
2009-06-16,4322300.0
2009-06-17,4359100.0
2009-06-18,4371775.0
2009-06-19,4368925.0
2009-06-22,4361625.0
2009-06-23,4354075.0
2009-06-24,4351575.0
2009-06-25,4345425.0
2009-06-26,4365925.0
2009-06-29,4371000.0
2009-06-30,4398350.0
2009-07-01,4394825.0
2009-07-02,4397325.0
2009-07-03,4400725.0
2009-07-06,4399350.0
2009-07-07,4399600.0
2009-07-08,4397100.0
2009-07-09,4396025.0
2009-07-10,4393600.0
2009-07-13,4436725.0
2009-07-14,4448850.0
2009-07-15,4511975.0
2009-07-16,4512525.0
2009-07-17,4513225.0
2009-07-20,4520175.0
2009-07-21,4555350.0
2009-07-22,4555475.0
2009-07-23,4553650.0
2009-07-24,4552525.0
2009-07-27,4554475.0
2009-07-28,4550250.0
2009-07-29,4547025.0
2009-07-30,4543300.0
2009-07-31,4560650.0
2009-08-03,4564800.0
2009-08-04,4561050.0
2009-08-05,4567850.0
2009-08-06,4569600.0
2009-08-07,4562650.0
2009-08-10,4566850.0
2009-08-11,4566250.0
2009-08-12,4566175.0
2009-08-13,4561925.0
2009-08-14,4556675.0
2009-08-17,4551600.0
2009-08-18,4572050.0
2009-08-19,4624575.0
2009-08-20,4625925.0
2009-08-21,4623325.0
2009-08-24,4620075.0
2009-08-25,4616500.0
2009-08-26,4617975.0
2009-08-27,4613725.0
2009-08-28,4614350.0
2009-09-01,4612950.0
2009-09-02,4614325.0
2009-09-03,4611325.0
2009-09-04,4607600.0
2009-09-07,4602775.0
2009-09-08,4600900.0
2009-09-09,4598750.0
2009-09-10,4593850.0
2009-09-11,4591625.0
2009-09-14,4597275.0
2009-09-15,4617900.0
2009-09-16,4629000.0
2009-09-17,4624150.0
2009-09-18,4617750.0
2009-09-21,4612325.0
2009-09-22,4607500.0
2009-09-23,4603250.0
2009-09-24,4597675.0
2009-09-25,4593225.0
2009-09-28,4587700.0
2009-09-29,4583850.0
2009-09-30,4586925.0
2009-10-01,4585350.0
2009-10-02,4581100.0
2009-10-05,4582025.0
2009-10-06,4582175.0
2009-10-07,4579475.0
2009-10-08,4576150.0
2009-10-09,4568200.0
2009-10-12,4561225.0
2009-10-13,4558800.0
2009-10-14,4554850.0
2009-10-15,4548375.0
2009-10-16,4544775.0
2009-10-19,4544875.0
2009-10-20,4580850.0
2009-10-21,4589900.0
2009-10-22,4585500.0
2009-10-23,4580225.0
2009-10-26,4575875.0
2009-10-27,4571400.0
2009-10-28,4570025.0
2009-10-29,4564575.0
2009-10-30,4559025.0
2009-11-02,4555525.0
2009-11-03,4552050.0
2009-11-04,4547675.0
2009-11-05,4545375.0
2009-11-06,4542100.0
2009-11-09,4539625.0
2009-11-10,4535900.0
2009-11-11,4543075.0
2009-11-12,4539925.0
2009-11-13,4537200.0
2009-11-16,4537025.0
2009-11-17,4560325.0
2009-11-18,4559325.0
2009-11-19,4595250.0
2009-11-20,4592850.0
2009-11-23,4590350.0
2009-11-24,4586550.0
2009-11-25,4594650.0
2009-11-26,4602725.0
2009-11-27,4600375.0
2009-11-30,4599475.0
2009-12-01,4599700.0
2009-12-02,4595900.0
2009-12-03,4593075.0
2009-12-04,4594100.0
2009-12-07,4590150.0
2009-12-08,4595200.0
2009-12-09,4593150.0
2009-12-10,4590000.0
2009-12-11,4586125.0
2009-12-14,4584200.0
2009-12-15,4605600.0
2009-12-16,4625375.0
2009-12-17,4637475.0
2009-12-18,4638850.0
2009-12-21,4636675.0
2009-12-22,4633150.0
2009-12-23,4632100.0
2009-12-24,4633800.0
2009-12-29,4630225.0
2009-12-30,4628425.0
2009-12-31,4628900.0
2010-01-04,4624425.0
2010-01-05,4624125.0
2010-01-06,4619850.0
2010-01-07,4615400.0
2010-01-08,4613400.0
2010-01-11,4607900.0
2010-01-12,4604225.0
2010-01-13,4598975.0
2010-01-14,4593400.0
2010-01-15,4584950.0
2010-01-18,4579300.0
2010-01-19,4623175.0
2010-01-20,4622225.0
2010-01-21,4640750.0
2010-01-22,4635075.0
2010-01-25,4630825.0
2010-01-26,4627700.0
2010-01-27,4623800.0
2010-01-28,4619200.0
2010-01-29,4611975.0
2010-02-01,4611350.0
2010-02-02,4608225.0
2010-02-03,4601625.0
2010-02-04,4595575.0
2010-02-05,4587675.0
2010-02-08,4580225.0
2010-02-09,4571975.0
2010-02-10,4566225.0
2010-02-11,4561275.0
2010-02-12,4555800.0
2010-02-15,4550025.0
2010-02-16,4586825.0
2010-02-17,4609575.0
2010-02-18,4605675.0
2010-02-19,4598650.0
2010-02-22,4591375.0
2010-02-23,4588350.0
2010-02-24,4583875.0
2010-02-25,4579875.0
2010-02-26,4575350.0
2010-03-01,4570075.0
2010-03-02,4566775.0
2010-03-03,4557950.0
2010-03-04,4551975.0
2010-03-05,4545125.0
2010-03-08,4538900.0
2010-03-09,4532975.0
2010-03-10,4527825.0
2010-03-11,4523200.0
2010-03-12,4518800.0
2010-03-15,4512725.0
2010-03-16,4537775.0
2010-03-17,4546025.0
2010-03-18,4618200.0
2010-03-19,4611725.0
2010-03-22,4603275.0
2010-03-23,4596350.0
2010-03-24,4592900.0
2010-03-25,4586350.0
2010-03-26,4579375.0
2010-03-29,4574775.0
2010-03-30,4604850.0
2010-03-31,4600150.0
2010-04-01,4594300.0
2010-04-06,4588425.0
2010-04-07,4590825.0
2010-04-08,4586125.0
2010-04-09,4581000.0
2010-04-12,4575650.0
2010-04-13,4570650.0
2010-04-14,4568075.0
2010-04-15,4561850.0
2010-04-16,4565000.0
2010-04-19,4560275.0
2010-04-20,4570375.0
2010-04-21,4570575.0
2010-04-22,4572900.0
2010-04-23,4567000.0
2010-04-26,4558000.0
2010-04-27,4551825.0
2010-04-28,4546450.0
2010-04-29,4541700.0
2010-04-30,4535450.0
2010-05-04,4529550.0
2010-05-05,4518075.0
2010-05-06,4511675.0
2010-05-07,4506225.0
2010-05-10,4501100.0
2010-05-11,4495775.0
2010-05-12,4488500.0
2010-05-13,4482475.0
2010-05-14,4478750.0
2010-05-17,4474425.0
2010-05-18,4511025.0
2010-05-19,4549625.0
2010-05-20,4588700.0
2010-05-21,4583975.0
2010-05-24,4578725.0
2010-05-25,4573750.0
2010-05-26,4570150.0
2010-05-27,4566625.0
2010-05-28,4561400.0
2010-06-01,4556175.0
2010-06-02,4548450.0
2010-06-03,4541150.0
2010-06-04,4532075.0
2010-06-07,4525100.0
2010-06-08,4517225.0
2010-06-09,4510900.0
2010-06-10,4503325.0
2010-06-11,4496725.0
2010-06-14,4486225.0
2010-06-15,4495775.0
2010-06-16,4487925.0
2010-06-17,4481200.0
2010-06-18,4474175.0
2010-06-21,4467350.0
2010-06-22,4457350.0
2010-06-23,4463675.0
2010-06-24,4453375.0
2010-06-25,4446400.0
2010-06-28,4440625.0
2010-06-29,4433550.0
2010-06-30,4428075.0
2010-07-01,4422025.0
2010-07-02,4416875.0
2010-07-05,4410775.0
2010-07-06,4404850.0
2010-07-07,4409550.0
2010-07-08,4403875.0
2010-07-09,4398000.0
2010-07-12,4389925.0
2010-07-13,4383550.0
2010-07-14,4375900.0
2010-07-15,4381725.0
2010-07-16,4375150.0
2010-07-19,4368825.0
2010-07-20,4417100.0
2010-07-21,4420025.0
2010-07-22,4415950.0
2010-07-23,4409975.0
2010-07-26,4404650.0
2010-07-27,4399775.0
2010-07-28,4395125.0
2010-07-29,4390625.0
2010-07-30,4385300.0
2010-08-02,4381100.0
2010-08-03,4403750.0
2010-08-04,4404975.0
2010-08-05,4400500.0
2010-08-06,4397675.0
2010-08-09,4391650.0
2010-08-10,4386475.0
2010-08-11,4388375.0
2010-08-12,4384250.0
2010-08-13,4382400.0
2010-08-16,4377975.0
2010-08-17,4448800.0
2010-08-18,4469775.0
2010-08-19,4464675.0
2010-08-20,4464825.0
2010-08-23,4460150.0
2010-08-24,4456375.0
2010-08-25,4452700.0
2010-08-26,4448800.0
2010-08-27,4445600.0
2010-08-31,4442475.0
2010-09-01,4435475.0
2010-09-02,4432200.0
2010-09-03,4426825.0
2010-09-06,4421650.0
2010-09-07,4417075.0
2010-09-08,4415950.0
2010-09-09,4410800.0
2010-09-10,4405700.0
2010-09-13,4400575.0
2010-09-14,4401525.0
2010-09-15,4402150.0
2010-09-16,4397400.0
2010-09-17,4393425.0
2010-09-20,4388375.0
2010-09-21,4384425.0
2010-09-22,4378775.0
2010-09-23,4374375.0
2010-09-24,4369550.0
2010-09-27,4365150.0
2010-09-28,4362150.0
2010-09-29,4358800.0
2010-09-30,4355650.0
2010-10-01,4352000.0
2010-10-04,4348850.0
2010-10-05,4344500.0
2010-10-06,4340675.0
2010-10-07,4336675.0
2010-10-08,4331600.0
2010-10-11,4327575.0
2010-10-12,4323750.0
2010-10-13,4322250.0
2010-10-14,4318100.0
2010-10-15,4313975.0
2010-10-18,4312375.0
2010-10-19,4316325.0
2010-10-20,4329825.0
2010-10-21,4325125.0
2010-10-22,4320950.0
2010-10-25,4319275.0
2010-10-26,4315075.0
2010-10-27,4310975.0
2010-10-28,4307375.0
2010-10-29,4306350.0
2010-11-01,4303075.0
2010-11-02,4297675.0
2010-11-03,4299075.0
2010-11-04,4294625.0
2010-11-05,4284275.0
2010-11-08,4281450.0
2010-11-09,4270975.0
2010-11-10,4262400.0
2010-11-11,4255175.0
2010-11-12,4252550.0
2010-11-15,4252125.0
2010-11-16,4299125.0
2010-11-17,4305900.0
2010-11-18,4305125.0
2010-11-19,4302125.0
2010-11-22,4298025.0
2010-11-23,4294600.0
2010-11-24,4291675.0
2010-11-25,4287900.0
2010-11-26,4284125.0
2010-11-29,4281325.0
2010-11-30,4288125.0
2010-12-01,4288750.0
2010-12-02,4284300.0
2010-12-03,4285500.0
2010-12-06,4291725.0
2010-12-07,4287225.0
2010-12-08,4281425.0
2010-12-09,4278300.0
2010-12-10,4274025.0
2010-12-13,4272375.0
2010-12-14,4283600.0
2010-12-15,4293925.0
2010-12-16,4289300.0
2010-12-17,4287600.0
2010-12-20,4282900.0
2010-12-21,4279575.0
2010-12-22,4275725.0
2010-12-23,4281500.0
2010-12-24,4275275.0
2010-12-29,4272575.0
2010-12-30,4280600.0
2010-12-31,4277050.0
2011-01-04,4274975.0
2011-01-05,4273950.0
2011-01-06,4274875.0
2011-01-07,4272400.0
2011-01-10,4369500.0
2011-01-11,4393700.0
2011-01-12,4408350.0
2011-01-13,4434950.0
2011-01-14,4435000.0
2011-01-17,4431350.0
2011-01-18,4461975.0
2011-01-19,4485675.0
2011-01-20,4486325.0
2011-01-21,4550325.0
2011-01-24,4545950.0
2011-01-25,4541175.0
2011-01-26,4536200.0
2011-01-27,4530725.0
2011-01-28,4524675.0
2011-01-31,4521225.0
2011-02-01,4525850.0
2011-02-02,4525550.0
2011-02-03,4533875.0
2011-02-04,4530975.0
2011-02-07,4562625.0
2011-02-08,4561425.0
2011-02-09,4600650.0
2011-02-10,4601775.0
2011-02-11,4599450.0
2011-02-14,4594725.0
2011-02-15,4600225.0
2011-02-16,4597925.0
2011-02-17,4598200.0
2011-02-18,4593175.0
2011-02-21,4621325.0
2011-02-22,4621350.0
2011-02-23,4620500.0
2011-02-24,4615500.0
2011-02-25,4610875.0
2011-02-28,4611475.0
2011-03-01,4606625.0
2011-03-02,4604425.0
2011-03-03,4598950.0
2011-03-04,4606200.0
2011-03-07,4602250.0
2011-03-08,4601925.0
2011-03-09,4602725.0
2011-03-10,4597350.0
2011-03-11,4590300.0
2011-03-14,4585750.0
2011-03-15,4624925.0
2011-03-16,4620450.0
2011-03-17,4619400.0
2011-03-18,4612825.0
2011-03-21,4606175.0
2011-03-22,4600925.0
2011-03-23,4594450.0
2011-03-24,4608875.0
2011-03-25,4602950.0
2011-03-28,4606100.0
2011-03-29,4602600.0
2011-03-30,4598925.0
2011-03-31,4595375.0
2011-04-01,4592075.0
2011-04-04,4588700.0
2011-04-05,4593175.0
2011-04-06,4589000.0
2011-04-07,4584475.0
2011-04-08,4581775.0
2011-04-11,4577525.0
2011-04-12,4575250.0
2011-04-13,4571200.0
2011-04-14,4569125.0
2011-04-15,4566375.0
2011-04-18,4564975.0
2011-04-19,4595525.0
2011-04-20,4604800.0
2011-04-21,4603075.0
2011-04-26,4600175.0
2011-04-27,4606100.0
2011-04-28,4612050.0
2011-05-03,4611375.0
2011-05-04,4606000.0
2011-05-05,4603350.0
2011-05-06,4600325.0
2011-05-09,4596875.0
2011-05-10,4594750.0
2011-05-11,4592000.0
2011-05-12,4590750.0
2011-05-13,4622825.0
2011-05-16,4687925.0
2011-05-17,4710550.0
2011-05-18,4711875.0
2011-05-19,4709825.0
2011-05-20,4708750.0
2011-05-23,4706425.0
2011-05-24,4707125.0
2011-05-25,4706675.0
2011-05-26,4706100.0
2011-05-27,4702825.0
2011-05-31,4699300.0
2011-06-01,4691450.0
2011-06-02,4685100.0
2011-06-03,4680925.0
2011-06-06,4673450.0
2011-06-07,4667850.0
2011-06-08,4660050.0
2011-06-09,4653100.0
2011-06-10,4645925.0
2011-06-13,4636925.0
2011-06-14,4631200.0
2011-06-15,4621725.0
2011-06-16,4612550.0
2011-06-17,4602425.0
2011-06-20,4590300.0
2011-06-21,4579625.0
2011-06-22,4566675.0
2011-06-23,4555550.0
2011-06-24,4544725.0
2011-06-27,4533250.0
2011-06-28,4523250.0
2011-06-29,4509950.0
2011-06-30,4499650.0
2011-07-01,4487600.0
2011-07-04,4475425.0
2011-07-05,4465125.0
2011-07-06,4458800.0
2011-07-07,4449175.0
2011-07-08,4440225.0
2011-07-11,4431325.0
2011-07-12,4424825.0
2011-07-13,4418550.0
2011-07-14,4410650.0
2011-07-15,4412175.0
2011-07-18,4404225.0
2011-07-19,4416425.0
2011-07-20,4407550.0
2011-07-21,4400225.0
2011-07-22,4392550.0
2011-07-25,4382225.0
2011-07-26,4376625.0
2011-07-27,4369000.0
2011-07-28,4461425.0
2011-07-29,4453250.0
2011-08-01,4445600.0
2011-08-02,4437475.0
2011-08-03,4429900.0
2011-08-04,4420175.0
2011-08-05,4411175.0
2011-08-08,4404775.0
2011-08-09,4394825.0
2011-08-10,4580800.0
2011-08-11,4572575.0
2011-08-12,4564225.0
2011-08-15,4557675.0
2011-08-16,4579350.0
2011-08-17,4572250.0
2011-08-18,4565425.0
2011-08-19,4669850.0
2011-08-22,4662375.0
2011-08-23,4654275.0
2011-08-24,4646975.0
2011-08-25,4654275.0
2011-08-26,4649000.0
2011-08-30,4642725.0
2011-08-31,4632450.0
2011-09-01,4632525.0
2011-09-02,4628125.0
2011-09-05,4623900.0
2011-09-06,4618600.0
2011-09-07,4614775.0
2011-09-08,4609750.0
2011-09-09,4604700.0
2011-09-12,4608825.0
2011-09-13,4601225.0
2011-09-14,4595525.0
2011-09-15,4588400.0
2011-09-16,4581750.0
2011-09-19,4579475.0
2011-09-20,4599350.0
2011-09-21,4592900.0
2011-09-22,4592625.0
2011-09-23,4588275.0
2011-09-26,4583800.0
2011-09-27,4578225.0
2011-09-28,4573025.0
2011-09-29,4569075.0
2011-09-30,4567325.0
2011-10-03,4563750.0
2011-10-04,4558250.0
2011-10-05,4556600.0
2011-10-06,4551750.0
2011-10-07,4548725.0
2011-10-10,4544725.0
2011-10-11,4558675.0
2011-10-12,4555700.0
2011-10-13,
2011-10-14,4548575.0
2011-10-17,4557400.0
2011-10-18,4574350.0
2011-10-19,4571625.0
2011-10-20,4569875.0
2011-10-21,4564975.0
2011-10-24,4561375.0
2011-10-25,4558850.0
2011-10-26,4557000.0
2011-10-27,4554450.0
2011-10-28,4551075.0
2011-10-31,4548025.0
2011-11-01,4548025.0
2011-11-02,4546675.0
2011-11-03,4544850.0
2011-11-04,4545725.0
2011-11-07,4546475.0
2011-11-08,4543575.0
2011-11-09,4540925.0
2011-11-10,4536875.0
2011-11-11,4533675.0
2011-11-14,4530550.0
2011-11-15,4562600.0
2011-11-16,4560975.0
2011-11-17,4561050.0
2011-11-18,4560275.0
2011-11-21,4557325.0
2011-11-22,4554075.0
2011-11-23,4568375.0
2011-11-24,4565300.0
2011-11-25,4562675.0
2011-11-28,4562675.0
2011-11-29,4563000.0
2011-11-30,4560350.0
2011-12-01,4557650.0
2011-12-02,4554975.0
2011-12-05,4550075.0
2011-12-06,4549800.0
2011-12-07,4549000.0
2011-12-08,4546050.0
2011-12-09,4589050.0
2011-12-12,4715700.0
2011-12-13,4811550.0
2011-12-14,4826275.0
2011-12-15,4825475.0
2011-12-16,4822725.0
2011-12-19,4873025.0
2011-12-20,4922800.0
2011-12-21,4953725.0
2011-12-22,4953025.0
2011-12-23,4950550.0
2011-12-28,4971375.0
2011-12-29,4969600.0
2011-12-30,4970400.0
2012-01-03,4978750.0
2012-01-04,4983175.0
2012-01-05,4980625.0
2012-01-06,4975600.0
2012-01-09,4971075.0
2012-01-10,4966475.0
2012-01-11,4962650.0
2012-01-12,4973725.0
2012-01-13,4970550.0
2012-01-16,4967450.0
2012-01-17,5006525.0
2012-01-18,5005150.0
2012-01-19,5005225.0
2012-01-20,5005050.0
2012-01-23,5010750.0
2012-01-24,5007200.0
2012-01-25,5003800.0
2012-01-26,5000150.0
2012-01-27,4996650.0
2012-01-30,4996475.0
2012-01-31,4994425.0
2012-02-01,4996275.0
2012-02-02,4992500.0
2012-02-03,4989000.0
2012-02-06,5019525.0
2012-02-07,5019075.0
2012-02-08,5031250.0
2012-02-09,5027475.0
2012-02-10,5027450.0
2012-02-13,5064275.0
2012-02-14,5114175.0
2012-02-15,5121300.0
2012-02-16,5117975.0
2012-02-17,5120650.0
2012-02-20,5117075.0
2012-02-21,5125800.0
2012-02-22,5124100.0
2012-02-23,5118775.0
2012-02-24,5115475.0
2012-02-27,5115775.0
2012-02-28,5113425.0
2012-02-29,5107775.0
2012-03-01,5103000.0
2012-03-02,5101150.0
2012-03-05,5096075.0
2012-03-06,5087975.0
2012-03-07,5088275.0
2012-03-08,5098325.0
2012-03-09,5090525.0
2012-03-12,5087925.0
2012-03-13,5079500.0
2012-03-14,5071675.0
2012-03-15,5073350.0
2012-03-16,5071950.0
2012-03-19,5068950.0
2012-03-20,5081950.0
2012-03-21,5088775.0
2012-03-22,5083900.0
2012-03-23,5089250.0
2012-03-26,5083300.0
2012-03-27,5078225.0
2012-03-28,5072525.0
2012-03-29,5068575.0
2012-03-30,5063350.0
2012-04-02,5076925.0
2012-04-03,5071100.0
2012-04-04,5064600.0
2012-04-05,5059075.0
2012-04-10,5066625.0
2012-04-11,5050925.0
2012-04-12,5059875.0
2012-04-13,5052700.0
2012-04-16,5045275.0
2012-04-17,5079900.0
2012-04-18,5071000.0
2012-04-19,5062125.0
2012-04-20,5058475.0
2012-04-23,5052700.0
2012-04-24,5046350.0
2012-04-25,5055675.0
2012-04-26,5046350.0
2012-04-27,5035625.0
2012-04-30,5024900.0
2012-05-01,5014500.0
2012-05-02,5015500.0
2012-05-03,5004200.0
2012-05-04,4990075.0
2012-05-08,4980300.0
2012-05-09,4959425.0
2012-05-10,4946825.0
2012-05-11,4951125.0
2012-05-14,4949900.0
2012-05-15,4984650.0
2012-05-16,4976500.0
2012-05-17,4982900.0
2012-05-18,4975175.0
2012-05-21,4964850.0
2012-05-22,4958000.0
2012-05-23,4952975.0
2012-05-24,4956325.0
2012-05-25,4943900.0
2012-05-28,4945325.0
2012-05-29,4937600.0
2012-05-30,4929350.0
2012-05-31,4918925.0
2012-06-01,4917200.0
2012-06-06,4904125.0
2012-06-07,4875375.0
2012-06-08,4864200.0
2012-06-11,4860200.0
2012-06-12,4848625.0
2012-06-13,4835125.0
2012-06-14,4860925.0
2012-06-15,4847550.0
2012-06-18,4849600.0
2012-06-19,4860575.0
2012-06-20,4858075.0
2012-06-21,4847075.0
2012-06-22,4861375.0
2012-06-25,4851700.0
2012-06-26,4849975.0
2012-06-27,4839150.0
2012-06-28,4844725.0
2012-06-29,4833925.0
2012-07-02,4822650.0
2012-07-03,4812625.0
2012-07-04,4805775.0
2012-07-05,4809525.0
2012-07-06,4818725.0
2012-07-09,4828850.0
2012-07-10,4822850.0
2012-07-11,4811050.0
2012-07-12,4800400.0
2012-07-13,4803475.0
2012-07-16,4799850.0
2012-07-17,4806475.0
2012-07-18,4808500.0
2012-07-19,4802550.0
2012-07-20,4832425.0
2012-07-23,4850500.0
2012-07-24,4845400.0
2012-07-25,4840675.0
2012-07-26,4835050.0
2012-07-27,4840625.0
2012-07-30,4840150.0
2012-07-31,4886725.0
2012-08-01,4878425.0
2012-08-02,4870900.0
2012-08-03,4864450.0
2012-08-06,4880425.0
2012-08-07,4874650.0
2012-08-08,4868850.0
2012-08-09,4863200.0
2012-08-10,4860950.0
2012-08-13,4867725.0
2012-08-14,4896725.0
2012-08-15,4891800.0
2012-08-16,4893175.0
2012-08-17,4919925.0
2012-08-20,4914175.0
2012-08-21,4909950.0
2012-08-22,4912350.0
2012-08-23,4913050.0
2012-08-24,4904025.0
2012-08-28,4893375.0
2012-08-29,4889650.0
2012-08-30,4878950.0
2012-08-31,4870050.0
2012-09-03,4884950.0
2012-09-04,4878475.0
2012-09-05,4874625.0
2012-09-06,4866400.0
2012-09-07,4871425.0
2012-09-10,4869925.0
2012-09-11,4862825.0
2012-09-12,4854325.0
2012-09-13,4971325.0
2012-09-14,5008975.0
2012-09-17,5017725.0
2012-09-18,5078750.0
2012-09-19,5078175.0
2012-09-20,5080000.0
2012-09-21,5085850.0
2012-09-24,5080950.0
2012-09-25,5080725.0
2012-09-26,5071800.0
2012-09-27,5064250.0
2012-09-28,5055850.0
2012-10-01,5049775.0
2012-10-02,5059100.0
2012-10-03,5049100.0
2012-10-04,5040325.0
2012-10-05,5033000.0
2012-10-08,5024350.0
2012-10-09,5034000.0
2012-10-10,5025775.0
2012-10-11,5047275.0
2012-10-12,5069575.0
2012-10-15,5064950.0
2012-10-16,5065800.0
2012-10-17,5058250.0
2012-10-18,5048450.0
2012-10-19,5039125.0
2012-10-22,5062875.0
2012-10-23,5059500.0
2012-10-24,5057575.0
2012-10-25,5058625.0
2012-10-26,5052625.0
2012-10-29,5060825.0
2012-10-30,5083150.0
2012-10-31,5077375.0
2012-11-01,5071475.0
2012-11-02,5085050.0
2012-11-05,5079375.0
2012-11-06,5090675.0
2012-11-07,5084425.0
2012-11-08,5086325.0
2012-11-09,5095775.0
2012-11-12,5105800.0
2012-11-13,5101625.0
2012-11-14,5095100.0
2012-11-15,5087100.0
2012-11-16,5105425.0
2012-11-19,5107300.0
2012-11-20,5172500.0
2012-11-21,5166500.0
2012-11-22,5159425.0
2012-11-23,5177425.0
2012-11-26,5177100.0
2012-11-27,5174500.0
2012-11-28,5178250.0
2012-11-29,5189525.0
2012-11-30,5207225.0
2012-12-03,5199525.0
2012-12-04,5191175.0
2012-12-05,5189950.0
2012-12-06,5181775.0
2012-12-07,5187100.0
2012-12-10,5186825.0
2012-12-11,5177300.0
2012-12-12,5167650.0
2012-12-13,5159300.0
2012-12-14,5174125.0
2012-12-17,5202400.0
2012-12-18,5238450.0
2012-12-19,5240725.0
2012-12-20,5236975.0
2012-12-21,5241525.0
2012-12-24,5232125.0
2012-12-27,5222300.0
2012-12-28,5216675.0
2012-12-31,5210050.0
2013-01-02,5210350.0
2013-01-03,5212500.0
2013-01-04,5217250.0
2013-01-07,5213525.0
2013-01-08,5206675.0
2013-01-09,5196650.0
2013-01-10,5191900.0
2013-01-11,5180475.0
2013-01-14,5183625.0
2013-01-15,5187850.0
2013-01-16,5184575.0
2013-01-17,5173950.0
2013-01-18,5188750.0
2013-01-21,5177475.0
2013-01-22,5171400.0
2013-01-23,5167600.0
2013-01-24,5164150.0
2013-01-25,5156975.0
2013-01-28,5161175.0
2013-01-29,5170300.0
2013-01-30,5164050.0
2013-01-31,5156975.0
2013-02-01,5155300.0
2013-02-04,5153350.0
2013-02-05,5158200.0
2013-02-06,5147750.0
2013-02-07,5138775.0
2013-02-08,5158925.0
2013-02-11,5150150.0
2013-02-12,5142450.0
2013-02-13,5147225.0
2013-02-14,5147800.0
2013-02-15,5145150.0
2013-02-18,5156850.0
2013-02-19,5157450.0
2013-02-20,5151950.0
2013-02-21,5158025.0
2013-02-22,5164200.0
2013-02-25,5157100.0
2013-02-26,5155775.0
2013-02-27,5161100.0
2013-02-28,5162050.0
2013-03-01,5172550.0
2013-03-04,5162875.0
2013-03-05,5162700.0
2013-03-06,5187925.0
2013-03-07,5197450.0
2013-03-08,5188900.0
2013-03-11,5189975.0
2013-03-12,5182425.0
2013-03-13,5180975.0
2013-03-14,5172950.0
2013-03-15,5173075.0
2013-03-18,5182175.0
2013-03-19,5223325.0
2013-03-20,5217425.0
2013-03-21,5229825.0
2013-03-22,5230025.0
2013-03-25,5222500.0
2013-03-26,5239150.0
2013-03-27,5230650.0
2013-03-28,5237400.0
2013-04-02,5228425.0
2013-04-03,5212075.0
2013-04-04,5206800.0
2013-04-05,5212800.0
2013-04-08,5212975.0
2013-04-09,5203150.0
2013-04-10,5202900.0
2013-04-11,5192100.0
2013-04-12,5194750.0
2013-04-15,5192325.0
2013-04-16,5199000.0
2013-04-17,5188475.0
2013-04-18,5194575.0
2013-04-19,5186075.0
2013-04-22,5176850.0
2013-04-23,5176200.0
2013-04-24,5167075.0
2013-04-25,5159000.0
2013-04-26,5158625.0
2013-04-29,5167725.0
2013-04-30,5157625.0
2013-05-01,5152825.0
2013-05-02,5163650.0
2013-05-03,5167775.0
2013-05-07,5160075.0
2013-05-08,5142325.0
2013-05-09,5151950.0
2013-05-10,5146650.0
2013-05-13,5154175.0
2013-05-14,5230300.0
2013-05-15,5225975.0
2013-05-16,5230925.0
2013-05-17,5238500.0
2013-05-20,5231125.0
2013-05-21,5225650.0
2013-05-22,5218175.0
2013-05-23,5221525.0
2013-05-24,5213275.0
2013-05-28,5213050.0
2013-05-29,5203150.0
2013-05-30,5209975.0
2013-05-31,5202000.0
2013-06-03,5198375.0
2013-06-04,5196400.0
2013-06-05,5204550.0
2013-06-06,5196025.0
2013-06-07,5187275.0
2013-06-10,5206025.0
2013-06-11,5198425.0
2013-06-12,5214150.0
2013-06-13,5206350.0
2013-06-14,5219825.0
2013-06-17,5279425.0
2013-06-18,5348150.0
2013-06-19,5414250.0
2013-06-20,5433975.0
2013-06-21,5433950.0
2013-06-24,5440325.0
2013-06-25,5445275.0
2013-06-26,5448000.0
2013-06-27,5442475.0
2013-06-28,5435600.0
2013-07-01,5450175.0
2013-07-02,5444675.0
2013-07-03,5436400.0
2013-07-04,5428450.0
2013-07-05,5418800.0
2013-07-08,5419875.0
2013-07-09,5433575.0
2013-07-10,5425425.0
2013-07-11,5417100.0
2013-07-12,5411425.0
2013-07-15,5410050.0
2013-07-16,5472700.0
2013-07-17,5486100.0
2013-07-18,5479550.0
2013-07-19,5477725.0
2013-07-22,5469150.0
2013-07-23,5466500.0
2013-07-24,5460300.0
2013-07-25,5464025.0
2013-07-26,5483175.0
2013-07-29,5476175.0
2013-07-30,5473925.0
2013-07-31,5478525.0
2013-08-01,5471100.0
2013-08-02,5472375.0
2013-08-05,5466675.0
2013-08-06,5480625.0
2013-08-07,5473275.0
2013-08-08,5471475.0
2013-08-09,5463350.0
2013-08-12,5459800.0
2013-08-13,5458550.0
2013-08-14,5452125.0
2013-08-15,5444475.0
2013-08-16,5438675.0
2013-08-19,5443050.0
2013-08-20,5447425.0
2013-08-21,5440275.0
2013-08-22,5431600.0
2013-08-23,5428175.0
2013-08-27,5422150.0
2013-08-28,5412975.0
2013-08-29,5407050.0
2013-08-30,5400350.0
2013-09-02,5392475.0
2013-09-03,5389175.0
2013-09-04,5386625.0
2013-09-05,5380975.0
2013-09-06,5375450.0
2013-09-09,5370350.0
2013-09-10,5364425.0
2013-09-11,5359525.0
2013-09-12,5353725.0
2013-09-13,5348325.0
2013-09-16,5360375.0
2013-09-17,5393225.0
2013-09-18,5387650.0
2013-09-19,5428200.0
2013-09-20,5420800.0
2013-09-23,5416275.0
2013-09-24,5408150.0
2013-09-25,5401000.0
2013-09-26,5392725.0
2013-09-27,5385900.0
2013-09-30,5381000.0
2013-10-01,5374550.0
2013-10-02,5372375.0
2013-10-03,5366125.0
2013-10-04,5360475.0
2013-10-07,5354025.0
2013-10-08,5346900.0
2013-10-09,5341275.0
2013-10-10,5334075.0
2013-10-11,5328400.0
2013-10-14,5321450.0
2013-10-15,5343325.0
2013-10-16,5340900.0
2013-10-17,5422925.0
2013-10-18,5415675.0
2013-10-21,5407525.0
2013-10-22,5401975.0
2013-10-23,5402650.0
2013-10-24,5396025.0
2013-10-25,5397300.0
2013-10-28,5395900.0
2013-10-29,5389975.0
2013-10-30,5383625.0
2013-10-31,5375725.0
2013-11-01,5368950.0
2013-11-04,5372625.0
2013-11-05,5368325.0
2013-11-06,5358325.0
2013-11-07,5348300.0
2013-11-08,5345775.0
2013-11-11,5336450.0
2013-11-12,5327325.0
2013-11-13,5320550.0
2013-11-14,5309700.0
2013-11-15,5299650.0
2013-11-18,5335050.0
2013-11-19,5357750.0
2013-11-20,5348875.0
2013-11-21,5352175.0
2013-11-22,5419275.0
2013-11-25,5410275.0
2013-11-26,5401675.0
2013-11-27,5395175.0
2013-11-28,5395725.0
2013-11-29,5470425.0
2013-12-02,5471750.0
2013-12-03,5465575.0
2013-12-04,5472450.0
2013-12-05,5462850.0
2013-12-06,5451375.0
2013-12-09,5441200.0
2013-12-10,5432600.0
2013-12-11,5422675.0
2013-12-12,5412100.0
2013-12-13,5402225.0
2013-12-16,5392350.0
2013-12-17,5415050.0
2013-12-18,5407550.0
2013-12-19,5467825.0
2013-12-20,5468400.0
2013-12-23,5460225.0
2013-12-24,5474700.0
2013-12-27,5467950.0
2013-12-30,5464700.0
2013-12-31,5451800.0
2014-01-02,5451800.0
2014-01-03,5459750.0
2014-01-06,5455400.0
2014-01-07,5451550.0
2014-01-08,5449825.0
2014-01-09,5444025.0
2014-01-10,5437425.0
2014-01-13,5430750.0
2014-01-14,5461325.0
2014-01-15,5453525.0
2014-01-16,5492325.0
2014-01-17,5484375.0
2014-01-20,5476175.0
2014-01-21,5468900.0
2014-01-22,5466875.0
2014-01-23,5459775.0
2014-01-24,5452450.0
2014-01-27,5445400.0
2014-01-28,5438075.0
2014-01-29,5439125.0
2014-01-30,5432125.0
2014-01-31,5423550.0
2014-02-03,5415950.0
2014-02-04,5408200.0
2014-02-05,5400800.0
2014-02-06,5392800.0
2014-02-07,5384950.0
2014-02-10,5377000.0
2014-02-11,5368250.0
2014-02-12,5358100.0
2014-02-13,5382000.0
2014-02-14,5371425.0
2014-02-17,5362175.0
2014-02-18,5363175.0
2014-02-19,5357700.0
2014-02-20,5353425.0
2014-02-21,5346375.0
2014-02-24,5338700.0
2014-02-25,5332125.0
2014-02-26,5324350.0
2014-02-27,5317400.0
2014-02-28,5311300.0
2014-03-03,5303825.0
2014-03-04,5297025.0
2014-03-05,5289275.0
2014-03-06,5282375.0
2014-03-07,5293200.0
2014-03-10,5285700.0
2014-03-11,5276675.0
2014-03-12,5266800.0
2014-03-13,5255225.0
2014-03-14,5243700.0
2014-03-17,5236475.0
2014-03-18,5227200.0
2014-03-19,5435325.0
2014-03-20,5424975.0
2014-03-21,5414875.0
2014-03-24,5406675.0
2014-03-25,5399625.0
2014-03-26,5391425.0
2014-03-27,5393250.0
2014-03-28,5387100.0
2014-03-31,5381900.0
2014-04-01,5375350.0
2014-04-02,5368925.0
2014-04-03,5359250.0
2014-04-04,5354900.0
2014-04-07,5355675.0
2014-04-08,5355925.0
2014-04-09,5354450.0
2014-04-10,5350750.0
2014-04-11,5351075.0
2014-04-14,5344275.0
2014-04-15,5334175.0
2014-04-16,5323725.0
2014-04-17,5315575.0
2014-04-22,5320050.0
2014-04-23,5316650.0
2014-04-24,5327450.0
2014-04-25,5339325.0
2014-04-28,5347575.0
2014-04-29,5359475.0
2014-04-30,5352900.0
2014-05-01,5343875.0
2014-05-02,5347750.0
2014-05-06,5345125.0
2014-05-07,5331600.0
2014-05-08,5321900.0
2014-05-09,5313300.0
2014-05-12,5303475.0
2014-05-13,5289600.0
2014-05-14,5282125.0
2014-05-15,5273950.0
2014-05-16,5264450.0
2014-05-19,5264450.0
2014-05-20,5241950.0
2014-05-21,5232175.0
2014-05-22,5222700.0
2014-05-23,5230600.0
2014-05-26,5230600.0
2014-05-27,5221950.0
2014-05-28,5208325.0
2014-05-29,5199175.0
2014-05-30,5194425.0
2014-06-02,5187075.0
2014-06-03,5181250.0
2014-06-04,5175500.0
2014-06-05,5170375.0
2014-06-06,5160575.0
2014-06-09,5152975.0
2014-06-10,5146525.0
2014-06-11,5140000.0
2014-06-12,5131675.0
2014-06-13,5127100.0
2014-06-16,5118150.0
2014-06-17,5109600.0
2014-06-18,5100000.0
2014-06-19,5092050.0
2014-06-20,5084125.0
2014-06-23,5077275.0
2014-06-24,5072125.0
2014-06-25,5066250.0
2014-06-26,5060425.0
2014-06-27,5053875.0
2014-06-30,5046200.0
2014-07-01,5071650.0
2014-07-02,5066400.0
2014-07-03,5058325.0
2014-07-04,5049225.0
2014-07-07,5038525.0
2014-07-08,5034200.0
2014-07-09,5024225.0
2014-07-10,5015350.0
2014-07-11,5005900.0
2014-07-14,4995275.0
2014-07-15,4986175.0
2014-07-16,4976200.0
2014-07-17,4967425.0
2014-07-18,4957950.0
2014-07-21,4947200.0
2014-07-22,4938125.0
2014-07-23,4930475.0
2014-07-24,4922050.0
2014-07-25,4913225.0
2014-07-28,4977225.0
2014-07-29,4969575.0
2014-07-30,4961375.0
2014-07-31,4968700.0
2014-08-01,4961950.0
2014-08-04,4954550.0
2014-08-05,4945575.0
2014-08-06,4936900.0
2014-08-07,4927500.0
2014-08-08,4919625.0
2014-08-11,4911900.0
2014-08-12,4912400.0
2014-08-13,4904400.0
2014-08-14,4899825.0
2014-08-15,4892775.0
2014-08-18,4880125.0
2014-08-19,4872050.0
2014-08-20,4863350.0
2014-08-21,4851850.0
2014-08-22,4843275.0
2014-08-26,4833925.0
2014-08-27,4817000.0
2014-08-28,4810550.0
2014-08-29,4803425.0
2014-09-01,4796075.0
2014-09-02,4788600.0
2014-09-03,4786125.0
2014-09-04,4777225.0
2014-09-05,4768050.0
2014-09-08,4757900.0
2014-09-09,4748725.0
2014-09-10,4742175.0
2014-09-11,4729925.0
2014-09-12,4720675.0
2014-09-15,4711675.0
2014-09-16,4700900.0
2014-09-17,4692950.0
2014-09-18,4683450.0
2014-09-19,4671500.0
2014-09-22,4661950.0
2014-09-23,4651075.0
2014-09-24,4644225.0
2014-09-25,4637375.0
2014-09-26,4634225.0
2014-09-29,4626050.0
2014-09-30,4620175.0
2014-10-01,4613775.0
2014-10-02,4604675.0
2014-10-03,4599550.0
2014-10-06,4589700.0
2014-10-07,4584900.0
2014-10-08,4571375.0
2014-10-09,4563875.0
2014-10-10,4554325.0
2014-10-13,4545700.0
2014-10-14,4539925.0
2014-10-15,4535475.0
2014-10-16,4526050.0
2014-10-17,4517475.0
2014-10-20,4507500.0
2014-10-21,4497350.0
2014-10-22,4482925.0
2014-10-23,4474500.0
2014-10-24,4462075.0
2014-10-27,4447200.0
2014-10-28,4436450.0
2014-10-29,4427975.0
2014-10-30,4441425.0
2014-10-31,4435525.0
2014-11-03,4428800.0
2014-11-04,4421150.0
2014-11-05,4436575.0
2014-11-06,4437125.0
2014-11-07,4427975.0
2014-11-10,4421275.0
2014-11-11,4414500.0
2014-11-12,4406575.0
2014-11-13,4402775.0
2014-11-14,4393075.0
2014-11-17,4383300.0
2014-11-18,4383050.0
2014-11-19,4371525.0
2014-11-20,4377575.0
2014-11-21,4368825.0
2014-11-24,4362950.0
2014-11-25,4354025.0
2014-11-26,4342425.0
2014-11-27,4332400.0
2014-11-28,4324175.0
2014-12-01,4330750.0
2014-12-02,4325075.0
2014-12-03,4323875.0
2014-12-04,4326850.0
2014-12-05,4318200.0
2014-12-08,4322300.0
2014-12-09,4312200.0
2014-12-10,4302525.0
2014-12-11,4301700.0
2014-12-12,4292450.0
2014-12-15,4282050.0
2014-12-16,4272100.0
2014-12-17,4261750.0
2014-12-18,4271625.0
2014-12-19,4261575.0
2014-12-22,4251075.0
2014-12-23,4241150.0
2014-12-24,4231275.0
2014-12-29,4223225.0
2014-12-30,4216850.0
2014-12-31,4210275.0
2015-01-02,4205225.0
2015-01-05,4204650.0
2015-01-06,4194750.0
2015-01-07,4184400.0
2015-01-08,4175750.0
2015-01-09,4166825.0
2015-01-12,4157050.0
2015-01-13,4149300.0
2015-01-14,4140575.0
2015-01-15,4131350.0
2015-01-16,4122600.0
2015-01-19,4114775.0
2015-01-20,4106675.0
2015-01-21,4102475.0
2015-01-22,4094975.0
2015-01-23,4086175.0
2015-01-26,4080925.0
2015-01-27,4075325.0
2015-01-28,4068450.0
2015-01-29,4058300.0
2015-01-30,4048900.0
2015-02-02,4041075.0
2015-02-03,4033675.0
2015-02-04,4028050.0
2015-02-05,4020575.0
2015-02-06,4012500.0
2015-02-09,4007175.0
2015-02-10,4001125.0
2015-02-11,3993400.0
2015-02-12,3988700.0
2015-02-13,3982775.0
2015-02-16,3976725.0
2015-02-17,3972475.0
2015-02-18,3968675.0
2015-02-19,3960550.0
2015-02-20,3954175.0
2015-02-23,3947400.0
2015-02-24,3948775.0
2015-02-25,3951425.0
2015-02-26,3954375.0
2015-02-27,3946650.0
2015-03-02,3939425.0
2015-03-03,3932750.0
2015-03-04,3925700.0
2015-03-05,3917800.0
2015-03-06,3911775.0
2015-03-09,3916125.0
2015-03-10,3917975.0
2015-03-11,3917625.0
2015-03-12,3919650.0
2015-03-13,3913725.0
2015-03-16,3907375.0
2015-03-17,3942800.0
2015-03-18,3955600.0
2015-03-19,3952700.0
2015-03-20,3976650.0
2015-03-23,3983725.0
2015-03-24,3975900.0
2015-03-25,3969175.0
2015-03-26,3964975.0
2015-03-27,3958625.0
2015-03-30,3951725.0
2015-03-31,3943725.0
2015-04-01,3935275.0
2015-04-02,3938025.0
2015-04-07,3928125.0
2015-04-08,3912350.0
2015-04-09,3903650.0
2015-04-10,3896450.0
2015-04-13,3888875.0
2015-04-14,3887250.0
2015-04-15,3880150.0
2015-04-16,3881350.0
2015-04-17,3876550.0
2015-04-20,3878375.0
2015-04-21,3872650.0
2015-04-22,3865775.0
2015-04-23,3856900.0
2015-04-24,3848975.0
2015-04-27,3842725.0
2015-04-28,3838475.0
2015-04-29,3828325.0
2015-04-30,3822300.0
2015-05-01,3814825.0
2015-05-05,3880125.0
2015-05-06,3863250.0
2015-05-07,3852700.0
2015-05-08,3844975.0
2015-05-11,3836875.0
2015-05-12,3827700.0
2015-05-13,3816575.0
2015-05-14,3809550.0
2015-05-15,3800000.0
2015-05-18,3790775.0
2015-05-19,3783150.0
2015-05-20,3773275.0
2015-05-21,3775300.0
2015-05-22,3769250.0
2015-05-26,3760625.0
2015-05-27,3752325.0
2015-05-28,3742175.0
2015-05-29,3733550.0
2015-06-01,3723950.0
2015-06-02,3717175.0
2015-06-03,3706200.0
2015-06-04,3695100.0
2015-06-05,3683950.0
2015-06-08,3671500.0
2015-06-09,3675700.0
2015-06-10,3667250.0
2015-06-11,3658525.0
2015-06-12,3652125.0
2015-06-15,3644350.0
2015-06-16,3635275.0
2015-06-17,3624075.0
2015-06-18,3617225.0
2015-06-19,3636975.0
2015-06-22,3626700.0
2015-06-23,3616100.0
2015-06-24,3606875.0
2015-06-25,3594550.0
2015-06-26,3597700.0
2015-06-29,3589825.0
2015-06-30,3582525.0
2015-07-01,3574250.0
2015-07-02,3564425.0
2015-07-03,3557125.0
2015-07-06,3567575.0
2015-07-07,3559525.0
2015-07-08,3552625.0
2015-07-09,3543925.0
2015-07-10,3539500.0
2015-07-13,3533475.0
2015-07-14,3536950.0
2015-07-15,3526875.0
2015-07-16,3519200.0
2015-07-17,3528225.0
2015-07-20,3520725.0
2015-07-21,3510425.0
2015-07-22,3499900.0
2015-07-23,3490625.0
2015-07-24,3480500.0
2015-07-27,3471225.0
2015-07-28,3462675.0
2015-07-29,3453600.0
2015-07-30,3443850.0
2015-07-31,3436975.0
2015-08-03,3429425.0
2015-08-04,3423250.0
2015-08-05,3414000.0
2015-08-06,3404475.0
2015-08-07,3396150.0
2015-08-10,3387725.0
2015-08-11,3379450.0
2015-08-12,3370600.0
2015-08-13,3362425.0
2015-08-14,3354350.0
2015-08-17,3345600.0
2015-08-18,3335575.0
2015-08-19,3338225.0
2015-08-20,3330100.0
2015-08-21,3320725.0
2015-08-24,3312150.0
2015-08-25,3303950.0
2015-08-26,3294125.0
2015-08-27,3283625.0
2015-08-28,3276075.0
2015-09-01,3265750.0
2015-09-02,3246325.0
2015-09-03,3237800.0
2015-09-04,3228900.0
2015-09-07,3219950.0
2015-09-08,3213025.0
2015-09-09,3206400.0
2015-09-10,3196625.0
2015-09-11,3186275.0
2015-09-14,3175875.0
2015-09-15,3263375.0
2015-09-16,3253325.0
2015-09-17,3242600.0
2015-09-18,3232950.0
2015-09-21,3224425.0
2015-09-22,3216000.0
2015-09-23,3207050.0
2015-09-24,3198450.0
2015-09-25,3189425.0
2015-09-28,3202250.0
2015-09-29,3193875.0
2015-09-30,3187000.0
2015-10-01,3179225.0
2015-10-02,3171525.0
2015-10-05,3163125.0
2015-10-06,3155100.0
2015-10-07,3147075.0
2015-10-08,3138675.0
2015-10-09,3130775.0
2015-10-12,3122900.0
2015-10-13,3115075.0
2015-10-14,3108850.0
2015-10-15,3099925.0
2015-10-16,3090250.0
2015-10-19,3082950.0
2015-10-20,3106525.0
2015-10-21,3098250.0
2015-10-22,3090525.0
2015-10-23,3081750.0
2015-10-26,3073850.0
2015-10-27,3064650.0
2015-10-28,3062750.0
2015-10-29,3055375.0
2015-10-30,3048100.0
2015-11-02,3039575.0
2015-11-03,3032025.0
2015-11-04,3023775.0
2015-11-05,3016975.0
2015-11-06,3010250.0
2015-11-09,3004000.0
2015-11-10,2997500.0
2015-11-11,2990825.0
2015-11-12,2984025.0
2015-11-13,2979350.0
2015-11-16,2972775.0
2015-11-17,2968900.0
2015-11-18,2960900.0
2015-11-19,2953800.0
2015-11-20,2945850.0
2015-11-23,2938075.0
2015-11-24,2929500.0
2015-11-25,2921375.0
2015-11-26,2913325.0
2015-11-27,2905850.0
2015-11-30,2901475.0
2015-12-01,2897100.0
2015-12-02,2890050.0
2015-12-03,2884625.0
2015-12-04,2878725.0
2015-12-07,2872800.0
2015-12-08,2901875.0
2015-12-09,2930725.0
2015-12-10,2924850.0
2015-12-11,2919175.0
2015-12-14,2930175.0
2015-12-15,2926725.0
2015-12-16,2925800.0
2015-12-17,2929200.0
2015-12-18,2937450.0
2015-12-21,2931725.0
2015-12-22,2925825.0
2015-12-23,2919800.0
2015-12-24,2914025.0
2015-12-29,2906925.0
2015-12-30,2901200.0
2015-12-31,2895525.0
2016-01-04,2889550.0
2016-01-05,2889550.0
2016-01-06,2882800.0
2016-01-07,2877000.0
2016-01-08,2871100.0
2016-01-11,2864850.0
2016-01-12,2859325.0
2016-01-13,2852500.0
2016-01-14,2846650.0
2016-01-15,2841250.0
2016-01-18,2836025.0
2016-01-19,2832500.0
2016-01-20,2842550.0
2016-01-21,2836450.0
2016-01-22,2830750.0
2016-01-25,2825425.0
2016-01-26,2819525.0
2016-01-27,2812775.0
2016-01-28,2806775.0
2016-01-29,2801450.0
2016-02-01,2795825.0
2016-02-02,2790675.0
2016-02-03,2784975.0
2016-02-04,2778825.0
2016-02-05,2773975.0
2016-02-08,2768125.0
2016-02-09,2761200.0
2016-02-10,2756400.0
2016-02-11,2751625.0
2016-02-12,2746275.0
2016-02-15,2747650.0
2016-02-16,2803450.0
2016-02-17,2799550.0
2016-02-18,2793650.0
2016-02-19,2787675.0
2016-02-22,2781850.0
2016-02-23,2789150.0
2016-02-24,2783775.0
2016-02-25,2777450.0
2016-02-26,2768800.0
2016-02-29,2760825.0
2016-03-01,2755600.0
2016-03-02,2751100.0
2016-03-03,2791925.0
2016-03-04,2798250.0
2016-03-07,2804700.0
2016-03-08,2859150.0
2016-03-09,2862500.0
2016-03-10,2872425.0
2016-03-11,2884300.0
2016-03-14,2877525.0
2016-03-15,2870325.0
2016-03-16,2867925.0
2016-03-17,2862125.0
2016-03-18,2855225.0
2016-03-21,2846500.0
2016-03-22,2837275.0
2016-03-23,2829300.0
2016-03-24,2821375.0
2016-03-29,2814800.0
2016-03-30,2798875.0
2016-03-31,2792000.0
2016-04-01,2783050.0
2016-04-04,2776275.0
2016-04-05,2769925.0
2016-04-06,2763750.0
2016-04-07,2756525.0
2016-04-08,2749650.0
2016-04-11,2742650.0
2016-04-12,2735200.0
2016-04-13,2730475.0
2016-04-14,2721500.0
2016-04-15,2712850.0
2016-04-18,2705550.0
2016-04-19,2695775.0
2016-04-20,2688975.0
2016-04-21,2682550.0
2016-04-22,2675900.0
2016-04-25,2669700.0
2016-04-26,2663800.0
2016-04-27,2656725.0
2016-04-28,2652475.0
2016-04-29,2645725.0
2016-05-03,2639075.0
2016-05-04,2626725.0
2016-05-05,2620450.0
2016-05-06,2617550.0
2016-05-09,2612625.0
2016-05-10,2605500.0
2016-05-11,2598125.0
2016-05-12,2589225.0
2016-05-13,2584400.0
2016-05-16,2577775.0
2016-05-17,2575725.0
2016-05-18,2571125.0
2016-05-19,2566125.0
2016-05-20,2560550.0
2016-05-23,2555250.0
2016-05-24,2549700.0
2016-05-25,2544325.0
2016-05-26,2539900.0
2016-05-27,2534000.0
2016-05-31,2529100.0
2016-06-01,2520175.0
2016-06-02,2515675.0
2016-06-03,2508225.0
2016-06-06,2501625.0
2016-06-07,2494975.0
2016-06-08,2488325.0
2016-06-09,2481625.0
2016-06-10,2474225.0
2016-06-13,2468850.0
2016-06-14,2461325.0
2016-06-15,2458850.0
2016-06-16,2452400.0
2016-06-17,2446200.0
2016-06-20,2441175.0
2016-06-21,2434550.0
2016-06-22,2427950.0
2016-06-23,2421500.0
2016-06-24,2415875.0
2016-06-27,2408975.0
2016-06-28,2400300.0
2016-06-29,2393600.0
2016-06-30,2387850.0
2016-07-01,2382100.0
2016-07-04,2375075.0
2016-07-05,2368250.0
2016-07-06,2362950.0
2016-07-07,2357025.0
2016-07-08,2351250.0
2016-07-11,2344175.0
2016-07-12,2338125.0
2016-07-13,2332075.0
2016-07-14,2325600.0
2016-07-15,2319125.0
2016-07-18,2312050.0
2016-07-19,2304875.0
2016-07-20,2297450.0
2016-07-21,2310050.0
2016-07-22,2325000.0
2016-07-25,2319150.0
2016-07-26,2324125.0
2016-07-27,2318125.0
2016-07-28,2312275.0
2016-07-29,2303450.0
2016-08-01,2293800.0
2016-08-02,2284550.0
2016-08-03,2278250.0
2016-08-04,2271475.0
2016-08-05,2265050.0
2016-08-08,2259325.0
2016-08-09,2256400.0
2016-08-10,2248500.0
2016-08-11,2240425.0
2016-08-12,2232425.0
2016-08-15,2224550.0
2016-08-16,2222300.0
2016-08-17,2240600.0
2016-08-18,2252150.0
2016-08-19,2245050.0
2016-08-22,2241550.0
2016-08-23,2234525.0
2016-08-24,2259100.0
2016-08-25,2253775.0
2016-08-26,2246350.0
2016-08-30,2239500.0
2016-08-31,2234050.0
2016-09-01,2227400.0
2016-09-02,2220425.0
2016-09-05,2216175.0
2016-09-06,2212275.0
2016-09-07,2210100.0
2016-09-08,2203400.0
2016-09-09,2196350.0
2016-09-12,2190050.0
2016-09-13,2188250.0
2016-09-14,2179000.0
2016-09-15,2172975.0
2016-09-16,2166925.0
2016-09-19,2161475.0
2016-09-20,2168175.0
2016-09-21,2161575.0
2016-09-22,2153425.0
2016-09-23,2146725.0
2016-09-26,2136025.0
2016-09-27,2125850.0
2016-09-28,2133625.0
2016-09-29,2128750.0
2016-09-30,2124400.0
2016-10-03,2154825.0
2016-10-04,2148275.0
2016-10-05,2141875.0
2016-10-06,2134300.0
2016-10-07,2126825.0
2016-10-10,2120125.0
2016-10-11,2116725.0
2016-10-12,2109425.0
2016-10-13,2099475.0
2016-10-14,2089475.0
2016-10-17,2083250.0
2016-10-18,2085800.0
2016-10-19,2110550.0
2016-10-20,2147350.0
2016-10-21,2165700.0
2016-10-24,2182275.0
2016-10-25,2159950.0
2016-10-26,2153400.0
2016-10-27,2148350.0
2016-10-28,2143500.0
2016-10-31,2141300.0
2016-11-01,2140550.0
2016-11-02,2137350.0
2016-11-03,2132950.0
2016-11-04,2131075.0
2016-11-07,2125800.0
2016-11-08,2120725.0
2016-11-09,2116600.0
2016-11-10,2111650.0
2016-11-11,2105350.0
2016-11-14,2098950.0
2016-11-15,2160475.0
2016-11-16,2160100.0
2016-11-17,2163500.0
2016-11-18,2157600.0
2016-11-21,2152150.0
2016-11-22,2144100.0
2016-11-23,2136300.0
2016-11-24,2137200.0
2016-11-25,2131750.0
2016-11-28,2158275.0
2016-11-29,2155050.0
2016-11-30,2149150.0
2016-12-01,2144850.0
2016-12-02,2139275.0
2016-12-05,2129200.0
2016-12-06,2118325.0
2016-12-07,2113375.0
2016-12-08,2107525.0
2016-12-09,2101775.0
2016-12-12,2092125.0
2016-12-13,2069975.0
2016-12-14,2092175.0
2016-12-15,2089425.0
2016-12-16,2117500.0
2016-12-19,2112275.0
2016-12-20,2109450.0
2016-12-21,2134550.0
2016-12-22,2139575.0
2016-12-23,2150025.0
2016-12-27,2150025.0
2016-12-28,2176800.0
2016-12-29,2183675.0
2016-12-30,2205925.0
2017-01-03,2202175.0
2017-01-04,2196475.0
2017-01-05,2222450.0
2017-01-06,2217025.0
2017-01-09,2215925.0
2017-01-10,2232725.0
2017-01-11,2243775.0
2017-01-12,2248875.0
2017-01-13,2244175.0
2017-01-16,2250950.0
2017-01-17,2296775.0
2017-01-18,2300550.0
2017-01-19,2300375.0
2017-01-20,2298625.0
2017-01-23,2289275.0
2017-01-24,2284725.0
2017-01-25,2290075.0
2017-01-26,2282375.0
2017-01-27,2278225.0
2017-01-30,2273750.0
2017-01-31,2268875.0
2017-02-01,2269900.0
2017-02-02,2263025.0
2017-02-03,2256000.0
2017-02-06,2249125.0
2017-02-07,2254650.0
2017-02-08,2245400.0
2017-02-09,2237500.0
2017-02-10,2231300.0
2017-02-13,2225850.0
2017-02-14,2220775.0
2017-02-15,2212000.0
2017-02-16,2208050.0
2017-02-17,2202350.0
2017-02-20,2195100.0
2017-02-21,2195375.0
2017-02-22,2191450.0
2017-02-23,2186475.0
2017-02-24,2181675.0
2017-02-27,2209550.0
2017-02-28,2200900.0
2017-03-01,2188400.0
2017-03-02,2180775.0
2017-03-03,2160925.0
2017-03-06,2141525.0
2017-03-07,2117875.0
2017-03-08,2101550.0
2017-03-09,2084800.0
2017-03-10,2068525.0
2017-03-13,2054425.0
2017-03-14,2033000.0
2017-03-15,2019325.0
2017-03-16,2007850.0
2017-03-17,1996000.0
2017-03-20,1985875.0
2017-03-21,1975050.0
2017-03-22,1964600.0
2017-03-23,1954650.0
2017-03-24,1945800.0
2017-03-27,1936275.0
2017-03-28,1923300.0
2017-03-29,1912075.0
2017-03-30,1898450.0
2017-03-31,1886400.0
2017-04-03,1877300.0
2017-04-04,1863050.0
2017-04-05,1850425.0
2017-04-06,1837050.0
2017-04-07,1818300.0
2017-04-10,1802800.0
2017-04-11,1788525.0
2017-04-12,1774950.0
2017-04-13,1759850.0
2017-04-18,1745750.0
2017-04-19,1713250.0
2017-04-20,1702125.0
2017-04-21,1687875.0
2017-04-24,1678250.0
2017-04-25,1668925.0
2017-04-26,1655825.0
2017-04-27,1652200.0
2017-04-28,1645375.0
2017-05-02,1633325.0
2017-05-03,1617100.0
2017-05-04,1609925.0
2017-05-05,1599725.0
2017-05-08,1592300.0
2017-05-09,1577800.0
2017-05-10,1570575.0
2017-05-11,1564800.0
2017-05-12,1556150.0
2017-05-15,1545025.0
2017-05-16,1536275.0
2017-05-17,1526800.0
2017-05-18,1515400.0
2017-05-19,1506700.0
2017-05-22,1495350.0
2017-05-23,1489325.0
2017-05-24,1480025.0
2017-05-25,
2017-05-26,1496450.0
2017-05-30,1487700.0
2017-05-31,1473925.0
2017-06-01,1467375.0
2017-06-02,1479725.0
2017-06-05,1475100.0
2017-06-06,1473050.0
2017-06-07,1465650.0
2017-06-08,1461700.0
2017-06-09,1456350.0
2017-06-12,1450675.0
2017-06-13,1444550.0
2017-06-14,1438025.0
2017-06-15,1436125.0
2017-06-16,1432825.0
2017-06-19,1425725.0
2017-06-20,1419325.0
2017-06-21,1440875.0
2017-06-22,1432750.0
2017-06-23,1429525.0
2017-06-26,1424475.0
2017-06-27,1420150.0
2017-06-28,1416825.0
2017-06-29,1414125.0
2017-06-30,1411675.0
2017-07-03,1409775.0
2017-07-04,1402000.0
2017-07-05,1397375.0
2017-07-06,1391525.0
2017-07-07,1382125.0
2017-07-10,1383025.0
2017-07-11,1377750.0
2017-07-12,1392625.0
2017-07-13,1386100.0
2017-07-14,1382225.0
2017-07-17,1378250.0
2017-07-18,1373350.0
2017-07-19,1369125.0
2017-07-20,1362675.0
2017-07-21,1354550.0
2017-07-24,1351400.0
2017-07-25,1375675.0
2017-07-26,1372250.0
2017-07-27,1367875.0
2017-07-28,1361900.0
2017-07-31,1354125.0
2017-08-01,1349125.0
2017-08-02,1344000.0
2017-08-03,1336700.0
2017-08-04,1331175.0
2017-08-07,1321750.0
2017-08-08,1313200.0
2017-08-09,1302825.0
2017-08-10,1294075.0
2017-08-11,1283825.0
2017-08-14,1291250.0
2017-08-15,1288925.0
2017-08-16,1286350.0
2017-08-17,1283525.0
2017-08-18,1287075.0
2017-08-21,1298225.0
2017-08-22,1308725.0
2017-08-23,1314475.0
2017-08-24,1314475.0
2017-08-25,1321600.0
2017-08-29,1324550.0
2017-08-30,1324325.0
2017-08-31,1323150.0
2017-09-01,1323550.0
2017-09-04,1324625.0
2017-09-05,1324475.0
2017-09-06,1324550.0
2017-09-07,1321375.0
2017-09-08,1321500.0
2017-09-11,1320050.0
2017-09-12,1318950.0
2017-09-13,1317025.0
2017-09-14,1315775.0
2017-09-15,1313400.0
2017-09-18,1310800.0
2017-09-19,1306650.0
2017-09-20,1303925.0
2017-09-21,1300200.0
2017-09-22,1294850.0
2017-09-25,1290775.0
2017-09-26,1284900.0
2017-09-27,1280100.0
2017-09-28,1273575.0
2017-09-29,1268700.0
2017-10-02,1259025.0
2017-10-03,1255475.0
2017-10-04,1251700.0
2017-10-05,1249350.0
2017-10-06,1246875.0
2017-10-09,1242450.0
2017-10-10,1239050.0
2017-10-11,1234025.0
2017-10-12,1230750.0
2017-10-13,1229750.0
2017-10-16,1218950.0
2017-10-17,1212225.0
2017-10-18,1210325.0
2017-10-19,1207800.0
2017-10-20,1202225.0
2017-10-23,1199675.0
2017-10-24,1195600.0
2017-10-25,1195525.0
2017-10-26,1191550.0
2017-10-27,1196600.0
2017-10-30,1193925.0
2017-10-31,1188700.0
2017-11-01,1186450.0
2017-11-02,1184200.0
2017-11-03,1181300.0
2017-11-06,1179075.0
2017-11-07,1177050.0
2017-11-08,1177300.0
2017-11-09,1171975.0
2017-11-10,1168375.0
2017-11-13,1165325.0
2017-11-14,1161275.0
2017-11-15,1165825.0
2017-11-16,1161475.0
2017-11-17,1157800.0
2017-11-20,1150875.0
2017-11-21,1141700.0
2017-11-22,1133800.0
2017-11-23,1128875.0
2017-11-24,1124975.0
2017-11-27,1122700.0
2017-11-28,1117725.0
2017-11-29,1113750.0
2017-11-30,1112025.0
2017-12-01,1108900.0
2017-12-04,1104550.0
2017-12-05,1101950.0
2017-12-06,1098550.0
2017-12-07,1097575.0
2017-12-08,1094525.0
2017-12-11,1097425.0
2017-12-12,1103325.0
2017-12-13,1109725.0
2017-12-14,1110600.0
2017-12-15,1105950.0
2017-12-18,1105900.0
2017-12-19,1105875.0
2017-12-20,1107975.0
2017-12-21,1106025.0
2017-12-22,1104950.0
2017-12-27,1104425.0
2017-12-28,1103500.0
2017-12-29,1101925.0
2018-01-02,1101375.0
2018-01-03,1101800.0
2018-01-04,1101325.0
2018-01-05,1099475.0
2018-01-08,1095875.0
2018-01-09,1092850.0
2018-01-10,1090525.0
2018-01-11,1088325.0
2018-01-12,1086875.0
2018-01-15,1084450.0
2018-01-16,1083800.0
2018-01-17,1088725.0
2018-01-18,1090875.0
2018-01-19,1091850.0
2018-01-22,1088425.0
2018-01-23,1086200.0
2018-01-24,1087850.0
2018-01-25,1086575.0
2018-01-26,1081425.0
2018-01-29,1085475.0
2018-01-30,1084875.0
2018-01-31,1081475.0
2018-02-01,1080550.0
2018-02-02,1077650.0
2018-02-05,1075050.0
2018-02-06,1066225.0
2018-02-07,1059875.0
2018-02-08,1058175.0
2018-02-09,1097100.0
2018-02-12,1116575.0
2018-02-13,1275500.0
2018-02-14,1272550.0
2018-02-15,1303825.0
2018-02-16,1296450.0
2018-02-19,1295425.0
2018-02-20,1308525.0
2018-02-21,1314500.0
2018-02-22,1314225.0
2018-02-23,1330875.0
2018-02-26,1326825.0
2018-02-27,1318375.0
2018-02-28,1324475.0
2018-03-01,1322150.0
2018-03-02,1323050.0
2018-03-05,1322575.0
2018-03-06,1320700.0
2018-03-07,1319300.0
2018-03-08,1315500.0
2018-03-09,1311725.0
2018-03-12,1306400.0
2018-03-13,1301700.0
2018-03-14,1295625.0
2018-03-15,1311900.0
2018-03-16,1306150.0
2018-03-19,1293900.0
2018-03-20,1288675.0
2018-03-21,1283025.0
2018-03-22,1279025.0
2018-03-23,1276375.0
2018-03-26,1273150.0
2018-03-27,1268175.0
2018-03-28,1261625.0
2018-03-29,1286300.0
2018-04-03,1281475.0
2018-04-04,1270350.0
2018-04-05,1265350.0
2018-04-06,1260900.0
2018-04-09,1254125.0
2018-04-10,1249575.0
2018-04-11,1250775.0
2018-04-12,1345225.0
2018-04-13,1345175.0
2018-04-16,1360275.0
2018-04-17,1412400.0
2018-04-18,1412500.0
2018-04-19,1404350.0
2018-04-20,1395550.0
2018-04-23,1385025.0
2018-04-24,1378350.0
2018-04-25,1372500.0
2018-04-26,1362750.0
2018-04-27,1349950.0
2018-04-30,1341375.0
2018-05-01,1325725.0
2018-05-02,1323425.0
2018-05-03,1319300.0
2018-05-04,1310650.0
2018-05-08,1297550.0
2018-05-09,1276450.0
2018-05-10,1265175.0
2018-05-11,1264250.0
2018-05-14,1259300.0
2018-05-15,1247100.0
2018-05-16,1243175.0
2018-05-17,1249450.0
2018-05-18,1243850.0
2018-05-21,1234575.0
2018-05-22,1232775.0
2018-05-23,1231000.0
2018-05-24,1227900.0
2018-05-25,1222850.0
2018-05-29,1219250.0
2018-05-30,1210300.0
2018-05-31,1205875.0
2018-06-01,1206375.0
2018-06-04,1199150.0
2018-06-05,1192100.0
2018-06-06,1186350.0
2018-06-07,1180175.0
2018-06-08,1175225.0
2018-06-11,1168975.0
2018-06-12,1162650.0
2018-06-13,1153875.0
2018-06-14,1148000.0
2018-06-15,1142600.0
2018-06-18,1139575.0
2018-06-19,1136925.0
2018-06-20,1132475.0
2018-06-21,1131100.0
2018-06-22,1128325.0
2018-06-25,1123700.0
2018-06-26,1122425.0
2018-06-27,1117475.0
2018-06-28,1112025.0
2018-06-29,1114125.0
2018-07-02,1107400.0
2018-07-03,1108900.0
2018-07-04,1104600.0
2018-07-05,1106600.0
2018-07-06,1105975.0
2018-07-09,1115250.0
2018-07-10,1116550.0
2018-07-11,1120525.0
2018-07-12,1134600.0
2018-07-13,1144700.0
2018-07-16,1155700.0
2018-07-17,1175075.0
2018-07-18,1198875.0
2018-07-19,1203975.0
2018-07-20,1208400.0
2018-07-23,1209275.0
2018-07-24,1212125.0
2018-07-25,1209225.0
2018-07-26,1207600.0
2018-07-27,1200025.0
2018-07-30,1198250.0
2018-07-31,1196300.0
2018-08-01,1195150.0
2018-08-02,1192075.0
2018-08-03,1185275.0
2018-08-06,1177550.0
2018-08-07,1170300.0
2018-08-08,1162750.0
2018-08-09,1154050.0
2018-08-10,1149825.0
2018-08-13,1140900.0
2018-08-14,1135925.0
2018-08-15,1131275.0
2018-08-16,1124150.0
2018-08-17,1120250.0
2018-08-20,1115725.0
2018-08-21,1108525.0
2018-08-22,1102450.0
2018-08-23,1099975.0
2018-08-24,1095125.0
2018-08-28,1089275.0
2018-08-29,1075750.0
2018-08-30,1073050.0
2018-08-31,1070750.0
2018-09-03,1068675.0
2018-09-04,1067075.0
2018-09-05,1064450.0
2018-09-06,1062700.0
2018-09-07,1061575.0
2018-09-10,1059825.0
2018-09-11,1054525.0
2018-09-12,1052975.0
2018-09-13,1051200.0
2018-09-14,1046700.0
2018-09-17,1041025.0
2018-09-18,1035275.0
2018-09-19,1034625.0
2018-09-20,1030200.0
2018-09-21,1022450.0
2018-09-24,1013050.0
2018-09-25,1006775.0
2018-09-26,999925.0
2018-09-27,994625.0
2018-09-28,990550.0
2018-10-01,987800.0
2018-10-02,983250.0
2018-10-03,979800.0
2018-10-04,974075.0
2018-10-05,966900.0
2018-10-08,963350.0
2018-10-09,955950.0
2018-10-10,948425.0
2018-10-11,941500.0
2018-10-12,933500.0
2018-10-15,926100.0
2018-10-16,996875.0
2018-10-17,1082600.0
2018-10-18,1072950.0
2018-10-19,1066725.0
2018-10-22,1062350.0
2018-10-23,1056700.0
2018-10-24,1052025.0
2018-10-25,1049525.0
2018-10-26,1049175.0
2018-10-29,1048625.0
2018-10-30,1048825.0
2018-10-31,1047950.0
2018-11-01,1047325.0
2018-11-02,1051425.0
2018-11-05,1050475.0
2018-11-06,1049700.0
2018-11-07,1053675.0
2018-11-08,1055025.0
2018-11-09,1055550.0
2018-11-12,1056450.0
2018-11-13,1056150.0
2018-11-14,1057450.0
2018-11-15,1058125.0
2018-11-16,1066350.0
2018-11-19,1070925.0
2018-11-20,1073050.0
2018-11-21,1072525.0
2018-11-22,1070400.0
2018-11-23,1067000.0
2018-11-26,1064975.0
2018-11-27,1061700.0
2018-11-28,1057875.0
2018-11-29,1055275.0
2018-11-30,1052450.0
2018-12-03,1048025.0
2018-12-04,1046275.0
2018-12-05,1045250.0
2018-12-06,1043775.0
2018-12-07,1042900.0
2018-12-10,1040975.0
2018-12-11,1072450.0
2018-12-12,1071425.0
2018-12-13,1094925.0
2018-12-14,1150100.0
2018-12-17,1169625.0
2018-12-18,1227325.0
2018-12-19,1255925.0
2018-12-20,1254125.0
2018-12-21,1265250.0
2018-12-24,1266575.0
2018-12-27,1266550.0
2018-12-28,1267125.0
2018-12-31,1271200.0
2019-01-02,1273125.0
2019-01-03,1272925.0
2019-01-04,1278500.0
2019-01-07,1276050.0
2019-01-08,1283500.0
2019-01-09,1281400.0
2019-01-10,1286050.0
2019-01-11,1284725.0
2019-01-14,1294050.0
2019-01-15,1295750.0
2019-01-16,1303150.0
2019-01-17,1304000.0
2019-01-18,1303475.0
2019-01-21,1301650.0
2019-01-22,1301625.0
2019-01-23,1301825.0
2019-01-24,1301350.0
2019-01-25,1301100.0
2019-01-28,1300000.0
2019-01-29,1296125.0
2019-01-30,1289775.0
2019-01-31,1287425.0
2019-02-01,1284125.0
2019-02-04,1297150.0
2019-02-05,1298150.0
2019-02-06,1292175.0
2019-02-07,1291800.0
2019-02-08,1296800.0
2019-02-11,1292175.0
2019-02-12,1286025.0
2019-02-13,1280875.0
2019-02-14,1273500.0
2019-02-15,1266600.0
2019-02-18,1260325.0
2019-02-19,1255725.0
2019-02-20,1250000.0
2019-02-21,1244050.0
2019-02-22,1239800.0
2019-02-25,1235100.0
2019-02-26,1228475.0
2019-02-27,1224075.0
2019-02-28,1219700.0
2019-03-01,1232950.0
2019-03-04,1230225.0
2019-03-05,1233150.0
2019-03-06,1234900.0
2019-03-07,1229000.0
2019-03-08,1221375.0
2019-03-11,1213125.0
2019-03-12,1205725.0
2019-03-13,1198375.0
2019-03-14,1189025.0
2019-03-15,1182850.0
2019-03-18,1175650.0
2019-03-19,1178375.0
2019-03-20,1172100.0
2019-03-21,1166100.0
2019-03-22,1160275.0
2019-03-25,1155450.0
2019-03-26,1149725.0
2019-03-27,1142725.0
2019-03-28,1134950.0
2019-03-29,1129175.0
2019-04-01,1122825.0
2019-04-02,1115000.0
2019-04-03,1108825.0
2019-04-04,1110275.0
2019-04-05,1104525.0
2019-04-08,1098925.0
2019-04-09,1094600.0
2019-04-10,1090625.0
2019-04-11,1086075.0
2019-04-12,1081975.0
2019-04-15,1074450.0
2019-04-16,1068325.0
2019-04-17,1060800.0
2019-04-18,1053925.0
2019-04-23,1047100.0
2019-04-24,1032925.0
2019-04-25,1027800.0
2019-04-26,1020875.0
2019-04-29,1069075.0
2019-04-30,1074650.0
2019-05-01,1135300.0
2019-05-02,1227650.0
2019-05-03,1250250.0
2019-05-07,1263400.0
2019-05-08,1275200.0
2019-05-09,1274450.0
2019-05-10,1266575.0
2019-05-13,1261450.0
2019-05-14,1255450.0
2019-05-15,1250250.0
2019-05-16,1244850.0
2019-05-17,1239975.0
2019-05-20,1231200.0
2019-05-21,1225400.0
2019-05-22,1222625.0
2019-05-23,1214025.0
2019-05-24,1208900.0
2019-05-28,1200800.0
2019-05-29,1177250.0
2019-05-30,1164975.0
2019-05-31,1155025.0
2019-06-03,1141100.0
2019-06-04,1131900.0
2019-06-05,1119350.0
2019-06-06,1114125.0
2019-06-07,1111475.0
2019-06-10,1105750.0
2019-06-11,1096300.0
2019-06-12,1085475.0
2019-06-13,1075750.0
2019-06-14,1064625.0
2019-06-17,1055075.0
2019-06-18,1046850.0
2019-06-19,1038700.0
2019-06-20,1031625.0
2019-06-21,1023450.0
2019-06-24,1016025.0
2019-06-25,1007300.0
2019-06-26,998600.0
2019-06-27,1003750.0
2019-06-28,996725.0
2019-07-01,989125.0
2019-07-02,984450.0
2019-07-03,977750.0
2019-07-04,971500.0
2019-07-05,964400.0
2019-07-08,956575.0
2019-07-09,948650.0
2019-07-10,941750.0
2019-07-11,934500.0
2019-07-12,926875.0
2019-07-15,945375.0
2019-07-16,994125.0
2019-07-17,987275.0
2019-07-18,980200.0
2019-07-19,974000.0
2019-07-22,966600.0
2019-07-23,960175.0
2019-07-24,953500.0
2019-07-25,987975.0
2019-07-26,1021325.0
2019-07-29,1016800.0
2019-07-30,1023875.0
2019-07-31,1028875.0
2019-08-01,1027950.0
2019-08-02,1024200.0
2019-08-05,1020000.0
2019-08-06,1017700.0
2019-08-07,1009925.0
2019-08-08,1004225.0
2019-08-09,998250.0
2019-08-12,991525.0
2019-08-13,984300.0
2019-08-14,984250.0
2019-08-15,976700.0
2019-08-16,969250.0
2019-08-19,962350.0
2019-08-20,955025.0
2019-08-21,947925.0
2019-08-22,941350.0
2019-08-23,935200.0
2019-08-27,929125.0
2019-08-28,936225.0
2019-08-29,928275.0
2019-08-30,927000.0
2019-09-02,919050.0
2019-09-03,913925.0
2019-09-04,922375.0
2019-09-05,918925.0
2019-09-06,923225.0
2019-09-09,920000.0
2019-09-10,916825.0
2019-09-11,916000.0
2019-09-12,913625.0
2019-09-13,910950.0
2019-09-16,908425.0
2019-09-17,905725.0
2019-09-18,904175.0
2019-09-19,900725.0
2019-09-20,897900.0
2019-09-23,895625.0
2019-09-24,899925.0
2019-09-25,907400.0
2019-09-26,910575.0
2019-09-27,914725.0
2019-09-30,927475.0
2019-10-01,936025.0
2019-10-02,962350.0
2019-10-03,964275.0
2019-10-04,966525.0
2019-10-07,964225.0
2019-10-08,965575.0
2019-10-09,966125.0
2019-10-10,968450.0
2019-10-11,974200.0
2019-10-14,983600.0
2019-10-15,985900.0
2019-10-16,983525.0
2019-10-17,979575.0
2019-10-18,977125.0
2019-10-21,974625.0
2019-10-22,972475.0
2019-10-23,970425.0
2019-10-24,968525.0
2019-10-25,966200.0
2019-10-28,963825.0
2019-10-29,961650.0
2019-10-30,961375.0
2019-10-31,959050.0
2019-11-01,956200.0
2019-11-04,953900.0
2019-11-05,951275.0
2019-11-06,948600.0
2019-11-07,945475.0
2019-11-08,943175.0
2019-11-11,940500.0
2019-11-12,942125.0
2019-11-13,945900.0
2019-11-14,1020975.0
2019-11-15,1065175.0
2019-11-18,1156250.0
2019-11-19,1158975.0
2019-11-20,1169525.0
2019-11-21,1170675.0
2019-11-22,1180400.0
2019-11-25,1230025.0
2019-11-26,1229475.0
2019-11-27,1228325.0
2019-11-28,1230300.0
2019-11-29,1271650.0
2019-12-02,1273300.0
2019-12-03,1277300.0
2019-12-04,1274850.0
2019-12-05,1285275.0
2019-12-06,1284300.0
2019-12-09,1288150.0
2019-12-10,1303975.0
2019-12-11,1330825.0
2019-12-12,1343800.0
2019-12-13,1375675.0
2019-12-16,1403075.0
2019-12-17,1444300.0
2019-12-18,1487775.0
2019-12-19,1487300.0
2019-12-20,1486550.0
2019-12-23,1485625.0
2019-12-24,1484525.0
2019-12-27,1483625.0
2019-12-30,1477725.0
2019-12-31,1475025.0
2020-01-02,1473025.0
2020-01-03,1470925.0
2020-01-06,1463200.0
2020-01-07,1451575.0
2020-01-08,1439300.0
2020-01-09,1425575.0
2020-01-10,1410675.0
2020-01-13,1396550.0
2020-01-14,1381175.0
2020-01-15,1367875.0
2020-01-16,1353875.0
2020-01-17,1340725.0
2020-01-20,1327675.0
2020-01-21,1309050.0
2020-01-22,1292500.0
2020-01-23,1276850.0
2020-01-24,1260150.0
2020-01-27,1248025.0
2020-01-28,1242425.0
2020-01-29,1256350.0
2020-01-30,1274325.0
2020-01-31,1288350.0
2020-02-03,1272525.0
2020-02-04,1257950.0
2020-02-05,1274550.0
2020-02-06,1257750.0
2020-02-07,1242950.0
2020-02-10,1229700.0
2020-02-11,1239800.0
2020-02-12,1232200.0
2020-02-13,1221000.0
2020-02-14,1206450.0
2020-02-17,1192375.0
2020-02-18,1177425.0
2020-02-19,1162300.0
2020-02-20,1150775.0
2020-02-21,1138975.0
2020-02-24,1127400.0
2020-02-25,1115400.0
2020-02-26,1103575.0
2020-02-27,1092275.0
2020-02-28,1082150.0
2020-03-02,1071875.0
2020-03-03,1061375.0
2020-03-04,1050750.0
2020-03-05,1040775.0
2020-03-06,1030750.0
2020-03-09,1019950.0
2020-03-10,1010025.0
2020-03-11,1002300.0
2020-03-12,994675.0
2020-03-13,987175.0
2020-03-16,978450.0
2020-03-17,973050.0
2020-03-18,967325.0
2020-03-19,1009100.0
2020-03-20,1069925.0
2020-03-23,1076050.0
2020-03-24,1100675.0
2020-03-25,1098425.0
2020-03-26,1112575.0
2020-03-27,1131675.0
2020-03-30,1150775.0
2020-03-31,1148750.0
2020-04-01,1164200.0
2020-04-02,1210475.0
2020-04-03,1207925.0
2020-04-06,1213400.0
2020-04-07,1213750.0
2020-04-08,1227450.0
2020-04-09,1239700.0
2020-04-14,1248000.0
2020-04-15,1261550.0
2020-04-16,1261475.0
2020-04-17,1259150.0
2020-04-20,1300950.0
2020-04-21,1298225.0
2020-04-22,1298125.0
2020-04-23,1307725.0
2020-04-24,1317925.0
2020-04-27,1336775.0
2020-04-28,1347000.0
2020-04-29,1346775.0
2020-04-30,1346200.0
2020-05-01,1356150.0
2020-05-04,1355175.0
2020-05-05,1355025.0
2020-05-06,1352525.0
2020-05-07,1349800.0
2020-05-11,1347100.0
2020-05-12,1354375.0
2020-05-13,1351800.0
2020-05-14,1361575.0
2020-05-15,1419675.0
2020-05-18,1414475.0
2020-05-19,1436575.0
2020-05-20,1466625.0
2020-05-21,1462600.0
2020-05-22,1458100.0
2020-05-26,1479000.0
2020-05-27,1493775.0
2020-05-28,1493075.0
2020-05-29,1500900.0
2020-06-01,1496050.0
2020-06-02,1505550.0
2020-06-03,1500900.0
2020-06-04,1526250.0
2020-06-05,1521325.0
2020-06-08,1525650.0
2020-06-09,1541150.0
2020-06-10,1541125.0
2020-06-11,1535250.0
2020-06-12,1548550.0
2020-06-15,1577000.0
2020-06-16,1616550.0
2020-06-17,1614975.0
2020-06-18,1610300.0
2020-06-19,1605625.0
2020-06-22,1617825.0
2020-06-23,1617550.0
2020-06-24,1614100.0
2020-06-25,1637750.0
2020-06-26,1652025.0
2020-06-29,1648000.0
2020-06-30,1642600.0
2020-07-01,1638300.0
2020-07-02,1633775.0
2020-07-03,1629275.0
2020-07-06,1629275.0
2020-07-07,1618025.0
2020-07-08,1613050.0
2020-07-09,1632675.0
2020-07-10,1626550.0
2020-07-13,1674900.0
2020-07-14,1669550.0
2020-07-15,1663800.0
2020-07-16,1668525.0
2020-07-17,1664400.0
2020-07-20,1658975.0
2020-07-21,1652200.0
2020-07-22,1648225.0
2020-07-23,1640425.0
2020-07-24,1649275.0
2020-07-27,1668500.0
2020-07-28,1658175.0
2020-07-29,1648775.0
2020-07-30,1643125.0
2020-07-31,1637425.0
2020-08-03,1632175.0
2020-08-04,1642050.0
2020-08-05,1637675.0
2020-08-06,1632325.0
2020-08-07,1626850.0
2020-08-10,1621400.0
2020-08-11,1617175.0
2020-08-12,1606400.0
2020-08-13,1600525.0
2020-08-14,1594325.0
2020-08-17,1588325.0
2020-08-18,1590550.0
2020-08-19,1585000.0
2020-08-20,1578200.0
2020-08-21,1574100.0
2020-08-24,1572950.0
2020-08-25,1567375.0
2020-08-26,1563300.0
2020-08-27,1559300.0
2020-08-28,1554375.0
2020-09-01,1550225.0
2020-09-02,1545575.0
2020-09-03,1541800.0
2020-09-04,1537675.0
2020-09-07,1533625.0
2020-09-08,1529425.0
2020-09-09,1526575.0
2020-09-10,1524075.0
2020-09-11,1520650.0
2020-09-14,1516500.0
2020-09-15,1513925.0
2020-09-16,1510400.0
2020-09-17,1506425.0
2020-09-18,1504175.0
2020-09-21,1499100.0
2020-09-22,1493175.0
2020-09-23,1486175.0
2020-09-24,1482225.0
2020-09-25,1477175.0
2020-09-28,1473025.0
2020-09-29,1466925.0
2020-09-30,1458900.0
2020-10-01,1450950.0
2020-10-02,1444275.0
2020-10-05,1438925.0
2020-10-06,1432650.0
2020-10-07,1428475.0
2020-10-08,1423075.0
2020-10-09,1416325.0
2020-10-12,1422475.0
2020-10-13,1412600.0
2020-10-14,1412125.0
2020-10-15,1407025.0
2020-10-16,1406575.0
2020-10-19,1406550.0
2020-10-20,1421500.0
2020-10-21,1485125.0
2020-10-22,1481950.0
2020-10-23,1479075.0
2020-10-26,1473900.0
2020-10-27,1469000.0
2020-10-28,1466325.0
2020-10-29,1462750.0
2020-10-30,1462925.0
2020-11-02,1461025.0
2020-11-03,1456075.0
2020-11-04,1450025.0
2020-11-05,1443950.0
2020-11-06,1437675.0
2020-11-09,1431575.0
2020-11-10,1425450.0
2020-11-11,1419225.0
2020-11-12,1420100.0
2020-11-13,1414675.0
2020-11-16,1413775.0
2020-11-17,1416700.0
2020-11-18,1409575.0
2020-11-19,1404425.0
2020-11-20,1399525.0
2020-11-23,1395525.0
2020-11-24,1392250.0
2020-11-25,1388250.0
2020-11-26,1383250.0
2020-11-27,1378025.0
2020-11-30,1374025.0
2020-12-01,1368125.0
2020-12-02,1364175.0
2020-12-03,1358425.0
2020-12-04,1353350.0
2020-12-07,1350575.0
2020-12-08,1343950.0
2020-12-09,1338575.0
2020-12-10,1333375.0
2020-12-11,1329600.0
2020-12-14,1357650.0
2020-12-15,1357375.0
2020-12-16,1377225.0
2020-12-17,1371300.0
2020-12-18,1367025.0
2020-12-21,1390350.0
2020-12-22,1383725.0
2020-12-23,1366000.0
2020-12-24,1372350.0
2020-12-29,1366275.0
2020-12-30,1351250.0
2020-12-31,1345800.0
2021-01-04,1340525.0
2021-01-05,1324500.0
2021-01-06,1319075.0
2021-01-07,1313100.0
2021-01-08,1309100.0
2021-01-11,1305825.0
2021-01-12,1298075.0
2021-01-13,1293300.0
2021-01-14,1285125.0
2021-01-15,1288675.0
2021-01-18,1397075.0
2021-01-19,1414675.0
2021-01-20,1417050.0
2021-01-21,1419250.0
2021-01-22,1416775.0
2021-01-25,1412925.0
2021-01-26,1419775.0
2021-01-27,1428225.0
2021-01-28,1424175.0
2021-01-29,1431050.0
2021-02-01,1428175.0
2021-02-02,1421725.0
2021-02-03,1425225.0
2021-02-04,1415125.0
2021-02-05,1406525.0
2021-02-08,1402625.0
2021-02-09,1395275.0
2021-02-10,1389975.0
2021-02-11,1384625.0
2021-02-12,1379975.0
2021-02-15,1379325.0
2021-02-16,1372475.0
2021-02-17,1365375.0
2021-02-18,1360850.0
2021-02-19,1354150.0
2021-02-22,1349150.0
2021-02-23,1343075.0
2021-02-24,1337700.0
2021-02-25,1332525.0
2021-02-26,1325875.0
2021-03-01,1316800.0
2021-03-02,1307125.0
2021-03-03,1304075.0
2021-03-04,1299775.0
2021-03-05,1299150.0
2021-03-08,1293225.0
2021-03-09,1286825.0
2021-03-10,1280575.0
2021-03-11,1608675.0
2021-03-12,1923025.0
2021-03-15,1916725.0
2021-03-16,1910650.0
2021-03-17,1903625.0
2021-03-18,1897300.0
2021-03-19,1967275.0
2021-03-22,1964025.0
2021-03-23,1956325.0
2021-03-24,1946550.0
2021-03-25,1934425.0
2021-03-26,1926000.0
2021-03-29,1917075.0
2021-03-30,1905375.0
2021-03-31,1897075.0
2021-04-01,1889400.0
2021-04-06,1882275.0
2021-04-07,1860125.0
2021-04-08,1860850.0
2021-04-09,1854250.0
2021-04-12,1847600.0
2021-04-13,1841575.0
2021-04-14,1833550.0
2021-04-15,1829325.0
2021-04-16,1824250.0
2021-04-19,1819625.0
2021-04-20,1812625.0
2021-04-21,1809250.0
2021-04-22,1802450.0
2021-04-23,1796925.0
2021-04-26,1793100.0
2021-04-27,1787525.0
2021-04-28,1782600.0
2021-04-29,1838950.0
2021-04-30,1835150.0
2021-05-04,1827800.0
2021-05-05,1810550.0
2021-05-06,1802175.0
2021-05-07,1797100.0
2021-05-10,1789725.0
2021-05-11,1780900.0
2021-05-12,1772700.0
2021-05-13,1766025.0
2021-05-14,1762525.0
2021-05-17,1768375.0
2021-05-18,1765525.0
2021-05-19,1759675.0
2021-05-20,1757350.0
2021-05-21,1750350.0
2021-05-24,1741825.0
2021-05-25,1733775.0
2021-05-26,1728375.0
2021-05-27,1724075.0
2021-05-28,1718300.0
2021-06-01,1707000.0
2021-06-02,1683675.0
2021-06-03,1674475.0
2021-06-04,1666375.0
2021-06-07,1666375.0
2021-06-08,1653175.0
2021-06-09,1649750.0
2021-06-10,1640500.0
2021-06-11,1663150.0
2021-06-14,1652850.0
2021-06-15,1640200.0
2021-06-16,1627225.0
2021-06-17,1628800.0
2021-06-18,1621325.0
2021-06-21,1612900.0
2021-06-22,1623850.0
2021-06-23,1616325.0
2021-06-24,1609100.0
2021-06-25,1596450.0
2021-06-28,1586150.0
2021-06-29,1577175.0
2021-06-30,1578075.0
2021-07-01,1568900.0
2021-07-02,1562950.0
2021-07-05,1552250.0
2021-07-06,1538725.0
2021-07-07,1526275.0
2021-07-08,1517200.0
2021-07-09,1506675.0
2021-07-12,1496075.0
2021-07-13,1480150.0
2021-07-14,1472800.0
2021-07-15,1465775.0
2021-07-16,1457800.0
2021-07-19,1449325.0
2021-07-20,1440350.0
2021-07-21,1434125.0
2021-07-22,1430200.0
2021-07-23,1423525.0
2021-07-26,1416775.0
2021-07-27,1408000.0
2021-07-28,1401500.0
2021-07-29,1395225.0
2021-07-30,1387800.0
2021-08-02,1378575.0
2021-08-03,1371150.0
2021-08-04,1363475.0
2021-08-05,1355600.0
2021-08-06,1353050.0
2021-08-09,1345850.0
2021-08-10,1339100.0
2021-08-11,1340225.0
2021-08-12,1333575.0
2021-08-13,1323825.0
2021-08-16,1312950.0
2021-08-17,1322150.0
2021-08-18,1315125.0
2021-08-19,1309700.0
2021-08-20,1304950.0
2021-08-23,1300250.0
2021-08-24,1295125.0
2021-08-25,1292500.0
2021-08-26,1306950.0
2021-08-27,1338125.0
2021-08-31,1334675.0
2021-09-01,1336850.0
2021-09-02,1335300.0
2021-09-03,1343425.0
2021-09-06,1341000.0
2021-09-07,1333625.0
2021-09-08,1334225.0
2021-09-09,1325225.0
2021-09-10,1317725.0
2021-09-13,1309450.0
2021-09-14,1303500.0
2021-09-15,1299900.0
2021-09-16,1319150.0
2021-09-17,1327725.0
2021-09-20,1326150.0
2021-09-21,1315975.0
2021-09-22,1304725.0
2021-09-23,1289075.0
2021-09-24,1281550.0
2021-09-27,1273750.0
2021-09-28,1256450.0
2021-09-29,1248625.0
2021-09-30,1238300.0
2021-10-01,1229700.0
2021-10-04,1218775.0
2021-10-05,1211975.0
2021-10-06,1198425.0
2021-10-07,1188575.0
2021-10-08,1170800.0
2021-10-11,1150225.0
2021-10-12,1137675.0
2021-10-13,1128500.0
2021-10-14,1126550.0
2021-10-15,1118325.0
2021-10-18,1111525.0
2021-10-19,1103275.0
2021-10-20,1098300.0
2021-10-21,1092600.0
2021-10-22,1086625.0
2021-10-25,1078525.0
2021-10-26,1064425.0
2021-10-27,1055300.0
2021-10-28,1051350.0
2021-10-29,1042800.0
2021-11-01,1035525.0
2021-11-02,1028325.0
2021-11-03,1019825.0
2021-11-04,1009725.0
2021-11-05,1004050.0
2021-11-08,1000375.0
2021-11-09,991375.0
2021-11-10,985275.0
2021-11-11,982025.0
2021-11-12,974700.0
2021-11-15,968450.0
2021-11-16,959975.0
2021-11-17,956750.0
2021-11-18,952850.0
2021-11-19,948650.0
2021-11-22,943125.0
2021-11-23,935750.0
2021-11-24,923700.0
2021-11-25,919225.0
2021-11-26,915850.0
2021-11-29,909225.0
2021-11-30,900975.0
2021-12-01,893775.0
2021-12-02,889575.0
2021-12-03,882800.0
2021-12-06,898450.0
2021-12-07,893650.0
2021-12-08,894350.0
2021-12-09,890650.0
2021-12-10,913200.0
2021-12-13,909650.0
2021-12-14,977400.0
2021-12-15,990550.0
2021-12-16,984650.0
2021-12-17,979600.0
2021-12-20,975825.0
2021-12-21,971600.0
2021-12-22,970425.0
2021-12-23,968650.0
2021-12-24,964175.0
2021-12-29,959700.0
2021-12-30,943500.0
2021-12-31,939200.0
2022-01-04,934375.0
2022-01-05,926800.0
2022-01-06,921400.0
2022-01-07,916875.0
2022-01-10,911500.0
2022-01-11,902850.0
2022-01-12,898525.0
2022-01-13,895000.0
2022-01-14,891550.0
2022-01-17,892800.0
2022-01-18,884125.0
2022-01-19,878750.0
2022-01-20,873650.0
2022-01-21,865950.0
2022-01-24,859800.0
2022-01-25,845625.0
2022-01-26,835000.0
2022-01-27,823525.0
2022-01-28,811050.0
2022-01-31,799475.0
2022-02-01,788425.0
2022-02-02,782225.0
2022-02-03,781900.0
2022-02-04,775475.0
2022-02-07,768250.0
2022-02-08,767700.0
2022-02-09,761950.0
2022-02-10,880975.0
2022-02-11,875250.0
2022-02-14,868950.0
2022-02-15,860250.0
2022-02-16,857225.0
2022-02-17,855525.0
2022-02-18,849275.0
2022-02-21,843475.0
2022-02-22,835125.0
2022-02-23,833900.0
2022-02-24,824150.0
2022-02-25,823125.0
2022-02-28,824025.0
2022-03-01,814275.0
2022-03-02,809750.0
2022-03-03,801100.0
2022-03-04,794150.0
2022-03-07,786475.0
2022-03-08,779350.0
2022-03-09,771175.0
2022-03-10,762775.0
2022-03-11,755950.0
2022-03-14,752850.0
2022-03-15,742200.0
2022-03-16,733900.0
2022-03-17,724700.0
2022-03-18,715225.0
2022-03-21,704850.0
2022-03-22,695825.0
2022-03-23,689575.0
2022-03-24,684250.0
2022-03-25,678100.0
2022-03-28,671025.0
2022-03-29,663225.0
2022-03-30,654475.0
2022-03-31,646850.0
2022-04-01,635975.0
2022-04-04,629775.0
2022-04-05,623325.0
2022-04-06,619875.0
2022-04-07,619775.0
2022-04-08,615750.0
2022-04-11,609850.0
2022-04-12,610775.0
2022-04-13,612275.0
2022-04-14,608000.0
2022-04-19,603650.0
2022-04-20,592175.0
2022-04-21,589725.0
2022-04-22,586000.0
2022-04-25,584050.0
2022-04-26,579600.0
2022-04-27,574550.0
2022-04-28,571625.0
2022-04-29,570100.0
2022-05-03,577650.0
2022-05-04,573975.0
2022-05-05,573600.0
2022-05-06,571800.0
2022-05-09,568250.0
2022-05-10,560275.0
2022-05-11,553925.0
2022-05-12,546350.0
2022-05-13,539800.0
2022-05-16,532500.0
2022-05-17,527375.0
2022-05-18,518900.0
2022-05-19,511675.0
2022-05-20,504275.0
2022-05-23,497250.0
2022-05-24,487475.0
2022-05-25,481650.0
2022-05-26,475650.0
2022-05-27,471075.0
2022-05-30,465700.0
2022-05-31,458875.0
2022-06-01,453875.0
2022-06-06,450500.0
2022-06-07,441725.0
2022-06-08,434000.0
2022-06-09,430050.0
2022-06-10,427350.0
2022-06-13,423975.0
2022-06-14,420675.0
2022-06-15,416125.0
2022-06-16,411575.0
2022-06-17,407875.0
2022-06-20,404450.0
2022-06-21,398925.0
2022-06-22,395575.0
2022-06-23,392275.0
2022-06-24,388750.0
2022-06-27,384800.0
2022-06-28,380675.0
2022-06-29,376925.0
2022-06-30,373275.0
2022-07-01,369675.0
2022-07-04,366150.0
2022-07-05,362525.0
2022-07-06,358125.0
2022-07-07,353175.0
2022-07-08,347175.0
2022-07-11,343825.0
2022-07-12,340375.0
2022-07-13,340300.0
2022-07-14,336850.0
2022-07-15,333000.0
2022-07-18,328500.0
2022-07-19,325075.0
2022-07-20,320675.0
2022-07-21,317275.0
2022-07-22,313175.0
2022-07-25,308050.0
2022-07-26,304125.0
2022-07-27,299700.0
2022-07-28,295325.0
2022-07-29,291025.0
2022-08-01,288125.0
2022-08-02,296650.0
2022-08-03,294550.0
2022-08-04,290675.0
2022-08-05,289125.0
2022-08-08,287425.0
2022-08-09,284275.0
2022-08-10,282700.0
2022-08-11,279125.0
2022-08-12,277225.0
2022-08-15,275725.0
2022-08-16,275625.0
2022-08-17,276875.0
2022-08-18,274525.0
2022-08-19,273775.0
2022-08-22,273325.0
2022-08-23,271450.0
2022-08-24,282075.0
2022-08-25,280125.0
2022-08-26,278025.0
2022-08-30,280475.0
2022-08-31,277050.0
2022-09-01,276375.0
2022-09-02,276050.0
2022-09-05,277050.0
2022-09-06,308375.0
2022-09-07,309500.0
2022-09-08,309025.0
2022-09-09,335275.0
2022-09-12,334375.0
2022-09-13,332900.0
2022-09-14,345600.0
2022-09-15,349650.0
2022-09-16,347650.0
2022-09-19,346325.0
2022-09-20,346025.0
2022-09-21,343325.0
2022-09-22,341650.0
2022-09-23,340350.0
2022-09-26,338850.0
2022-09-27,337425.0
2022-09-28,335625.0
2022-09-29,334100.0
2022-09-30,332175.0
2022-10-03,330050.0
2022-10-04,328600.0
2022-10-05,328525.0
2022-10-06,328850.0
2022-10-07,327625.0
2022-10-10,327675.0
2022-10-11,325800.0
2022-10-12,336275.0
2022-10-13,351900.0
2022-10-14,367200.0
2022-10-17,433025.0
2022-10-18,481375.0
2022-10-19,562550.0
2022-10-20,568275.0
2022-10-21,570000.0
2022-10-24,569525.0
2022-10-25,569500.0
2022-10-26,574075.0
2022-10-27,587100.0
2022-10-28,587425.0
2022-10-31,586225.0
2022-11-01,583975.0
2022-11-02,581050.0
2022-11-03,577875.0
2022-11-04,574425.0
2022-11-07,570775.0
2022-11-08,564375.0
2022-11-09,558825.0
2022-11-10,552600.0
2022-11-11,549275.0
2022-11-14,544025.0
2022-11-15,538825.0
2022-11-16,532975.0
2022-11-17,528250.0
2022-11-18,524375.0
2022-11-21,522000.0
2022-11-22,517075.0
2022-11-23,513275.0
2022-11-24,509450.0
2022-11-25,506275.0
2022-11-28,503700.0
2022-11-29,503150.0
2022-11-30,501225.0
2022-12-01,499150.0
2022-12-02,497925.0
2022-12-05,495550.0
2022-12-06,491750.0
2022-12-07,483575.0
2022-12-08,477425.0
2022-12-09,471575.0
2022-12-12,501675.0
2022-12-13,496425.0
2022-12-14,489300.0
2022-12-15,483850.0
2022-12-16,477650.0
2022-12-19,479525.0
2022-12-20,478500.0
2022-12-21,481175.0
2022-12-22,473000.0
2022-12-23,466600.0
2022-12-28,461725.0
2022-12-29,453375.0
2022-12-30,450300.0
2023-01-03,447250.0
2023-01-04,442425.0
2023-01-05,436500.0
2023-01-06,428525.0
2023-01-09,422075.0
2023-01-10,418875.0
2023-01-11,413700.0
2023-01-12,408875.0
2023-01-13,403250.0
2023-01-16,399650.0
2023-01-17,395150.0
2023-01-18,390400.0
2023-01-19,385850.0
2023-01-20,381175.0
2023-01-23,375950.0
2023-01-24,381550.0
2023-01-25,381550.0
2023-01-26,419425.0
2023-01-27,415525.0
2023-01-30,411650.0
2023-01-31,407325.0
2023-02-01,404150.0
2023-02-02,399600.0
2023-02-03,395250.0
2023-02-06,392200.0
2023-02-07,390200.0
2023-02-08,495750.0
2023-02-09,490550.0
2023-02-10,486925.0
2023-02-13,576775.0
2023-02-14,601600.0
2023-02-15,602150.0
2023-02-16,597825.0
2023-02-17,591950.0
2023-02-20,585750.0
2023-02-21,581300.0
2023-02-22,574025.0
2023-02-23,568800.0
2023-02-24,563600.0
2023-02-27,559375.0
2023-02-28,554900.0
2023-03-01,550100.0
2023-03-02,546825.0
2023-03-03,564700.0
2023-03-06,562325.0
2023-03-07,557925.0
2023-03-08,554300.0
2023-03-09,551175.0
2023-03-10,548375.0
2023-03-13,543525.0
2023-03-14,536450.0
2023-03-15,532425.0
2023-03-16,530550.0
2023-03-17,552350.0
2023-03-20,546200.0
2023-03-21,541875.0
2023-03-22,541325.0
2023-03-23,538950.0
2023-03-24,532725.0
2023-03-27,527875.0
2023-03-28,532025.0
2023-03-29,529175.0
2023-03-30,525275.0
2023-03-31,520900.0
2023-04-03,523900.0
2023-04-04,520100.0
2023-04-05,516825.0
2023-04-06,516800.0
2023-04-11,512725.0
2023-04-12,527450.0
2023-04-13,530775.0
2023-04-14,530650.0
2023-04-17,528350.0
2023-04-18,573075.0
2023-04-19,573575.0
2023-04-20,572275.0
2023-04-21,571400.0
2023-04-24,569600.0
2023-04-25,569600.0
2023-04-26,571800.0
2023-04-27,570300.0
2023-04-28,568500.0
2023-05-02,566200.0
2023-05-03,565200.0
2023-05-04,563300.0
2023-05-05,561925.0
2023-05-09,561450.0
2023-05-10,570150.0
2023-05-11,569975.0
2023-05-12,570300.0
2023-05-15,568200.0
2023-05-16,562450.0
2023-05-17,559000.0
2023-05-18,556550.0
2023-05-19,555200.0
2023-05-22,555000.0
2023-05-23,575875.0
2023-05-24,575675.0
2023-05-25,575475.0
2023-05-26,579775.0
2023-05-30,586525.0
2023-05-31,579525.0
2023-06-01,578825.0
2023-06-02,579025.0
2023-06-05,585050.0
2023-06-06,589475.0
2023-06-07,589450.0
2023-06-08,582125.0
2023-06-09,578300.0
2023-06-12,577975.0
2023-06-13,575325.0
2023-06-14,572775.0
2023-06-15,569075.0
2023-06-16,564850.0
2023-06-19,559925.0
2023-06-20,555675.0
2023-06-21,550925.0
2023-06-22,546375.0
2023-06-23,540975.0
2023-06-26,537775.0
2023-06-27,536425.0
2023-06-28,534350.0
2023-06-29,531225.0
2023-06-30,543150.0
2023-07-03,542050.0
2023-07-04,544400.0
2023-07-05,539700.0
2023-07-06,537875.0
2023-07-07,535075.0
2023-07-10,534075.0
2023-07-11,531725.0
2023-07-12,528100.0
2023-07-13,532100.0
2023-07-14,528475.0
2023-07-17,520800.0
2023-07-18,517400.0
2023-07-19,514300.0
2023-07-20,513100.0
2023-07-21,513400.0
2023-07-24,512500.0
2023-07-25,516975.0
2023-07-26,514025.0
2023-07-27,511000.0
2023-07-28,509000.0
2023-07-31,507400.0
2023-08-01,505550.0
2023-08-02,502775.0
2023-08-03,505100.0
2023-08-04,503325.0
2023-08-07,501325.0
2023-08-08,498900.0
2023-08-09,495000.0
2023-08-10,496150.0
2023-08-11,493825.0
2023-08-14,491750.0
2023-08-15,490800.0
2023-08-16,488600.0
2023-08-17,487100.0
2023-08-18,483550.0
2023-08-21,491050.0
2023-08-22,529775.0
2023-08-23,528250.0
2023-08-24,527550.0
2023-08-25,526175.0
2023-08-29,524025.0
2023-08-30,517375.0
2023-08-31,515750.0
2023-09-01,508400.0
2023-09-04,506400.0
2023-09-05,506875.0
2023-09-06,502400.0
2023-09-07,501475.0
2023-09-08,499475.0
2023-09-11,495875.0
2023-09-12,493875.0
2023-09-13,491300.0
2023-09-14,498525.0
2023-09-15,495400.0
2023-09-18,492575.0
2023-09-19,489825.0
2023-09-20,486150.0
2023-09-21,483550.0
2023-09-22,482300.0
2023-09-25,496550.0
2023-09-26,494300.0
2023-09-27,493300.0
2023-09-28,490275.0
2023-09-29,486050.0
2023-10-02,486775.0
2023-10-03,504850.0
2023-10-04,502850.0
2023-10-05,500850.0
2023-10-06,497650.0
2023-10-09,495650.0
2023-10-10,492650.0
2023-10-11,492650.0
2023-10-12,490650.0
2023-10-13,488625.0
2023-10-16,486600.0
2023-10-17,484600.0
2023-10-18,492775.0
2023-10-19,490450.0
2023-10-20,488450.0
2023-10-23,486450.0
2023-10-24,484450.0
2023-10-25,482450.0
2023-10-26,480250.0
2023-10-27,478725.0
2023-10-30,476725.0
2023-10-31,474725.0
2023-11-01,472700.0
2023-11-02,470700.0
2023-11-03,468700.0
2023-11-06,466700.0
2023-11-07,464100.0
2023-11-08,461600.0
2023-11-09,459100.0
2023-11-10,481750.0
2023-11-13,479650.0
2023-11-14,487575.0
2023-11-15,485825.0
2023-11-16,483800.0
2023-11-17,481775.0
2023-11-20,479775.0
2023-11-21,476875.0
2023-11-22,479650.0
2023-11-23,476300.0
2023-11-24,473875.0
2023-11-27,471875.0
2023-11-28,467875.0
2023-11-29,464375.0
2023-11-30,459375.0
2023-12-01,454375.0
2023-12-04,452900.0
2023-12-05,446150.0
2023-12-06,443000.0
2023-12-07,442500.0
2023-12-08,453225.0
2023-12-11,452375.0
2023-12-12,450225.0
2023-12-13,449525.0
2023-12-14,447575.0
2023-12-15,444625.0
2023-12-18,504475.0
2023-12-19,511450.0
2023-12-20,509800.0
2023-12-21,508150.0
2023-12-22,508650.0
2023-12-27,523725.0
2023-12-28,551050.0
2023-12-29,549050.0
2024-01-02,566375.0
2024-01-03,565175.0
2024-01-04,561575.0
2024-01-05,558175.0
2024-01-08,569100.0
2024-01-09,565275.0
2024-01-10,561825.0
2024-01-11,560575.0
2024-01-12,558575.0
2024-01-15,558550.0
2024-01-16,558550.0
2024-01-17,557675.0
2024-01-18,556300.0
2024-01-19,555225.0
2024-01-22,550825.0
2024-01-23,548325.0
2024-01-24,546325.0
2024-01-25,545050.0
2024-01-26,546250.0
2024-01-29,542750.0
2024-01-30,537825.0
2024-01-31,537575.0
2024-02-01,535575.0
2024-02-02,533475.0
2024-02-05,531175.0
2024-02-06,526750.0
2024-02-07,528050.0
2024-02-08,529350.0
2024-02-09,527350.0
2024-02-12,525250.0
2024-02-13,525225.0
2024-02-14,525100.0
2024-02-15,538075.0
2024-02-16,534925.0
2024-02-19,549600.0
2024-02-20,564675.0
2024-02-21,562125.0
2024-02-22,560675.0
2024-02-23,580275.0
2024-02-26,581800.0
2024-02-27,582675.0
2024-02-28,591675.0
2024-02-29,589650.0
2024-03-01,589075.0
2024-03-04,586600.0
2024-03-05,583700.0
2024-03-06,581900.0
2024-03-07,580325.0
2024-03-08,580050.0
2024-03-11,577675.0
2024-03-12,575675.0
2024-03-13,572925.0
2024-03-14,573275.0
2024-03-15,571775.0
2024-03-18,568525.0
2024-03-19,566425.0
2024-03-20,566325.0
2024-03-21,564050.0
2024-03-22,560700.0
2024-03-25,559600.0
2024-03-26,555775.0
2024-03-27,556525.0
2024-03-28,554475.0
2024-04-02,551400.0
2024-04-03,541350.0
2024-04-04,536850.0
2024-04-05,535475.0
2024-04-08,533150.0
2024-04-09,529625.0
2024-04-10,526075.0
2024-04-11,524625.0
2024-04-12,523100.0
2024-04-15,521600.0
2024-04-16,517350.0
2024-04-17,513850.0
2024-04-18,509250.0
2024-04-19,504000.0
2024-04-22,500000.0
2024-04-23,497300.0
2024-04-24,496550.0
2024-04-25,494875.0
2024-04-26,494150.0
2024-04-29,492750.0
2024-04-30,490750.0
2024-05-01,489250.0
2024-05-02,489250.0
2024-05-03,487750.0
2024-05-07,486050.0
2024-05-08,482600.0
2024-05-09,479850.0
2024-05-10,903850.0
2024-05-13,902550.0
2024-05-14,1033625.0
2024-05-15,1033450.0
2024-05-16,1093275.0
2024-05-17,1093275.0
2024-05-20,1092800.0
2024-05-21,1092300.0
2024-05-22,1125175.0
2024-05-23,1127775.0
2024-05-24,1124700.0
2024-05-28,1121500.0
2024-05-29,1120050.0
2024-05-30,1120050.0
2024-05-31,1116650.0
2024-06-03,1113150.0
2024-06-04,1109900.0
2024-06-05,1111300.0
2024-06-06,1107500.0
2024-06-07,1103500.0
2024-06-10,1100000.0
2024-06-11,1096250.0
2024-06-12,1092550.0
2024-06-13,1085550.0
2024-06-14,1079050.0
2024-06-17,1073950.0
2024-06-18,1068675.0
2024-06-19,1066575.0
2024-06-20,1061000.0
2024-06-21,1055425.0
2024-06-24,1049825.0
2024-06-25,1044325.0
2024-06-26,1038725.0
2024-06-27,1032875.0
2024-06-28,1026925.0
2024-07-01,1021350.0
2024-07-02,1014925.0
2024-07-03,1009825.0
2024-07-04,1004825.0
2024-07-05,999725.0
2024-07-08,994175.0
2024-07-09,988525.0
2024-07-10,987025.0
2024-07-11,982000.0
2024-07-12,976725.0
2024-07-15,970725.0
2024-07-16,965550.0
2024-07-17,964350.0
2024-07-18,963825.0
2024-07-19,960075.0
2024-07-22,956200.0
2024-07-23,952225.0
2024-07-24,948450.0
2024-07-25,947225.0
2024-07-26,943675.0
2024-07-29,940125.0
2024-07-30,936625.0
2024-07-31,933125.0
2024-08-01,929325.0
2024-08-02,925625.0
2024-08-05,921625.0
2024-08-06,918050.0
2024-08-07,914450.0
2024-08-08,910950.0
2024-08-09,907450.0
2024-08-12,903600.0
2024-08-13,899900.0
2024-08-14,896200.0
2024-08-15,892475.0
2024-08-16,888975.0
2024-08-19,885375.0
2024-08-20,881450.0
2024-08-21,877950.0
2024-08-22,874450.0
2024-08-23,870950.0
2024-08-27,867225.0
2024-08-28,860225.0
2024-08-29,856725.0
2024-08-30,852150.0
2024-09-02,847425.0
2024-09-03,843925.0
2024-09-04,840425.0
2024-09-05,836925.0
2024-09-06,833425.0
2024-09-09,834850.0
2024-09-10,831350.0
2024-09-11,827850.0
2024-09-12,824350.0
2024-09-13,820850.0
2024-09-16,817350.0
2024-09-17,813500.0
2024-09-18,813500.0
2024-09-19,813000.0
2024-09-20,809025.0
2024-09-23,805525.0
2024-09-24,803025.0
2024-09-25,800525.0
2024-09-26,798025.0
2024-09-27,795450.0
2024-09-30,792950.0
2024-10-01,790450.0
2024-10-02,787950.0
2024-10-03,785450.0
2024-10-04,782775.0
2024-10-07,780275.0
2024-10-08,777775.0
2024-10-09,775275.0
2024-10-10,772775.0
2024-10-11,770275.0
2024-10-14,769275.0
2024-10-15,767850.0
2024-10-16,765350.0
2024-10-17,762850.0
2024-10-18,760350.0
2024-10-21,757850.0
2024-10-22,755350.0
2024-10-23,752850.0
2024-10-24,750350.0
2024-10-25,748700.0
2024-10-28,746200.0
2024-10-29,743700.0
2024-10-30,741200.0
2024-10-31,738700.0
2024-11-01,736200.0
2024-11-04,741900.0
2024-11-05,739400.0
2024-11-06,736900.0
2024-11-07,734400.0
2024-11-08,731900.0
2024-11-11,729325.0
2024-11-12,726700.0
2024-11-13,724100.0
2024-11-14,721475.0
2024-11-15,718950.0
2024-11-18,716425.0
2024-11-19,713900.0
2024-11-20,711400.0
2024-11-21,711050.0
2024-11-22,708550.0
2024-11-25,706000.0
2024-11-26,703475.0
2024-11-27,700975.0
2024-11-28,698475.0
2024-11-29,695975.0
2024-12-02,693475.0
2024-12-03,690700.0
2024-12-04,689725.0
2024-12-05,687125.0
2024-12-06,684600.0
2024-12-09,681600.0
2024-12-10,679600.0
2024-12-11,677600.0
2024-12-12,675100.0
2024-12-13,675025.0
2024-12-16,672525.0
2024-12-17,670025.0
2024-12-18,667525.0
2024-12-19,665025.0
2024-12-20,662150.0
2024-12-23,659650.0
2024-12-24,657150.0
2024-12-27,652650.0
2024-12-30,643650.0
2024-12-31,639150.0
2025-01-02,634650.0
2025-01-03,630150.0
2025-01-06,626775.0
2025-01-07,624275.0
2025-01-08,621775.0
2025-01-09,619275.0
2025-01-10,621875.0
2025-01-13,619375.0
2025-01-14,616875.0
2025-01-15,614375.0
2025-01-16,611875.0
2025-01-17,609375.0
2025-01-20,606875.0
2025-01-21,604275.0
2025-01-22,600175.0
2025-01-23,597675.0
2025-01-24,595175.0
2025-01-27,592625.0
2025-01-28,592850.0
2025-01-29,590350.0
2025-01-30,587850.0
2025-01-31,587850.0
2025-02-03,587200.0
2025-02-04,581200.0
2025-02-05,576700.0
2025-02-06,572200.0
2025-02-07,567700.0
2025-02-10,563200.0
2025-02-11,558700.0
2025-02-12,566050.0
2025-02-13,564525.0
2025-02-14,560000.0
2025-02-17,555950.0
2025-02-18,551950.0
2025-02-19,547950.0
2025-02-20,543900.0
2025-02-21,539900.0
2025-02-24,535900.0
2025-02-25,531025.0
2025-02-26,529475.0
2025-02-27,525425.0
2025-02-28,521200.0
2025-03-03,517150.0
2025-03-04,524500.0
2025-03-05,519875.0
2025-03-06,515600.0
2025-03-07,510900.0
2025-03-10,506200.0
2025-03-11,502150.0
2025-03-12,501825.0
2025-03-13,503550.0
2025-03-14,501800.0
2025-03-17,497275.0
2025-03-18,493250.0
2025-03-19,489125.0
2025-03-20,487525.0
2025-03-21,483925.0
2025-03-24,480250.0
2025-03-25,476625.0
2025-03-26,473100.0
2025-03-27,469575.0
2025-03-28,466050.0
2025-03-31,462450.0
2025-04-01,458900.0
2025-04-02,458825.0
2025-04-03,458800.0
2025-04-04,456750.0
2025-04-07,454700.0
2025-04-08,452525.0
2025-04-09,449500.0
2025-04-10,446325.0
2025-04-11,442225.0
2025-04-14,440150.0
2025-04-15,439325.0
2025-04-16,436975.0
2025-04-17,434150.0
2025-04-22,431700.0
2025-04-23,425600.0
2025-04-24,423575.0
2025-04-25,421575.0
2025-04-28,419575.0
2025-04-29,417575.0
2025-04-30,415575.0
2025-05-01,413575.0
2025-05-02,411575.0
2025-05-06,411575.0
2025-05-07,407575.0
2025-05-08,405575.0
2025-05-09,403550.0
2025-05-12,401525.0
2025-05-13,399300.0
2025-05-14,399300.0
2025-05-15,397275.0
2025-05-16,395450.0
2025-05-19,393450.0
2025-05-20,390925.0
2025-05-21,388900.0
2025-05-22,386900.0
2025-05-23,384575.0
2025-05-27,381575.0
2025-05-28,377325.0
2025-05-29,375075.0
2025-05-30,372525.0
2025-06-02,370275.0
2025-06-03,367875.0
2025-06-04,367875.0
2025-06-05,365850.0
2025-06-06,363850.0
2025-06-09,362000.0
2025-06-10,359900.0
2025-06-11,357600.0
2025-06-12,355600.0
2025-06-13,353225.0
2025-06-16,351200.0
2025-06-17,349100.0
2025-06-18,347000.0
2025-06-19,344950.0
2025-06-20,342850.0
2025-06-23,340975.0
2025-06-24,339900.0
2025-06-25,337900.0
2025-06-26,336900.0
2025-06-27,345200.0
2025-06-30,345750.0
2025-07-01,348625.0
2025-07-02,356625.0
2025-07-03,356975.0
2025-07-04,363925.0
2025-07-07,371150.0
2025-07-08,384350.0
2025-07-09,390800.0
2025-07-10,395725.0
2025-07-11,400275.0
2025-07-14,405550.0
2025-07-15,416975.0
2025-07-16,423525.0
2025-07-17,427200.0
2025-07-18,430700.0
2025-07-21,434425.0
2025-07-22,438450.0
2025-07-23,444800.0
2025-07-24,448100.0
2025-07-25,450825.0
2025-07-28,454275.0
2025-07-29,456100.0
2025-07-30,460350.0
2025-07-31,461025.0
2025-08-01,462800.0
2025-08-04,463725.0
2025-08-05,466025.0
2025-08-06,467925.0
2025-08-07,469500.0
2025-08-08,470575.0
2025-08-11,475850.0
2025-08-12,477100.0
2025-08-13,478625.0
2025-08-14,479675.0
2025-08-15,479550.0
2025-08-18,479525.0
2025-08-19,479525.0
2025-08-20,479525.0
2025-08-21,479525.0
2025-08-22,478725.0
2025-08-26,478075.0
2025-08-27,481250.0
2025-08-28,481150.0
2025-08-29,481050.0
2025-09-01,481050.0
2025-09-02,479600.0
2025-09-03,479600.0
2025-09-04,479600.0
2025-09-05,484675.0
2025-09-08,485275.0
2025-09-09,485275.0
2025-09-10,485275.0
2025-09-11,485275.0
2025-09-12,485275.0
2025-09-15,485275.0
2025-09-16,483775.0
2025-09-17,483775.0
2025-09-18,513900.0
2025-09-19,513900.0
2025-09-22,513900.0
2025-09-23,513850.0
2025-09-24,517150.0
2025-09-25,515925.0
2025-09-26,517700.0
2025-09-29,515600.0
2025-09-30,513425.0
2025-10-01,511425.0
2025-10-02,508425.0
2025-10-03,502800.0
2025-10-06,507300.0
2025-10-07,505325.0
2025-10-08,506400.0
2025-10-09,508600.0
2025-10-10,508825.0
2025-10-13,506000.0
2025-10-14,503950.0
2025-10-15,498975.0
2025-10-16,495325.0
2025-10-17,491225.0
2025-10-20,487125.0
2025-10-21,484125.0
2025-10-22,482525.0
2025-10-23,477675.0
2025-10-24,473125.0
2025-10-27,469275.0
2025-10-28,465650.0
2025-10-29,462750.0
2025-10-30,459525.0
2025-10-31,558050.0
2025-11-03,554575.0
2025-11-04,552575.0
2025-11-05,550450.0
2025-11-06,548375.0
2025-11-07,549225.0
2025-11-10,547225.0
2025-11-11,545225.0
2025-11-12,544075.0
2025-11-13,553200.0
2025-11-14,552375.0
