Date,Value
2008-10-06,126130.0
2008-10-07,125404.0
2008-10-08,125305.0
2008-10-09,125530.0
2008-10-10,124328.0
2008-10-13,121991.0
2008-10-14,121220.0
2008-10-15,120524.0
2008-10-16,120203.0
2008-10-17,116332.0
2008-10-20,113445.0
2008-10-21,111971.0
2008-10-22,109509.0
2008-10-23,106833.0
2008-10-24,99989.0
2008-10-27,98695.0
2008-10-28,97617.0
2008-10-29,96942.0
2008-10-30,96791.0
2008-10-31,96716.0
2008-11-03,96566.0
2008-11-04,96516.0
2008-11-05,96668.0
2008-11-06,96046.0
2008-11-07,93115.0
2008-11-10,91989.0
2008-11-11,93614.0
2008-11-12,93141.0
2008-11-13,94243.0
2008-11-14,93546.0
2008-11-17,95343.0
2008-11-18,94995.0
2008-11-19,94919.0
2008-11-20,94595.0
2008-11-21,93468.0
2008-11-24,91973.0
2008-11-25,90447.0
2008-11-26,79303.0
2008-11-27,79151.0
2008-11-28,78827.0
2008-12-01,74288.0
2008-12-02,72366.0
2008-12-03,69626.0
2008-12-04,70828.0
2008-12-05,70627.0
2008-12-08,69827.0
2008-12-09,69331.0
2008-12-10,67908.0
2008-12-11,67583.0
2008-12-12,67685.0
2008-12-15,67136.0
2008-12-16,66810.0
2008-12-17,61859.0
2008-12-18,56191.0
2008-12-19,55367.0
2008-12-22,53568.0
2008-12-23,52672.0
2008-12-24,52597.0
2008-12-25,52196.0
2008-12-26,52196.0
2008-12-29,51694.0
2008-12-30,50251.0
2008-12-31,47948.0
2009-01-05,40979.0
2009-01-06,37435.0
2009-01-07,36083.0
2009-01-08,37575.0
2009-01-09,34509.0
2009-01-12,33890.0
2009-01-13,32346.0
2009-01-14,30869.0
2009-01-15,30442.0
2009-01-16,30465.0
2009-01-19,30215.0
2009-01-20,29217.0
2009-01-21,29117.0
2009-01-22,28817.0
2009-01-23,28243.0
2009-02-02,28243.0
2009-02-03,28167.0
2009-02-04,27968.0
2009-02-05,27368.0
2009-02-06,27167.0
2009-02-09,27138.0
2009-02-10,26962.0
2009-02-11,26963.0
2009-02-12,29651.0
2009-02-13,29679.0
2009-02-16,37725.0
2009-02-17,41264.0
2009-02-18,41139.0
2009-02-19,40368.0
2009-02-20,38566.0
2009-02-23,37211.0
2009-02-24,37062.0
2009-02-25,37687.0
2009-02-26,37489.0
2009-02-27,36766.0
2009-03-02,35917.0
2009-03-03,37858.0
2009-03-04,36502.0
2009-03-05,35075.0
2009-03-06,34825.0
2009-03-09,34525.0
2009-03-10,34674.0
2009-03-11,34076.0
2009-03-12,33876.0
2009-03-13,34404.0
2009-03-16,36373.0
2009-03-17,39468.0
2009-03-18,39221.0
2009-03-19,37486.0
2009-03-20,36235.0
2009-03-23,34662.0
2009-03-24,33515.0
2009-03-25,37057.0
2009-03-26,34352.0
2009-03-27,30110.0
2009-03-30,29061.0
2009-03-31,29061.0
2009-04-01,28737.0
2009-04-02,28737.0
2009-04-03,28662.0
2009-04-07,28562.0
2009-04-08,28562.0
2009-04-09,28562.0
2009-04-10,28562.0
2009-04-13,27211.0
2009-04-14,30003.0
2009-04-15,35650.0
2009-04-16,44343.0
2009-04-17,44343.0
2009-04-20,42033.0
2009-04-21,40783.0
2009-04-22,39267.0
2009-04-23,33504.0
2009-04-24,33504.0
2009-04-27,33479.0
2009-04-28,33403.0
2009-04-29,33403.0
2009-04-30,33403.0
2009-05-04,33403.0
2009-05-05,33403.0
2009-05-06,33403.0
2009-05-07,33403.0
2009-05-08,33503.0
2009-05-11,33503.0
2009-05-12,35000.0
2009-05-13,36938.0
2009-05-14,37816.0
2009-05-15,38393.0
2009-05-18,48036.0
2009-05-19,48036.0
2009-05-20,47540.0
2009-05-21,44240.0
2009-05-22,41252.0
2009-05-25,40382.0
2009-05-26,40061.0
2009-05-27,39194.0
2009-06-01,39194.0
2009-06-02,38945.0
2009-06-03,38399.0
2009-06-04,36790.0
2009-06-05,36411.0
2009-06-08,36085.0
2009-06-09,36680.0
2009-06-10,36781.0
2009-06-11,37558.0
2009-06-12,38560.0
2009-06-15,50420.0
2009-06-16,67401.0
2009-06-17,67377.0
2009-06-18,65182.0
2009-06-19,61546.0
2009-06-22,57765.0
2009-06-23,57617.0
2009-06-24,57394.0
2009-06-25,57593.0
2009-06-26,56677.0
2009-06-29,55702.0
2009-06-30,55028.0
2009-07-01,54879.0
2009-07-02,53860.0
2009-07-03,53612.0
2009-07-06,53690.0
2009-07-07,54719.0
2009-07-08,54348.0
2009-07-09,55993.0
2009-07-10,56445.0
2009-07-13,59420.0
2009-07-14,64169.0
2009-07-15,84382.0
2009-07-16,90344.0
2009-07-17,89968.0
2009-07-20,88153.0
2009-07-21,86285.0
2009-07-22,85290.0
2009-07-23,85394.0
2009-07-24,85468.0
2009-07-27,85818.0
2009-07-28,87647.0
2009-07-29,87721.0
2009-07-30,87621.0
2009-07-31,88300.0
2009-08-03,88278.0
2009-08-04,89733.0
2009-08-05,89634.0
2009-08-06,89935.0
2009-08-07,89340.0
2009-08-10,90505.0
2009-08-11,90480.0
2009-08-12,91628.0
2009-08-13,92436.0
2009-08-14,94560.0
2009-08-17,100276.0
2009-08-18,122571.0
2009-08-19,122218.0
2009-08-20,119481.0
2009-08-21,117959.0
2009-08-24,115740.0
2009-08-25,115490.0
2009-08-26,115167.0
2009-08-27,114792.0
2009-08-28,114643.0
2009-08-31,114696.0
2009-09-01,114671.0
2009-09-02,114879.0
2009-09-03,114805.0
2009-09-04,114981.0
2009-09-07,116107.0
2009-09-08,116287.0
2009-09-09,116236.0
2009-09-10,117262.0
2009-09-11,117911.0
2009-09-14,118540.0
2009-09-15,118017.0
2009-09-16,149253.0
2009-09-17,148680.0
2009-09-18,144139.0
2009-09-21,142072.0
2009-09-22,140164.0
2009-09-23,138594.0
2009-09-24,137471.0
2009-09-25,136547.0
2009-09-28,136175.0
2009-09-29,135307.0
2009-09-30,134778.0
2009-10-09,135526.0
2009-10-12,136054.0
2009-10-13,135954.0
2009-10-14,135954.0
2009-10-15,144147.0
2009-10-16,167670.0
2009-10-19,167670.0
2009-10-20,162196.0
2009-10-21,160313.0
2009-10-23,158699.0
2009-10-26,158152.0
2009-10-27,161062.0
2009-10-28,161859.0
2009-10-29,162784.0
2009-10-30,161812.0
2009-11-02,162837.0
2009-11-03,162564.0
2009-11-04,162567.0
2009-11-05,167055.0
2009-11-06,169380.0
2009-11-09,170506.0
2009-11-10,171112.0
2009-11-11,170866.0
2009-11-12,171720.0
2009-11-13,171372.0
2009-11-16,190581.0
2009-11-17,215235.0
2009-11-18,216641.0
2009-11-19,213242.0
2009-11-20,212176.0
2009-11-23,213153.0
2009-11-24,214830.0
2009-11-25,215157.0
2009-11-26,217885.0
2009-11-27,218461.0
2009-11-30,220264.0
2009-12-01,220617.0
2009-12-02,222638.0
2009-12-03,223636.0
2009-12-04,224288.0
2009-12-07,225331.0
2009-12-08,223717.0
2009-12-09,223518.0
2009-12-10,223518.0
2009-12-11,227199.0
2009-12-14,233488.0
2009-12-15,234687.0
2009-12-16,257589.0
2009-12-17,257589.0
2009-12-18,254785.0
2009-12-21,253147.0
2009-12-22,253048.0
2009-12-23,254445.0
2009-12-24,254996.0
2009-12-25,254699.0
2009-12-28,255327.0
2009-12-29,255154.0
2009-12-30,255776.0
2009-12-31,256025.0
2010-01-04,256998.0
2010-01-05,257699.0
2010-01-06,258150.0
2010-01-07,258150.0
2010-01-08,258051.0
2010-01-11,261050.0
2010-01-12,261201.0
2010-01-13,261377.0
2010-01-14,263626.0
2010-01-15,266056.0
2010-01-18,292757.0
2010-01-19,293504.0
2010-01-20,288187.0
2010-01-21,286826.0
2010-01-22,286065.0
2010-01-25,285693.0
2010-01-26,285396.0
2010-01-27,284699.0
2010-01-28,284625.0
2010-01-29,283031.0
2010-02-01,281601.0
2010-02-02,279629.0
2010-02-03,279433.0
2010-02-04,278712.0
2010-02-05,277941.0
2010-02-08,278454.0
2010-02-09,278831.0
2010-02-10,312781.0
2010-02-11,310780.0
2010-02-12,309835.0
2010-02-22,309364.0
2010-02-23,309264.0
2010-02-24,308942.0
2010-02-25,308794.0
2010-02-26,308645.0
2010-03-01,308052.0
2010-03-02,310978.0
2010-03-03,311252.0
2010-03-04,311501.0
2010-03-05,313175.0
2010-03-08,315354.0
2010-03-09,315404.0
2010-03-10,316728.0
2010-03-11,316754.0
2010-03-12,320566.0
2010-03-15,324965.0
2010-03-16,333015.0
2010-03-17,351134.0
2010-03-18,347499.0
2010-03-19,347076.0
2010-03-22,346827.0
2010-03-23,346927.0
2010-03-24,346951.0
2010-03-25,347654.0
2010-03-26,347555.0
2010-03-29,346712.0
2010-03-30,347739.0
2010-03-31,347538.0
2010-04-01,348609.0
2010-04-02,349585.0
2010-04-06,355043.0
2010-04-07,357340.0
2010-04-08,362636.0
2010-04-09,363280.0
2010-04-12,366502.0
2010-04-13,366776.0
2010-04-14,366730.0
2010-04-15,370026.0
2010-04-16,393095.0
2010-04-19,392995.0
2010-04-20,392246.0
2010-04-21,391528.0
2010-04-22,391478.0
2010-04-23,390905.0
2010-04-26,390959.0
2010-04-27,390959.0
2010-04-28,390687.0
2010-04-29,390739.0
2010-04-30,388960.0
2010-05-04,392672.0
2010-05-05,392324.0
2010-05-06,390980.0
2010-05-07,390206.0
2010-05-10,389853.0
2010-05-11,391212.0
2010-05-12,401706.0
2010-05-13,402279.0
2010-05-14,413386.0
2010-05-17,425664.0
2010-05-18,422087.0
2010-05-19,420141.0
2010-05-20,416803.0
2010-05-21,412894.0
2010-05-24,409482.0
2010-05-25,412888.0
2010-05-26,411736.0
2010-05-27,410095.0
2010-05-28,409050.0
2010-05-31,408424.0
2010-06-01,407379.0
2010-06-02,407359.0
2010-06-03,405620.0
2010-06-04,404305.0
2010-06-07,401791.0
2010-06-08,398734.0
2010-06-09,395305.0
2010-06-10,395119.0
2010-06-11,393548.0
2010-06-17,415081.0
2010-06-18,421299.0
2010-06-21,420057.0
2010-06-22,416596.0
2010-06-23,411665.0
2010-06-24,410150.0
2010-06-25,409379.0
2010-06-28,405790.0
2010-06-29,405316.0
2010-06-30,403755.0
2010-07-01,403608.0
2010-07-02,401009.0
2010-07-05,397070.0
2010-07-06,394576.0
2010-07-07,392829.0
2010-07-08,390910.0
2010-07-09,388664.0
2010-07-12,387586.0
2010-07-13,386314.0
2010-07-14,383698.0
2010-07-15,380407.0
2010-07-16,377857.0
2010-07-19,374834.0
2010-07-20,372113.0
2010-07-21,370518.0
2010-07-22,368876.0
2010-07-23,367953.0
2010-07-26,365981.0
2010-07-27,365009.0
2010-07-28,364239.0
2010-07-29,365391.0
2010-07-30,364125.0
2010-08-02,361757.0
2010-08-03,361333.0
2010-08-04,360935.0
2010-08-05,360190.0
2010-08-06,359992.0
2010-08-09,363383.0
2010-08-10,364409.0
2010-08-11,362274.0
2010-08-12,361999.0
2010-08-13,364477.0
2010-08-16,363783.0
2010-08-17,363063.0
2010-08-18,357838.0
2010-08-19,356242.0
2010-08-20,354853.0
2010-08-23,353192.0
2010-08-24,352820.0
2010-08-25,352348.0
2010-08-26,354073.0
2010-08-27,352956.0
2010-08-30,353799.0
2010-08-31,354048.0
2010-09-01,354024.0
2010-09-02,353876.0
2010-09-03,353876.0
2010-09-06,343943.0
2010-09-07,344117.0
2010-09-08,344216.0
2010-09-09,344490.0
2010-09-10,345284.0
2010-09-13,358085.0
2010-09-14,358658.0
2010-09-15,363393.0
2010-09-16,367268.0
2010-09-17,367168.0
2010-09-20,362782.0
2010-09-21,360576.0
2010-09-27,356800.0
2010-09-28,355982.0
2010-09-29,353944.0
2010-09-30,353624.0
2010-10-08,353277.0
2010-10-11,353650.0
2010-10-12,353502.0
2010-10-13,359094.0
2010-10-14,359046.0
2010-10-15,359227.0
2010-10-18,365636.0
2010-10-19,365613.0
2010-10-20,364019.0
2010-10-21,362455.0
2010-10-22,362377.0
2010-10-25,361155.0
2010-10-26,360981.0
2010-10-27,361116.0
2010-10-28,360520.0
2010-10-29,359729.0
2010-11-01,360078.0
2010-11-02,359632.0
2010-11-03,359357.0
2010-11-04,358986.0
2010-11-05,359089.0
2010-11-08,359284.0
2010-11-09,358466.0
2010-11-10,358243.0
2010-11-11,371196.0
2010-11-12,369678.0
2010-11-15,370135.0
2010-11-16,367153.0
2010-11-17,364150.0
2010-11-18,355620.0
2010-11-19,349702.0
2010-11-22,343117.0
2010-11-23,338969.0
2010-11-24,334987.0
2010-11-25,331488.0
2010-11-26,329393.0
2010-11-29,324619.0
2010-11-30,321864.0
2010-12-01,321092.0
2010-12-02,318431.0
2010-12-03,317064.0
2010-12-04,316547.0
2010-12-07,314311.0
2010-12-09,313588.0
2010-12-10,314864.0
2010-12-13,314292.0
2010-12-14,314142.0
2010-12-15,313098.0
2010-12-16,312552.0
2010-12-17,312156.0
2010-12-20,309738.0
2010-12-21,306928.0
2010-12-22,303822.0
2010-12-23,301181.0
2010-12-24,300559.0
2010-12-27,300012.0
2010-12-28,299513.0
2010-12-29,299339.0
2010-12-30,299165.0
2010-12-31,298466.0
2011-01-04,298215.0
2011-01-05,297472.0
2011-01-06,295537.0
2011-01-07,295338.0
2011-01-10,293225.0
2011-01-11,290670.0
2011-01-12,288957.0
2011-01-13,290628.0
2011-01-14,289860.0
2011-01-17,288839.0
2011-01-18,286247.0
2011-01-19,284755.0
2011-01-20,280331.0
2011-01-21,278192.0
2011-01-24,275749.0
2011-01-25,274502.0
2011-01-26,273033.0
2011-01-27,271017.0
2011-01-28,268597.0
2011-01-31,267274.0
2011-02-01,267274.0
2011-02-09,267274.0
2011-02-10,267274.0
2011-02-11,267274.0
2011-02-14,272850.0
2011-02-15,274831.0
2011-02-16,274307.0
2011-02-17,274385.0
2011-02-18,272215.0
2011-02-21,269110.0
2011-02-22,269036.0
2011-02-23,268367.0
2011-02-24,268022.0
2011-02-25,267722.0
2011-02-28,267523.0
2011-03-01,267425.0
2011-03-02,267425.0
2011-03-03,267252.0
2011-03-04,267078.0
2011-03-07,267026.0
2011-03-08,266353.0
2011-03-09,265187.0
2011-03-10,271190.0
2011-03-11,271967.0
2011-03-14,272168.0
2011-03-15,271723.0
2011-03-16,275478.0
2011-03-17,274288.0
2011-03-18,274288.0
2011-03-21,272545.0
2011-03-22,272545.0
2011-03-23,269411.0
2011-03-24,269411.0
2011-03-25,269411.0
2011-03-28,265508.0
2011-03-29,264088.0
2011-03-30,263394.0
2011-03-31,263244.0
2011-04-01,262648.0
2011-04-06,264243.0
2011-04-07,263871.0
2011-04-08,270108.0
2011-04-11,269216.0
2011-04-12,268669.0
2011-04-13,268669.0
2011-04-14,267152.0
2011-04-15,274343.0
2011-04-18,277349.0
2011-04-19,275706.0
2011-04-20,272021.0
2011-04-21,269664.0
2011-04-22,267652.0
2011-04-25,264817.0
2011-04-26,263496.0
2011-04-27,265030.0
2011-04-28,262903.0
2011-04-29,260963.0
2011-05-03,258604.0
2011-05-04,255092.0
2011-05-05,251220.0
2011-05-06,249777.0
2011-05-09,247738.0
2011-05-10,251149.0
2011-05-11,253159.0
2011-05-12,251295.0
2011-05-13,248340.0
2011-05-16,252854.0
2011-05-17,253621.0
2011-05-18,248077.0
2011-05-19,238909.0
2011-05-20,230802.0
2011-05-23,226401.0
2011-05-24,220175.0
2011-05-25,214302.0
2011-05-26,209237.0
2011-05-27,207023.0
2011-05-30,204254.0
2011-05-31,203235.0
2011-06-01,202688.0
2011-06-02,201817.0
2011-06-03,199606.0
2011-06-07,197119.0
2011-06-08,193640.0
2011-06-09,190877.0
2011-06-10,190705.0
2011-06-13,189926.0
2011-06-14,188807.0
2011-06-15,194949.0
2011-06-16,192206.0
2011-06-17,190915.0
2011-06-20,183794.0
2011-06-21,177291.0
2011-06-22,173025.0
2011-06-23,167228.0
2011-06-24,161570.0
2011-06-27,155653.0
2011-06-28,146362.0
2011-06-29,142149.0
2011-06-30,141281.0
2011-07-01,139569.0
2011-07-04,136932.0
2011-07-05,134892.0
2011-07-06,133149.0
2011-07-07,129722.0
2011-07-08,124258.0
2011-07-11,119204.0
2011-07-12,116150.0
2011-07-13,110788.0
2011-07-14,114407.0
2011-07-15,116329.0
2011-07-18,126461.0
2011-07-19,122980.0
2011-07-20,121292.0
2011-07-21,113500.0
2011-07-22,107073.0
2011-07-25,97444.0
2011-07-26,88657.0
2011-07-27,84024.0
2011-07-28,79135.0
2011-07-29,74750.0
2011-08-01,72037.0
2011-08-02,68355.0
2011-08-03,65437.0
2011-08-04,64560.0
2011-08-05,58004.0
2011-08-08,49697.0
2011-08-09,45427.0
2011-08-10,43062.0
2011-08-11,44896.0
2011-08-12,43691.0
2011-08-15,61561.0
2011-08-16,68957.0
2011-08-17,67813.0
2011-08-18,63983.0
2011-08-19,54998.0
2011-08-22,47561.0
2011-08-23,45471.0
2011-08-24,42769.0
2011-08-25,39063.0
2011-08-26,36997.0
2011-08-29,34134.0
2011-08-30,31774.0
2011-08-31,29808.0
2011-09-01,28964.0
2011-09-02,27101.0
2011-09-05,26183.0
2011-09-06,25286.0
2011-09-07,23523.0
2011-09-08,21835.0
2011-09-09,19726.0
2011-09-13,18633.0
2011-09-14,18037.0
2011-09-15,20449.0
2011-09-16,46498.0
2011-09-19,45432.0
2011-09-20,40785.0
2011-09-21,35249.0
2011-09-22,32270.0
2011-09-23,29490.0
2011-09-26,23199.0
2011-09-27,20496.0
2011-09-28,18702.0
2011-09-29,16441.0
2011-09-30,13586.0
2011-10-10,12369.0
2011-10-11,11372.0
2011-10-12,10974.0
2011-10-13,12143.0
2011-10-14,20784.0
2011-10-17,43213.0
2011-10-18,43213.0
2011-10-19,43188.0
2011-10-20,39232.0
2011-10-21,33839.0
2011-10-24,30903.0
2011-10-25,29461.0
2011-10-26,28097.0
2011-10-27,26532.0
2011-10-28,24095.0
2011-10-31,22673.0
2011-11-01,21502.0
2011-11-02,19662.0
2011-11-03,19067.0
2011-11-04,18494.0
2011-11-07,17773.0
2011-11-08,17549.0
2011-11-09,17474.0
2011-11-10,20267.0
2011-11-11,26064.0
2011-11-14,28887.0
2011-11-15,35899.0
2011-11-16,43724.0
2011-11-17,43452.0
2011-11-18,40583.0
2011-11-21,38069.0
2011-11-22,36027.0
2011-11-23,35032.0
2011-11-24,34161.0
2011-11-25,33712.0
2011-11-28,32295.0
2011-11-29,31896.0
2011-11-30,31624.0
2011-12-01,30551.0
2011-12-02,29854.0
2011-12-05,28885.0
2011-12-06,27270.0
2011-12-07,26051.0
2011-12-08,25258.0
2011-12-09,23941.0
2011-12-12,29312.0
2011-12-13,33391.0
2011-12-14,32719.0
2011-12-15,48238.0
2011-12-16,46618.0
2011-12-19,45344.0
2011-12-20,40898.0
2011-12-21,39358.0
2011-12-22,37994.0
2011-12-23,37349.0
2011-12-26,36703.0
2011-12-27,36154.0
2011-12-28,35136.0
2011-12-29,34665.0
2011-12-30,34496.0
2012-01-04,34074.0
2012-01-05,33304.0
2012-01-06,32831.0
2012-01-09,32354.0
2012-01-10,32261.0
2012-01-11,31789.0
2012-01-12,31714.0
2012-01-13,37345.0
2012-01-16,39952.0
2012-01-17,39952.0
2012-01-18,36577.0
2012-01-19,36353.0
2012-01-20,36353.0
2012-01-30,36353.0
2012-01-31,36255.0
2012-02-01,36404.0
2012-02-02,39535.0
2012-02-03,42809.0
2012-02-06,46871.0
2012-02-07,47347.0
2012-02-08,55363.0
2012-02-09,56144.0
2012-02-10,59502.0
2012-02-13,66519.0
2012-02-14,70689.0
2012-02-15,83180.0
2012-02-16,87751.0
2012-02-17,88053.0
2012-02-20,85195.0
2012-02-21,83875.0
2012-02-22,83825.0
2012-02-23,84997.0
2012-02-24,84997.0
2012-02-27,85868.0
2012-02-28,86195.0
2012-02-29,90435.0
2012-03-01,94005.0
2012-03-02,93904.0
2012-03-05,93705.0
2012-03-06,97021.0
2012-03-07,102690.0
2012-03-08,102715.0
2012-03-09,106085.0
2012-03-12,111090.0
2012-03-13,119769.0
2012-03-14,123969.0
2012-03-15,143201.0
2012-03-16,141510.0
2012-03-19,140984.0
2012-03-20,140190.0
2012-03-21,140261.0
2012-03-22,139641.0
2012-03-23,139466.0
2012-03-26,138720.0
2012-03-27,138671.0
2012-03-28,138496.0
2012-03-29,138097.0
2012-03-30,137798.0
2012-04-05,136627.0
2012-04-06,135252.0
2012-04-09,133805.0
2012-04-10,133532.0
2012-04-11,132959.0
2012-04-12,132109.0
2012-04-13,131613.0
2012-04-16,129814.0
2012-04-17,127517.0
2012-04-18,126847.0
2012-04-19,122760.0
2012-04-20,120130.0
2012-04-23,114603.0
2012-04-24,113233.0
2012-04-25,112410.0
2012-04-26,111959.0
2012-04-27,111335.0
2012-05-02,111010.0
2012-05-03,110810.0
2012-05-04,111928.0
2012-05-07,112577.0
2012-05-08,111133.0
2012-05-09,110481.0
2012-05-10,110727.0
2012-05-11,109454.0
2012-05-14,109609.0
2012-05-15,108660.0
2012-05-16,106470.0
2012-05-17,99226.0
2012-05-18,89226.0
2012-05-21,84525.0
2012-05-22,82724.0
2012-05-23,79933.0
2012-05-24,76958.0
2012-05-25,73098.0
2012-05-28,69900.0
2012-05-29,67752.0
2012-05-30,66356.0
2012-05-31,65459.0
2012-06-01,64885.0
2012-06-04,63837.0
2012-06-05,63513.0
2012-06-06,62813.0
2012-06-07,61614.0
2012-06-08,60512.0
2012-06-11,58435.0
2012-06-12,56957.0
2012-06-13,56680.0
2012-06-14,55628.0
2012-06-15,56151.0
2012-06-18,55474.0
2012-06-19,55198.0
2012-06-20,53213.0
2012-06-21,50735.0
2012-06-25,50710.0
2012-06-26,49158.0
2012-06-27,48485.0
2012-06-28,47833.0
2012-06-29,47508.0
2012-07-02,47458.0
2012-07-03,47259.0
2012-07-04,46706.0
2012-07-05,46531.0
2012-07-06,46006.0
2012-07-09,45981.0
2012-07-10,46006.0
2012-07-11,46157.0
2012-07-12,46530.0
2012-07-13,49329.0
2012-07-16,57288.0
2012-07-17,59291.0
2012-07-18,59042.0
2012-07-19,58267.0
2012-07-20,58193.0
2012-07-23,58368.0
2012-07-24,58243.0
2012-07-25,58144.0
2012-07-26,57920.0
2012-07-27,57920.0
2012-07-30,58896.0
2012-07-31,58896.0
2012-08-01,58896.0
2012-08-02,58845.0
2012-08-03,60147.0
2012-08-06,58672.0
2012-08-07,58047.0
2012-08-08,57997.0
2012-08-09,57997.0
2012-08-10,57251.0
2012-08-13,60583.0
2012-08-14,60583.0
2012-08-15,64502.0
2012-08-16,65104.0
2012-08-17,64979.0
2012-08-20,64728.0
2012-08-21,64280.0
2012-08-22,64280.0
2012-08-23,64204.0
2012-08-24,64154.0
2012-08-27,64154.0
2012-08-28,63953.0
2012-08-29,64951.0
2012-08-30,64951.0
2012-08-31,64951.0
2012-09-03,64951.0
2012-09-04,64951.0
2012-09-05,64951.0
2012-09-06,66270.0
2012-09-07,69627.0
2012-09-10,72136.0
2012-09-11,75277.0
2012-09-12,80043.0
2012-09-13,86531.0
2012-09-14,93456.0
2012-09-17,122538.0
2012-09-18,123088.0
2012-09-19,123088.0
2012-09-20,122664.0
2012-09-21,117490.0
2012-09-24,115585.0
2012-09-25,115258.0
2012-09-26,114735.0
2012-09-27,114735.0
2012-09-28,114586.0
2012-10-08,114586.0
2012-10-09,114816.0
2012-10-10,114617.0
2012-10-11,114465.0
2012-10-12,114997.0
2012-10-15,143171.0
2012-10-16,149785.0
2012-10-17,149410.0
2012-10-18,147986.0
2012-10-19,147416.0
2012-10-22,145618.0
2012-10-23,144672.0
2012-10-24,144423.0
2012-10-25,150457.0
2012-10-26,137691.0
2012-10-29,138644.0
2012-10-30,138817.0
2012-10-31,138619.0
2012-11-01,138520.0
2012-11-02,138197.0
2012-11-05,139147.0
2012-11-06,139999.0
2012-11-07,140225.0
2012-11-08,141748.0
2012-11-09,145316.0
2012-11-12,148350.0
2012-11-13,148476.0
2012-11-14,147881.0
2012-11-15,153821.0
2012-11-16,160743.0
2012-11-19,159745.0
2012-11-20,159320.0
2012-11-21,162204.0
2012-11-22,161531.0
2012-11-23,163579.0
2012-11-26,163033.0
2012-11-27,163438.0
2012-11-28,163538.0
2012-11-29,165477.0
2012-11-30,165676.0
2012-12-03,165676.0
2012-12-04,165852.0
2012-12-05,165076.0
2012-12-06,165224.0
2012-12-07,167182.0
2012-12-10,162814.0
2012-12-11,161517.0
2012-12-12,161096.0
2012-12-13,164287.0
2012-12-14,173814.0
2012-12-17,191857.0
2012-12-18,189402.0
2012-12-19,189279.0
2012-12-20,186761.0
2012-12-21,183622.0
2012-12-24,179638.0
2012-12-25,179635.0
2012-12-26,178014.0
2012-12-27,176894.0
2012-12-28,175752.0
2012-12-31,174355.0
2013-01-04,173531.0
2013-01-07,174056.0
2013-01-08,173807.0
2013-01-09,171590.0
2013-01-10,169718.0
2013-01-11,185466.0
2013-01-14,183075.0
2013-01-15,187128.0
2013-01-16,186528.0
2013-01-17,185956.0
2013-01-18,184930.0
2013-01-21,183713.0
2013-01-22,182987.0
2013-01-23,182709.0
2013-01-24,183561.0
2013-01-25,184186.0
2013-01-28,184611.0
2013-01-29,184237.0
2013-01-30,184136.0
2013-01-31,185653.0
2013-02-01,185604.0
2013-02-04,187891.0
2013-02-05,187989.0
2013-02-06,189713.0
2013-02-07,189663.0
2013-02-08,190509.0
2013-02-16,190509.0
2013-02-17,190509.0
2013-02-18,204875.0
2013-02-19,210176.0
2013-02-20,211720.0
2013-02-21,211423.0
2013-02-22,212099.0
2013-02-25,213474.0
2013-02-26,214720.0
2013-02-27,215148.0
2013-02-28,216621.0
2013-03-01,218368.0
2013-03-04,219319.0
2013-03-05,219471.0
2013-03-06,220968.0
2013-03-07,221145.0
2013-03-08,228585.0
2013-03-11,232827.0
2013-03-12,236120.0
2013-03-13,238201.0
2013-03-14,253611.0
2013-03-15,258027.0
2013-03-18,260306.0
2013-03-19,260281.0
2013-03-20,259284.0
2013-03-21,258434.0
2013-03-22,258108.0
2013-03-25,257756.0
2013-03-26,257656.0
2013-03-27,258576.0
2013-03-28,258255.0
2013-03-29,258504.0
2013-04-01,257649.0
2013-04-02,257080.0
2013-04-03,256783.0
2013-04-08,257082.0
2013-04-09,261694.0
2013-04-10,261520.0
2013-04-11,262349.0
2013-04-12,262222.0
2013-04-15,263648.0
2013-04-16,265704.0
2013-04-17,262736.0
2013-04-18,261741.0
2013-04-19,261365.0
2013-04-22,260540.0
2013-04-23,260315.0
2013-04-24,260315.0
2013-04-25,259468.0
2013-04-26,259295.0
2013-05-02,260835.0
2013-05-03,260112.0
2013-05-06,261169.0
2013-05-07,266614.0
2013-05-08,266068.0
2013-05-09,265520.0
2013-05-10,266077.0
2013-05-13,262165.0
2013-05-14,261870.0
2013-05-15,261527.0
2013-05-16,260733.0
2013-05-17,260459.0
2013-05-20,257263.0
2013-05-21,253815.0
2013-05-22,250222.0
2013-05-23,246299.0
2013-05-24,244973.0
2013-05-27,244173.0
2013-05-28,243622.0
2013-05-29,243025.0
2013-05-30,246890.0
2013-05-31,246740.0
2013-06-03,245947.0
2013-06-04,245017.0
2013-06-05,243495.0
2013-06-06,241555.0
2013-06-07,234411.0
2013-06-13,224113.0
2013-06-14,219373.0
2013-06-17,214129.0
2013-06-18,209358.0
2013-06-19,206233.0
2013-06-20,204159.0
2013-06-21,202342.0
2013-06-24,195811.0
2013-06-25,186803.0
2013-06-26,185428.0
2013-06-27,182926.0
2013-06-28,182528.0
2013-07-01,180771.0
2013-07-02,179398.0
2013-07-03,176406.0
2013-07-04,174860.0
2013-07-05,172567.0
2013-07-08,165790.0
2013-07-09,159523.0
2013-07-10,155735.0
2013-07-11,154207.0
2013-07-12,150212.0
2013-07-15,146988.0
2013-07-16,144298.0
2013-07-17,142352.0
2013-07-18,138937.0
2013-07-19,136061.0
2013-07-22,123646.0
2013-07-23,118505.0
2013-07-24,114512.0
2013-07-25,112210.0
2013-07-26,107185.0
2013-07-29,105013.0
2013-07-30,101832.0
2013-07-31,100104.0
2013-08-01,98254.0
2013-08-02,94252.0
2013-08-05,93254.0
2013-08-06,91057.0
2013-08-07,88958.0
2013-08-08,86331.0
2013-08-09,84764.0
2013-08-12,82971.0
2013-08-13,80919.0
2013-08-14,80218.0
2013-08-15,77326.0
2013-08-16,76129.0
2013-08-19,73731.0
2013-08-20,69164.0
2013-08-21,64864.0
2013-08-22,62845.0
2013-08-23,57669.0
2013-08-26,55899.0
2013-08-27,52317.0
2013-08-28,50951.0
2013-08-29,48660.0
2013-08-30,47012.0
2013-09-02,44890.0
2013-09-03,42076.0
2013-09-04,40552.0
2013-09-05,38953.0
2013-09-06,37701.0
2013-09-09,36801.0
2013-09-10,34953.0
2013-09-11,34476.0
2013-09-12,33675.0
2013-09-13,33327.0
2013-09-16,31877.0
2013-09-17,28688.0
2013-09-18,22990.0
2013-09-23,21125.0
2013-09-24,17712.0
2013-09-25,15916.0
2013-09-26,14520.0
2013-09-27,13795.0
2013-09-30,12996.0
2013-10-08,10001.0
2013-10-09,8655.0
2013-10-10,7984.0
2013-10-11,8837.0
2013-10-14,18920.0
2013-10-15,34363.0
2013-10-16,36857.0
2013-10-17,36857.0
2013-10-18,35652.0
2013-10-21,34298.0
2013-10-22,30753.0
2013-10-23,27427.0
2013-10-24,25710.0
2013-10-25,24435.0
2013-10-28,23881.0
2013-10-29,23101.0
2013-10-30,22977.0
2013-10-31,22952.0
2013-11-01,22952.0
2013-11-04,21705.0
2013-11-05,21354.0
2013-11-06,21280.0
2013-11-07,21280.0
2013-11-08,21058.0
2013-11-11,20856.0
2013-11-12,19360.0
2013-11-13,18831.0
2013-11-14,18328.0
2013-11-15,19718.0
2013-11-18,23527.0
2013-11-19,23276.0
2013-11-20,21528.0
2013-11-21,20729.0
2013-11-22,18555.0
2013-11-25,17365.0
2013-11-26,15946.0
2013-11-27,12469.0
2013-11-28,9540.0
2013-11-29,9090.0
2013-12-02,8489.0
2013-12-03,8440.0
2013-12-04,8066.0
2013-12-05,7967.0
2013-12-06,7967.0
2013-12-09,7693.0
2013-12-10,7493.0
2013-12-11,7292.0
2013-12-12,10282.0
2013-12-13,11518.0
2013-12-16,15650.0
2013-12-17,15501.0
2013-12-18,15300.0
2013-12-19,15025.0
2013-12-20,13135.0
2013-12-23,12288.0
2013-12-24,12212.0
2013-12-25,12212.0
2013-12-26,12187.0
2013-12-27,12038.0
2013-12-30,12013.0
2013-12-31,12013.0
2014-01-02,11913.0
2014-01-03,11863.0
2014-01-06,11813.0
2014-01-07,11564.0
2014-01-08,11366.0
2014-01-09,11216.0
2014-01-10,11166.0
2014-01-13,12581.0
2014-01-14,13580.0
2014-01-15,23758.0
2014-01-16,23708.0
2014-01-17,23708.0
2014-01-20,23431.0
2014-01-21,23005.0
2014-01-22,22783.0
2014-01-23,22557.0
2014-01-24,22583.0
2014-01-27,22533.0
2014-01-28,22533.0
2014-01-29,22533.0
2014-01-30,22533.0
2014-02-07,25529.0
2014-02-10,25529.0
2014-02-11,26884.0
2014-02-12,30171.0
2014-02-13,30396.0
2014-02-14,36004.0
2014-02-17,54143.0
2014-02-18,55492.0
2014-02-19,55991.0
2014-02-20,55310.0
2014-02-21,55360.0
2014-02-24,56956.0
2014-02-25,56956.0
2014-02-26,59277.0
2014-02-27,59953.0
2014-02-28,61781.0
2014-03-03,63061.0
2014-03-04,63262.0
2014-03-05,66432.0
2014-03-06,70616.0
2014-03-07,72863.0
2014-03-10,77856.0
2014-03-11,81501.0
2014-03-12,91031.0
2014-03-13,98130.0
2014-03-14,111352.0
2014-03-17,168013.0
2014-03-18,169743.0
2014-03-19,169817.0
2014-03-20,169993.0
2014-03-21,169692.0
2014-03-24,174858.0
2014-03-25,174808.0
2014-03-26,175852.0
2014-03-27,177833.0
2014-03-28,178453.0
2014-03-31,180353.0
2014-04-01,181295.0
2014-04-02,181220.0
2014-04-03,181220.0
2014-04-04,184919.0
2014-04-08,185649.0
2014-04-09,186247.0
2014-04-10,190596.0
2014-04-11,193783.0
2014-04-14,235946.0
2014-04-15,254479.0
2014-04-16,255920.0
2014-04-17,262093.0
2014-04-18,261390.0
2014-04-21,260615.0
2014-04-22,261333.0
2014-04-23,261333.0
2014-04-24,260677.0
2014-04-25,257408.0
2014-04-28,251412.0
2014-04-29,246855.0
2014-04-30,245026.0
2014-05-05,245147.0
2014-05-06,243914.0
2014-05-07,244012.0
2014-05-08,244135.0
2014-05-09,243859.0
2014-05-12,249401.0
2014-05-13,249307.0
2014-05-14,249672.0
2014-05-15,248776.0
2014-05-16,246519.0
2014-05-19,243996.0
2014-05-20,239437.0
2014-05-21,237357.0
2014-05-22,236677.0
2014-05-23,233538.0
2014-05-26,232289.0
2014-05-27,231513.0
2014-05-28,231438.0
2014-05-29,231039.0
2014-05-30,230665.0
2014-06-03,230765.0
2014-06-04,230138.0
2014-06-05,229689.0
2014-06-06,230932.0
2014-06-09,230757.0
2014-06-10,229950.0
2014-06-11,231993.0
2014-06-12,234756.0
2014-06-13,243006.0
2014-06-16,242679.0
2014-06-17,239436.0
2014-06-18,233890.0
2014-06-19,231565.0
2014-06-20,226991.0
2014-06-23,227361.0
2014-06-24,225589.0
2014-06-25,222640.0
2014-06-26,221356.0
2014-06-27,220808.0
2014-06-30,219412.0
2014-07-01,217487.0
2014-07-02,216036.0
2014-07-03,214254.0
2014-07-04,213404.0
2014-07-07,213533.0
2014-07-08,213056.0
2014-07-09,211953.0
2014-07-10,208427.0
2014-07-11,214282.0
2014-07-14,218096.0
2014-07-15,216870.0
2014-07-16,216797.0
2014-07-17,216523.0
2014-07-18,213733.0
2014-07-21,209425.0
2014-07-22,207746.0
2014-07-23,205884.0
2014-07-24,205158.0
2014-07-25,204234.0
2014-07-28,203033.0
2014-07-29,200430.0
2014-07-30,199431.0
2014-07-31,198829.0
2014-08-01,198051.0
2014-08-04,195395.0
2014-08-05,192637.0
2014-08-06,189780.0
2014-08-07,187549.0
2014-08-08,185044.0
2014-08-11,182565.0
2014-08-12,181340.0
2014-08-13,182293.0
2014-08-14,180103.0
2014-08-15,177646.0
2014-08-18,168901.0
2014-08-19,166894.0
2014-08-20,162943.0
2014-08-21,160217.0
2014-08-22,157314.0
2014-08-25,154560.0
2014-08-26,152654.0
2014-08-27,148184.0
2014-08-28,144709.0
2014-08-29,140974.0
2014-09-01,138942.0
2014-09-02,137560.0
2014-09-03,134532.0
2014-09-04,133080.0
2014-09-05,129848.0
2014-09-09,128602.0
2014-09-10,125230.0
2014-09-11,120402.0
2014-09-12,119125.0
2014-09-15,116126.0
2014-09-16,114827.0
2014-09-17,114281.0
2014-09-18,111728.0
2014-09-19,106556.0
2014-09-22,103007.0
2014-09-23,101335.0
2014-09-24,98231.0
2014-09-25,93369.0
2014-09-26,87863.0
2014-09-29,85555.0
2014-09-30,78856.0
2014-10-08,76917.0
2014-10-09,75968.0
2014-10-10,75043.0
2014-10-13,75090.0
2014-10-14,77020.0
2014-10-15,79174.0
2014-10-16,78873.0
2014-10-17,78544.0
2014-10-20,76437.0
2014-10-21,73591.0
2014-10-22,71921.0
2014-10-23,70394.0
2014-10-24,70096.0
2014-10-27,68947.0
2014-10-28,68347.0
2014-10-29,68993.0
2014-10-30,68491.0
2014-10-31,68391.0
2014-11-03,68516.0
2014-11-04,68232.0
2014-11-05,69398.0
2014-11-06,70872.0
2014-11-07,70373.0
2014-11-10,69994.0
2014-11-11,70719.0
2014-11-12,69276.0
2014-11-13,68603.0
2014-11-14,74252.0
2014-11-17,82552.0
2014-11-18,80972.0
2014-11-19,80794.0
2014-11-20,79620.0
2014-11-21,77552.0
2014-11-24,76651.0
2014-11-25,75977.0
2014-11-26,75702.0
2014-11-27,75500.0
2014-11-28,73328.0
2014-12-01,72403.0
2014-12-02,71575.0
2014-12-03,70677.0
2014-12-04,69150.0
2014-12-05,67007.0
2014-12-08,65143.0
2014-12-09,63570.0
2014-12-10,61018.0
2014-12-11,59844.0
2014-12-12,67719.0
2014-12-15,78738.0
2014-12-16,77936.0
2014-12-17,77188.0
2014-12-18,74713.0
2014-12-19,69823.0
2014-12-22,65894.0
2014-12-23,63171.0
2014-12-24,61974.0
2014-12-25,60400.0
2014-12-26,58931.0
2014-12-29,56859.0
2014-12-30,54418.0
2014-12-31,53019.0
2015-01-05,52250.0
2015-01-06,50471.0
2015-01-07,48598.0
2015-01-08,46885.0
2015-01-09,46434.0
2015-01-12,45179.0
2015-01-13,46056.0
2015-01-14,56012.0
2015-01-15,64952.0
2015-01-16,64853.0
2015-01-19,64679.0
2015-01-20,62486.0
2015-01-21,60465.0
2015-01-22,58448.0
2015-01-23,57997.0
2015-01-26,57624.0
2015-01-27,56502.0
2015-01-28,56328.0
2015-01-29,55953.0
2015-01-30,55407.0
2015-02-02,54786.0
2015-02-03,54385.0
2015-02-04,55011.0
2015-02-05,54911.0
2015-02-06,57328.0
2015-02-09,63742.0
2015-02-10,80113.0
2015-02-11,79940.0
2015-02-12,79940.0
2015-02-13,79543.0
2015-02-16,79971.0
2015-02-17,79971.0
2015-02-25,79971.0
2015-02-26,79848.0
2015-02-27,79598.0
2015-03-02,81765.0
2015-03-03,82763.0
2015-03-04,85072.0
2015-03-05,86514.0
2015-03-06,86814.0
2015-03-09,86713.0
2015-03-10,87963.0
2015-03-11,92857.0
2015-03-12,96907.0
2015-03-13,102682.0
2015-03-16,113761.0
2015-03-17,113688.0
2015-03-18,113688.0
2015-03-19,112467.0
2015-03-20,112467.0
2015-03-23,107855.0
2015-03-24,107354.0
2015-03-25,107305.0
2015-03-26,107305.0
2015-03-27,107927.0
2015-03-30,108101.0
2015-03-31,108101.0
2015-04-01,108101.0
2015-04-02,108050.0
2015-04-03,107950.0
2015-04-07,108578.0
2015-04-08,109153.0
2015-04-09,109427.0
2015-04-10,110451.0
2015-04-13,120070.0
2015-04-14,130319.0
2015-04-15,136489.0
2015-04-16,136364.0
2015-04-17,136313.0
2015-04-20,135358.0
2015-04-21,135284.0
2015-04-22,135284.0
2015-04-23,135284.0
2015-04-24,135284.0
2015-04-27,135284.0
2015-04-28,135208.0
2015-04-29,135108.0
2015-04-30,135609.0
2015-05-04,135584.0
2015-05-05,136210.0
2015-05-06,136161.0
2015-05-07,136161.0
2015-05-08,136161.0
2015-05-11,137336.0
2015-05-12,138331.0
2015-05-13,141100.0
2015-05-14,154867.0
2015-05-15,178514.0
2015-05-18,178514.0
2015-05-19,178514.0
2015-05-20,178339.0
2015-05-21,177786.0
2015-05-22,177762.0
2015-05-25,177812.0
2015-05-26,177963.0
2015-05-27,178111.0
2015-05-28,177986.0
2015-05-29,177735.0
2015-06-01,178754.0
2015-06-02,178976.0
2015-06-03,178976.0
2015-06-04,180901.0
2015-06-05,181421.0
2015-06-08,181843.0
2015-06-09,181841.0
2015-06-10,185351.0
2015-06-11,185924.0
2015-06-12,187450.0
2015-06-15,188153.0
2015-06-16,188250.0
2015-06-17,188250.0
2015-06-18,188226.0
2015-06-19,188002.0
2015-06-23,187147.0
2015-06-24,186670.0
2015-06-25,186495.0
2015-06-26,186370.0
2015-06-29,173185.0
2015-06-30,172086.0
2015-07-01,172036.0
2015-07-02,172858.0
2015-07-03,172783.0
2015-07-06,173823.0
2015-07-07,175025.0
2015-07-08,176175.0
2015-07-09,175950.0
2015-07-10,175451.0
2015-07-13,184029.0
2015-07-14,184052.0
2015-07-15,183597.0
2015-07-16,184774.0
2015-07-17,182783.0
2015-07-20,181961.0
2015-07-21,181230.0
2015-07-22,182135.0
2015-07-23,181983.0
2015-07-24,181707.0
2015-07-27,181355.0
2015-07-28,180904.0
2015-07-29,181377.0
2015-07-30,181301.0
2015-07-31,180903.0
2015-08-03,180704.0
2015-08-04,180628.0
2015-08-05,180154.0
2015-08-06,179679.0
2015-08-07,179404.0
2015-08-10,178979.0
2015-08-11,178254.0
2015-08-12,183004.0
2015-08-13,180573.0
2015-08-14,180422.0
2015-08-17,179793.0
2015-08-18,179245.0
2015-08-19,178467.0
2015-08-20,177045.0
2015-08-21,176396.0
2015-08-24,175901.0
2015-08-25,175278.0
2015-08-26,175077.0
2015-08-27,174273.0
2015-08-28,173597.0
2015-08-31,172896.0
2015-09-01,171874.0
2015-09-02,170875.0
2015-09-07,169603.0
2015-09-08,168270.0
2015-09-09,168070.0
2015-09-10,167847.0
2015-09-11,167696.0
2015-09-14,173062.0
2015-09-15,172561.0
2015-09-16,172810.0
2015-09-17,172262.0
2015-09-18,172086.0
2015-09-21,171090.0
2015-09-22,168545.0
2015-09-23,166224.0
2015-09-24,163953.0
2015-09-25,162428.0
2015-09-28,158831.0
2015-09-29,154505.0
2015-09-30,148458.0
2015-10-08,147689.0
2015-10-09,146690.0
2015-10-12,143639.0
2015-10-13,143038.0
2015-10-14,142712.0
2015-10-15,141333.0
2015-10-16,140758.0
2015-10-19,140209.0
2015-10-20,137486.0
2015-10-21,136788.0
2015-10-22,136736.0
2015-10-23,136312.0
2015-10-26,136589.0
2015-10-27,136289.0
2015-10-28,136164.0
2015-10-29,135862.0
2015-10-30,135660.0
2015-11-02,135460.0
2015-11-03,135036.0
2015-11-04,134860.0
2015-11-05,134255.0
2015-11-06,134104.0
2015-11-09,136877.0
2015-11-10,137349.0
2015-11-11,137524.0
2015-11-12,139896.0
2015-11-13,142162.0
2015-11-16,150329.0
2015-11-17,152554.0
2015-11-18,152379.0
2015-11-19,152229.0
2015-11-20,151479.0
2015-11-23,151279.0
2015-11-24,150951.0
2015-11-25,151848.0
2015-11-26,151697.0
2015-11-27,152662.0
2015-11-30,157435.0
2015-12-01,157234.0
2015-12-02,158010.0
2015-12-03,162854.0
2015-12-04,166470.0
2015-12-07,166244.0
2015-12-08,171510.0
2015-12-09,179413.0
2015-12-10,182061.0
2015-12-11,182283.0
2015-12-14,183833.0
2015-12-15,202402.0
2015-12-16,204619.0
2015-12-17,204619.0
2015-12-18,204471.0
2015-12-21,204019.0
2015-12-22,204019.0
2015-12-23,202995.0
2015-12-24,202995.0
2015-12-25,202995.0
2015-12-28,202596.0
2015-12-29,202395.0
2015-12-30,201701.0
2015-12-31,200395.0
2016-01-04,200370.0
2016-01-05,200570.0
2016-01-06,201368.0
2016-01-07,202589.0
2016-01-08,205073.0
2016-01-11,207868.0
2016-01-12,208920.0
2016-01-13,210339.0
2016-01-14,213184.0
2016-01-15,220495.0
2016-01-18,219798.0
2016-01-19,219572.0
2016-01-20,217004.0
2016-01-21,214578.0
2016-01-22,211435.0
2016-01-25,203408.0
2016-01-26,202035.0
2016-01-27,198236.0
2016-01-28,197157.0
2016-01-29,196983.0
2016-02-01,196832.0
2016-02-02,196832.0
2016-02-03,197080.0
2016-02-04,197080.0
2016-02-05,197203.0
2016-02-15,209056.0
2016-02-16,211400.0
2016-02-17,211200.0
2016-02-18,210699.0
2016-02-19,210249.0
2016-02-22,210946.0
2016-02-23,210403.0
2016-02-24,210802.0
2016-02-25,212709.0
2016-02-26,211611.0
2016-02-29,213536.0
2016-03-01,217205.0
2016-03-02,218604.0
2016-03-03,224109.0
2016-03-04,228887.0
2016-03-07,234806.0
2016-03-08,235406.0
2016-03-09,243998.0
2016-03-10,244072.0
2016-03-11,247786.0
2016-03-14,247133.0
2016-03-15,246933.0
2016-03-16,250494.0
2016-03-17,249317.0
2016-03-18,246554.0
2016-03-21,240662.0
2016-03-22,238716.0
2016-03-23,236125.0
2016-03-24,235729.0
2016-03-25,232766.0
2016-03-28,229350.0
2016-03-29,230481.0
2016-03-30,226537.0
2016-03-31,225519.0
2016-04-01,223696.0
2016-04-05,221119.0
2016-04-06,219175.0
2016-04-07,215759.0
2016-04-08,211020.0
2016-04-11,208321.0
2016-04-12,208866.0
2016-04-13,206520.0
2016-04-14,203694.0
2016-04-15,203422.0
2016-04-18,204243.0
2016-04-19,203043.0
2016-04-20,199397.0
2016-04-21,192167.0
2016-04-22,186751.0
2016-04-25,180175.0
2016-04-26,176359.0
2016-04-27,173885.0
2016-04-28,171527.0
2016-04-29,168642.0
2016-05-03,167671.0
2016-05-04,166056.0
2016-05-05,164852.0
2016-05-06,159664.0
2016-05-09,152379.0
2016-05-10,155734.0
2016-05-11,151032.0
2016-05-12,147910.0
2016-05-13,148156.0
2016-05-16,145910.0
2016-05-17,141656.0
2016-05-18,138419.0
2016-05-19,130427.0
2016-05-20,119839.0
2016-05-23,111809.0
2016-05-24,106713.0
2016-05-25,100508.0
2016-05-26,93502.0
2016-05-27,88538.0
2016-05-30,83471.0
2016-05-31,74986.0
2016-06-01,73013.0
2016-06-02,70788.0
2016-06-03,67037.0
2016-06-06,61149.0
2016-06-07,58678.0
2016-06-08,53308.0
2016-06-13,59438.0
2016-06-14,60716.0
2016-06-15,59843.0
2016-06-16,59197.0
2016-06-17,57399.0
2016-06-20,53295.0
2016-06-21,50718.0
2016-06-22,46972.0
2016-06-23,44312.0
2016-06-24,36019.0
2016-06-27,32139.0
2016-06-28,29647.0
2016-06-29,27881.0
2016-06-30,26638.0
2016-07-01,22202.0
2016-07-04,20187.0
2016-07-05,18843.0
2016-07-06,18240.0
2016-07-07,17436.0
2016-07-08,14255.0
2016-07-11,14156.0
2016-07-12,13782.0
2016-07-13,13308.0
2016-07-14,24656.0
2016-07-15,29164.0
2016-07-18,30157.0
2016-07-19,29956.0
2016-07-20,28246.0
2016-07-21,26047.0
2016-07-22,25048.0
2016-07-25,21469.0
2016-07-26,19393.0
2016-07-27,17262.0
2016-07-28,15913.0
2016-07-29,14239.0
2016-08-01,12726.0
2016-08-02,11700.0
2016-08-03,11176.0
2016-08-04,10852.0
2016-08-05,9460.0
2016-08-08,8988.0
2016-08-09,7764.0
2016-08-10,7714.0
2016-08-11,7392.0
2016-08-12,7368.0
2016-08-15,14697.0
2016-08-16,14970.0
2016-08-17,14796.0
2016-08-18,14069.0
2016-08-19,13669.0
2016-08-22,9940.0
2016-08-23,9486.0
2016-08-24,9036.0
2016-08-25,8185.0
2016-08-26,8160.0
2016-08-29,7181.0
2016-08-30,7105.0
2016-08-31,7030.0
2016-09-01,7030.0
2016-09-02,6781.0
2016-09-05,6781.0
2016-09-06,6781.0
2016-09-07,6781.0
2016-09-08,6781.0
2016-09-09,6781.0
2016-09-12,6781.0
2016-09-13,11802.0
2016-09-14,11802.0
2016-09-19,15453.0
2016-09-20,16900.0
2016-09-21,16626.0
2016-09-22,16225.0
2016-09-23,11919.0
2016-09-26,9017.0
2016-09-27,7562.0
2016-09-28,5327.0
2016-09-29,4320.0
2016-09-30,2671.0
2016-10-10,2671.0
2016-10-11,2597.0
2016-10-12,2597.0
2016-10-13,2645.0
2016-10-14,5135.0
2016-10-17,10816.0
2016-10-18,11394.0
2016-10-19,11394.0
2016-10-20,10626.0
2016-10-21,8755.0
2016-10-24,7704.0
2016-10-25,7330.0
2016-10-26,2449.0
2016-10-27,2449.0
2016-10-28,2449.0
2016-10-31,2349.0
2016-11-01,2349.0
2016-11-02,2349.0
2016-11-03,2349.0
2016-11-04,2349.0
2016-11-07,2349.0
2016-11-08,2349.0
2016-11-09,2076.0
2016-11-10,2076.0
2016-11-11,2076.0
2016-11-14,13139.0
2016-11-15,18071.0
2016-11-16,18071.0
2016-11-17,17569.0
2016-11-18,11098.0
2016-11-21,8359.0
2016-11-22,7908.0
2016-11-23,6969.0
2016-11-24,6462.0
2016-11-25,5828.0
2016-11-28,5026.0
2016-11-29,4952.0
2016-11-30,4952.0
2016-12-01,4876.0
2016-12-02,4876.0
2016-12-05,7556.0
2016-12-06,7556.0
2016-12-07,7556.0
2016-12-08,7655.0
2016-12-09,7757.0
2016-12-12,15362.0
2016-12-13,15991.0
2016-12-14,16542.0
2016-12-15,38131.0
2016-12-16,43382.0
2016-12-19,43131.0
2016-12-20,40567.0
2016-12-21,39596.0
2016-12-22,37348.0
2016-12-23,36098.0
2016-12-26,34567.0
2016-12-27,34139.0
2016-12-28,32928.0
2016-12-29,30459.0
2016-12-30,30083.0
2017-01-03,29454.0
2017-01-04,28750.0
2017-01-05,28449.0
2017-01-06,28197.0
2017-01-09,27618.0
2017-01-10,27241.0
2017-01-11,26890.0
2017-01-12,26363.0
2017-01-13,28454.0
2017-01-16,39642.0
2017-01-17,40363.0
2017-01-18,40363.0
2017-01-19,38870.0
2017-01-20,40313.0
2017-01-23,39462.0
2017-01-24,40496.0
2017-01-25,41047.0
2017-01-26,42196.0
2017-02-03,42196.0
2017-02-06,42950.0
2017-02-07,45235.0
2017-02-08,47364.0
2017-02-09,51078.0
2017-02-10,55292.0
2017-02-13,75507.0
2017-02-14,92395.0
2017-02-15,126829.0
2017-02-16,133518.0
2017-02-17,133543.0
2017-02-20,135641.0
2017-02-21,135768.0
2017-02-22,136169.0
2017-02-23,137143.0
2017-02-24,137799.0
2017-02-27,140434.0
2017-02-28,143960.0
2017-03-01,144108.0
2017-03-02,153347.0
2017-03-06,177322.0
2017-03-07,186570.0
2017-03-08,187296.0
2017-03-09,189705.0
2017-03-10,191777.0
2017-03-13,201989.0
2017-03-14,216769.0
2017-03-15,256527.0
2017-03-16,259951.0
2017-03-17,259951.0
2017-03-20,261525.0
2017-03-21,263456.0
2017-03-22,263511.0
2017-03-23,264849.0
2017-03-24,267273.0
2017-03-27,269483.0
2017-03-28,269408.0
2017-03-29,273102.0
2017-03-30,276806.0
2017-03-31,277034.0
2017-04-05,281589.0
2017-04-06,281688.0
2017-04-07,281838.0
2017-04-10,284013.0
2017-04-11,286905.0
2017-04-12,296953.0
2017-04-13,299653.0
2017-04-14,301226.0
2017-04-17,320920.0
2017-04-18,324491.0
2017-04-19,324416.0
2017-04-20,323070.0
2017-04-21,322543.0
2017-04-24,326725.0
2017-04-25,326804.0
2017-04-26,326903.0
2017-04-27,326852.0
2017-04-28,326598.0
2017-05-02,328099.0
2017-05-03,329471.0
2017-05-04,329596.0
2017-05-05,328197.0
2017-05-08,329853.0
2017-05-09,326276.0
2017-05-10,325376.0
2017-05-11,323504.0
2017-05-12,321583.0
2017-05-15,320996.0
2017-05-16,325405.0
2017-05-17,324429.0
2017-05-18,323355.0
2017-05-19,323131.0
2017-05-22,322542.0
2017-05-23,320797.0
2017-05-24,318817.0
2017-05-25,317918.0
2017-05-26,322080.0
2017-05-31,321507.0
2017-06-01,319235.0
2017-06-02,317156.0
2017-06-05,316205.0
2017-06-06,315609.0
2017-06-07,317536.0
2017-06-08,315416.0
2017-06-09,314016.0
2017-06-12,314245.0
2017-06-13,314192.0
2017-06-14,313790.0
2017-06-15,315688.0
2017-06-16,316856.0
2017-06-19,316558.0
2017-06-20,314858.0
2017-06-21,315430.0
2017-06-22,317048.0
2017-06-23,317954.0
2017-06-26,317579.0
2017-06-27,317530.0
2017-06-28,318686.0
2017-06-29,322803.0
2017-06-30,327105.0
2017-07-03,327780.0
2017-07-04,328776.0
2017-07-05,330174.0
2017-07-06,330304.0
2017-07-07,331688.0
2017-07-10,332360.0
2017-07-11,338982.0
2017-07-12,340373.0
2017-07-13,346760.0
2017-07-14,354800.0
2017-07-17,359686.0
2017-07-18,361813.0
2017-07-19,361962.0
2017-07-20,362743.0
2017-07-21,362593.0
2017-07-24,362890.0
2017-07-25,365021.0
2017-07-26,366474.0
2017-07-27,367172.0
2017-07-28,367023.0
2017-07-31,371436.0
2017-08-01,371762.0
2017-08-02,371737.0
2017-08-03,373731.0
2017-08-04,373582.0
2017-08-07,377254.0
2017-08-08,381056.0
2017-08-09,382592.0
2017-08-10,390678.0
2017-08-11,400115.0
2017-08-14,405597.0
2017-08-15,416973.0
2017-08-16,419402.0
2017-08-17,419426.0
2017-08-18,419746.0
2017-08-21,420291.0
2017-08-22,420515.0
2017-08-23,420464.0
2017-08-24,420340.0
2017-08-25,420042.0
2017-08-28,424652.0
2017-08-29,431173.0
2017-08-30,431199.0
2017-08-31,431544.0
2017-09-01,432790.0
2017-09-04,442475.0
2017-09-05,445589.0
2017-09-06,447212.0
2017-09-07,448042.0
2017-09-08,454611.0
2017-09-11,463088.0
2017-09-12,466159.0
2017-09-13,472526.0
2017-09-14,475179.0
2017-09-15,483997.0
2017-09-18,489309.0
2017-09-19,489139.0
2017-09-20,489091.0
2017-09-21,490220.0
2017-09-22,496625.0
2017-09-25,496875.0
2017-09-26,496851.0
2017-09-27,497973.0
2017-09-28,504911.0
2017-09-29,508054.0
2017-10-09,516817.0
2017-10-10,520665.0
2017-10-11,524125.0
2017-10-12,528211.0
2017-10-13,543797.0
2017-10-16,576056.0
2017-10-17,575785.0
2017-10-18,577537.0
2017-10-19,576961.0
2017-10-20,580199.0
2017-10-23,583794.0
2017-10-24,587355.0
2017-10-25,588080.0
2017-10-26,589657.0
2017-10-27,592957.0
2017-10-30,598209.0
2017-10-31,601248.0
2017-11-01,601700.0
2017-11-02,603378.0
2017-11-03,603949.0
2017-11-06,604497.0
2017-11-07,607337.0
2017-11-08,607417.0
2017-11-09,613472.0
2017-11-10,624437.0
2017-11-13,628334.0
2017-11-14,633756.0
2017-11-15,640249.0
2017-11-16,644917.0
2017-11-17,648570.0
2017-11-20,649675.0
2017-11-21,649074.0
2017-11-22,649100.0
2017-11-23,649678.0
2017-11-24,649026.0
2017-11-27,654713.0
2017-11-28,656112.0
2017-11-29,656485.0
2017-11-30,656661.0
2017-12-01,657477.0
2017-12-04,657804.0
2017-12-05,660564.0
2017-12-06,664102.0
2017-12-07,670403.0
2017-12-08,670454.0
2017-12-11,675896.0
2017-12-12,677467.0
2017-12-13,684579.0
2017-12-14,691135.0
2017-12-15,698340.0
2017-12-18,700922.0
2017-12-19,700872.0
2017-12-20,701868.0
2017-12-21,702042.0
2017-12-22,701973.0
2017-12-25,703795.0
2017-12-26,704246.0
2017-12-27,704670.0
2017-12-28,706391.0
2017-12-29,709428.0
2018-01-02,712014.0
2018-01-03,716356.0
2018-01-04,721186.0
2018-01-05,722381.0
2018-01-08,726629.0
2018-01-09,728877.0
2018-01-10,729254.0
2018-01-11,731631.0
2018-01-12,734542.0
2018-01-15,742524.0
2018-01-16,742274.0
2018-01-17,744436.0
2018-01-18,745082.0
2018-01-19,744208.0
2018-01-22,746877.0
2018-01-23,747774.0
2018-01-24,749545.0
2018-01-25,749812.0
2018-01-26,750207.0
2018-01-29,751676.0
2018-01-30,752049.0
2018-01-31,753219.0
2018-02-01,754164.0
2018-02-02,754365.0
2018-02-05,755747.0
2018-02-06,758186.0
2018-02-07,757961.0
2018-02-08,759581.0
2018-02-09,760037.0
2018-02-12,763828.0
2018-02-13,763897.0
2018-02-14,769024.0
2018-02-22,769024.0
2018-02-23,769449.0
2018-02-26,771303.0
2018-02-27,774912.0
2018-02-28,775912.0
2018-03-01,775912.0
2018-03-02,775592.0
2018-03-05,779247.0
2018-03-06,779551.0
2018-03-07,778876.0
2018-03-08,781412.0
2018-03-09,782466.0
2018-03-12,786269.0
2018-03-13,787268.0
2018-03-14,791889.0
2018-03-15,797924.0
2018-03-16,805581.0
2018-03-19,806354.0
2018-03-20,806529.0
2018-03-21,810336.0
2018-03-22,812655.0
2018-03-23,810254.0
2018-03-26,810404.0
2018-03-27,816844.0
2018-03-28,818694.0
2018-03-29,823818.0
2018-03-30,822338.0
2018-04-02,820562.0
2018-04-03,823080.0
2018-04-04,824947.0
2018-04-09,839555.0
2018-04-10,846826.0
2018-04-11,853421.0
2018-04-12,855302.0
2018-04-13,853751.0
2018-04-16,864402.0
2018-04-17,871023.0
2018-04-18,871751.0
2018-04-19,876730.0
2018-04-20,875549.0
2018-04-23,878292.0
2018-04-24,879587.0
2018-04-25,876090.0
2018-04-26,877105.0
2018-04-27,875431.0
2018-05-02,872405.0
2018-05-03,863361.0
2018-05-04,861708.0
2018-05-07,860606.0
2018-05-08,864106.0
2018-05-09,864231.0
2018-05-10,867281.0
2018-05-11,864226.0
2018-05-14,864609.0
2018-05-15,862832.0
2018-05-16,861155.0
2018-05-17,860953.0
2018-05-18,849192.0
2018-05-21,818102.0
2018-05-22,815107.0
2018-05-23,814429.0
2018-05-24,814076.0
2018-05-25,811736.0
2018-05-28,809363.0
2018-05-29,807309.0
2018-05-30,806049.0
2018-05-31,804951.0
2018-06-01,803399.0
2018-06-04,802748.0
2018-06-05,801620.0
2018-06-06,799065.0
2018-06-07,794975.0
2018-06-08,792802.0
2018-06-11,797901.0
2018-06-12,795735.0
2018-06-13,793860.0
2018-06-14,794052.0
2018-06-15,799938.0
2018-06-19,796086.0
2018-06-20,790909.0
2018-06-21,788304.0
2018-06-22,782081.0
2018-06-25,779557.0
2018-06-26,770498.0
2018-06-27,766582.0
2018-06-28,765856.0
2018-06-29,764685.0
2018-07-02,762933.0
2018-07-03,762579.0
2018-07-04,751343.0
2018-07-05,745617.0
2018-07-06,739986.0
2018-07-09,736720.0
2018-07-10,735719.0
2018-07-11,733356.0
2018-07-12,729244.0
2018-07-13,734038.0
2018-07-16,733523.0
2018-07-17,731045.0
2018-07-18,729972.0
2018-07-19,729746.0
2018-07-20,727922.0
2018-07-23,725749.0
2018-07-24,725540.0
2018-07-25,725390.0
2018-07-26,725326.0
2018-07-27,725179.0
2018-07-30,725679.0
2018-07-31,726559.0
2018-08-01,728307.0
2018-08-02,731617.0
2018-08-03,731742.0
2018-08-06,730847.0
2018-08-07,730098.0
2018-08-08,731544.0
2018-08-09,731043.0
2018-08-10,733186.0
2018-08-13,734392.0
2018-08-14,735471.0
2018-08-15,738980.0
2018-08-16,737985.0
2018-08-17,735287.0
2018-08-20,732715.0
2018-08-21,728908.0
2018-08-22,723845.0
2018-08-23,721364.0
2018-08-24,721521.0
2018-08-27,720447.0
2018-08-28,718926.0
2018-08-29,718052.0
2018-08-30,718352.0
2018-08-31,717823.0
2018-09-03,714437.0
2018-09-04,714635.0
2018-09-05,712059.0
2018-09-06,705104.0
2018-09-07,700920.0
2018-09-10,697859.0
2018-09-11,693181.0
2018-09-12,690158.0
2018-09-13,687263.0
2018-09-14,684579.0
2018-09-17,685826.0
2018-09-18,685994.0
2018-09-19,679434.0
2018-09-20,675946.0
2018-09-21,671714.0
2018-09-25,668423.0
2018-09-26,667171.0
2018-09-27,660622.0
2018-09-28,656931.0
2018-10-08,652870.0
2018-10-09,651134.0
2018-10-10,651836.0
2018-10-11,649929.0
2018-10-12,656406.0
2018-10-15,648787.0
2018-10-16,647305.0
2018-10-17,645601.0
2018-10-18,639146.0
2018-10-19,632931.0
2018-10-22,626601.0
2018-10-23,625445.0
2018-10-24,623799.0
2018-10-25,621791.0
2018-10-26,622415.0
2018-10-29,620056.0
2018-10-30,620556.0
2018-10-31,618929.0
2018-11-01,616732.0
2018-11-02,612393.0
2018-11-05,607438.0
2018-11-06,605552.0
2018-11-07,601384.0
2018-11-08,603385.0
2018-11-09,601830.0
2018-11-12,602903.0
2018-11-13,598723.0
2018-11-14,596501.0
2018-11-15,593519.0
2018-11-16,586741.0
2018-11-19,581397.0
2018-11-20,580158.0
2018-11-21,577300.0
2018-11-22,573975.0
2018-11-23,570168.0
2018-11-26,564551.0
2018-11-27,562177.0
2018-11-28,560008.0
2018-11-29,556780.0
2018-11-30,553230.0
2018-12-03,550323.0
2018-12-04,549242.0
2018-12-05,551285.0
2018-12-06,549338.0
2018-12-07,547179.0
2018-12-10,542030.0
2018-12-11,538953.0
2018-12-12,535731.0
2018-12-13,533170.0
2018-12-14,528269.0
2018-12-17,528218.0
2018-12-18,523795.0
2018-12-19,522767.0
2018-12-20,521010.0
2018-12-21,523474.0
2018-12-24,521033.0
2018-12-25,520911.0
2018-12-26,519735.0
2018-12-27,518958.0
2018-12-28,517154.0
2019-01-02,516531.0
2019-01-03,515901.0
2019-01-04,511524.0
2019-01-07,509241.0
2019-01-08,508390.0
2019-01-09,508430.0
2019-01-10,515152.0
2019-01-11,516456.0
2019-01-14,515418.0
2019-01-15,511308.0
2019-01-16,508151.0
2019-01-17,506280.0
2019-01-18,501577.0
2019-01-21,498702.0
2019-01-22,498203.0
2019-01-23,491575.0
2019-01-24,491021.0
2019-01-25,493077.0
2019-01-28,493280.0
2019-01-29,495277.0
2019-01-30,497790.0
2019-01-31,498307.0
2019-02-01,504077.0
2019-02-11,514132.0
2019-02-12,516161.0
2019-02-13,516859.0
2019-02-14,522585.0
2019-02-15,532769.0
2019-02-18,539415.0
2019-02-19,538133.0
2019-02-20,536580.0
2019-02-21,537600.0
2019-02-22,537026.0
2019-02-25,537751.0
2019-02-26,537426.0
2019-02-27,537711.0
2019-02-28,538419.0
2019-03-01,538042.0
2019-03-04,538767.0
2019-03-05,539313.0
2019-03-06,539608.0
2019-03-07,539280.0
2019-03-08,538300.0
2019-03-11,538355.0
2019-03-12,537853.0
2019-03-13,537610.0
2019-03-14,535537.0
2019-03-15,548140.0
2019-03-18,546508.0
2019-03-19,546131.0
2019-03-20,542801.0
2019-03-21,540455.0
2019-03-22,537223.0
2019-03-25,531458.0
2019-03-26,520478.0
2019-03-27,511018.0
2019-03-28,501790.0
2019-03-29,499631.0
2019-04-01,497725.0
2019-04-02,495096.0
2019-04-03,486287.0
2019-04-04,480569.0
2019-04-08,474297.0
2019-04-09,467816.0
2019-04-10,457155.0
2019-04-11,452349.0
2019-04-12,448909.0
2019-04-15,444064.0
2019-04-16,437772.0
2019-04-17,434048.0
2019-04-18,420292.0
2019-04-19,412356.0
2019-04-22,404262.0
2019-04-23,401669.0
2019-04-24,398749.0
2019-04-25,397973.0
2019-04-26,394676.0
2019-04-29,389488.0
2019-04-30,383259.0
2019-05-06,373900.0
2019-05-07,368370.0
2019-05-08,365267.0
2019-05-09,359582.0
2019-05-10,353554.0
2019-05-13,340821.0
2019-05-14,333783.0
2019-05-15,328112.0
2019-05-16,326565.0
2019-05-17,324065.0
2019-05-20,320720.0
2019-05-21,294932.0
2019-05-22,288644.0
2019-05-23,284170.0
2019-05-24,276802.0
2019-05-27,271033.0
2019-05-28,265063.0
2019-05-29,260595.0
2019-05-30,253933.0
2019-05-31,247926.0
2019-06-03,237463.0
2019-06-04,229897.0
2019-06-05,224368.0
2019-06-06,217336.0
2019-06-10,212306.0
2019-06-11,208719.0
2019-06-12,206867.0
2019-06-13,204091.0
2019-06-14,201234.0
2019-06-17,201324.0
2019-06-18,196392.0
2019-06-19,195718.0
2019-06-20,194689.0
2019-06-21,176640.0
2019-06-24,173476.0
2019-06-25,172074.0
2019-06-26,171773.0
2019-06-27,170354.0
2019-06-28,169653.0
2019-07-01,168481.0
2019-07-02,168180.0
2019-07-03,167595.0
2019-07-04,166723.0
2019-07-05,160781.0
2019-07-08,156656.0
2019-07-09,155536.0
2019-07-10,156041.0
2019-07-11,155741.0
2019-07-12,155266.0
2019-07-15,154445.0
2019-07-16,153769.0
2019-07-17,153220.0
2019-07-18,153121.0
2019-07-19,152544.0
2019-07-22,151441.0
2019-07-23,148862.0
2019-07-24,148409.0
2019-07-25,146788.0
2019-07-26,145234.0
2019-07-29,147535.0
2019-07-30,147134.0
2019-07-31,146462.0
2019-08-01,145168.0
2019-08-02,143413.0
2019-08-05,141811.0
2019-08-06,141414.0
2019-08-07,140616.0
2019-08-08,140415.0
2019-08-09,139313.0
2019-08-12,137417.0
2019-08-13,137305.0
2019-08-14,136655.0
2019-08-15,149478.0
2019-08-16,148676.0
2019-08-19,147097.0
2019-08-20,149408.0
2019-08-21,148422.0
2019-08-22,147548.0
2019-08-23,146701.0
2019-08-26,145651.0
2019-08-27,144401.0
2019-08-28,143574.0
2019-08-29,142975.0
2019-08-30,142020.0
2019-09-02,140894.0
2019-09-03,139321.0
2019-09-04,138294.0
2019-09-05,137715.0
2019-09-06,136988.0
2019-09-09,135715.0
2019-09-10,134689.0
2019-09-11,133364.0
2019-09-12,135164.0
2019-09-16,139938.0
2019-09-17,139661.0
2019-09-18,139176.0
2019-09-19,133080.0
2019-09-20,113128.0
2019-09-23,108590.0
2019-09-24,106038.0
2019-09-25,105185.0
2019-09-26,104455.0
2019-09-27,102961.0
2019-09-30,101369.0
2019-10-08,98826.0
2019-10-09,96280.0
2019-10-10,95050.0
2019-10-11,94801.0
2019-10-14,97692.0
2019-10-15,95508.0
2019-10-16,98686.0
2019-10-17,97186.0
2019-10-18,82757.0
2019-10-21,76005.0
2019-10-22,74450.0
2019-10-23,72189.0
2019-10-24,70591.0
2019-10-25,69716.0
2019-10-28,68919.0
2019-10-29,68344.0
2019-10-30,67344.0
2019-10-31,67042.0
2019-11-01,66196.0
2019-11-04,65721.0
2019-11-05,63650.0
2019-11-06,62289.0
2019-11-07,61335.0
2019-11-08,60754.0
2019-11-11,59680.0
2019-11-12,61735.0
2019-11-13,66571.0
2019-11-14,78040.0
2019-11-15,92190.0
2019-11-18,92190.0
2019-11-19,92139.0
2019-11-20,92089.0
2019-11-21,84840.0
2019-11-22,78033.0
2019-11-25,73290.0
2019-11-26,73566.0
2019-11-27,72519.0
2019-11-28,70058.0
2019-11-29,67033.0
2019-12-02,62146.0
2019-12-03,61742.0
2019-12-04,61242.0
2019-12-05,61143.0
2019-12-06,59947.0
2019-12-09,58946.0
2019-12-10,55843.0
2019-12-11,53922.0
2019-12-12,52569.0
2019-12-13,50660.0
2019-12-16,54053.0
2019-12-17,52755.0
2019-12-18,52226.0
2019-12-19,50876.0
2019-12-20,48707.0
2019-12-23,46191.0
2019-12-24,44195.0
2019-12-25,43472.0
2019-12-26,43070.0
2019-12-27,41553.0
2019-12-30,38827.0
2019-12-31,38427.0
2020-01-02,39550.0
2020-01-03,40350.0
2020-01-06,40523.0
2020-01-07,42265.0
2020-01-08,41990.0
2020-01-09,42839.0
2020-01-10,46165.0
2020-01-13,49140.0
2020-01-14,62268.0
2020-01-15,89428.0
2020-01-16,92400.0
2020-01-17,91951.0
2020-01-20,90876.0
2020-01-21,76277.0
2020-01-22,75550.0
2020-01-23,76652.0
2020-02-03,77750.0
2020-02-04,82288.0
2020-02-05,87354.0
2020-02-06,98442.0
2020-02-07,102525.0
2020-02-10,112846.0
2020-02-11,119776.0
2020-02-12,136462.0
2020-02-13,143066.0
2020-02-14,167722.0
2020-02-17,197105.0
2020-02-18,200569.0
2020-02-19,200619.0
2020-02-20,186705.0
2020-02-21,193102.0
2020-02-24,196578.0
2020-02-25,201798.0
2020-02-26,204775.0
2020-02-27,207431.0
2020-02-28,209400.0
2020-03-02,216937.0
2020-03-03,219707.0
2020-03-04,220257.0
2020-03-05,220257.0
2020-03-06,226117.0
2020-03-09,234746.0
2020-03-10,246675.0
2020-03-11,254417.0
2020-03-12,256721.0
2020-03-13,271438.0
2020-03-16,294189.0
2020-03-17,304212.0
2020-03-18,301491.0
2020-03-19,301918.0
2020-03-20,296369.0
2020-03-23,287706.0
2020-03-24,294013.0
2020-03-25,290209.0
2020-03-26,290784.0
2020-03-27,291383.0
2020-03-30,304807.0
2020-03-31,305927.0
2020-04-01,305203.0
2020-04-02,302363.0
2020-04-03,299296.0
2020-04-07,315782.0
2020-04-08,314582.0
2020-04-09,313779.0
2020-04-10,295024.0
2020-04-13,291730.0
2020-04-14,299745.0
2020-04-15,294095.0
2020-04-16,289918.0
2020-04-17,288564.0
2020-04-20,286344.0
2020-04-21,277251.0
2020-04-22,266689.0
2020-04-23,260086.0
2020-04-24,251191.0
2020-04-27,236214.0
2020-04-28,229427.0
2020-04-29,221136.0
2020-04-30,213734.0
2020-05-06,203758.0
2020-05-07,189754.0
2020-05-08,179554.0
2020-05-11,177108.0
2020-05-12,174429.0
2020-05-13,171444.0
2020-05-14,169243.0
2020-05-15,167509.0
2020-05-18,165581.0
2020-05-19,164355.0
2020-05-20,162674.0
2020-05-21,141815.0
2020-05-22,132912.0
2020-05-25,123522.0
2020-05-26,119240.0
2020-05-27,117835.0
2020-05-28,114891.0
2020-05-29,112165.0
2020-06-01,110869.0
2020-06-02,109139.0
2020-06-03,107466.0
2020-06-04,105163.0
2020-06-05,104662.0
2020-06-08,102863.0
2020-06-09,101884.0
2020-06-10,100009.0
2020-06-11,101041.0
2020-06-12,103566.0
2020-06-15,105369.0
2020-06-16,104644.0
2020-06-17,104370.0
2020-06-18,102716.0
2020-06-19,95929.0
2020-06-22,93623.0
2020-06-23,92563.0
2020-06-24,92036.0
2020-06-29,90404.0
2020-06-30,89827.0
2020-07-01,89725.0
2020-07-02,90328.0
2020-07-03,90132.0
2020-07-06,89332.0
2020-07-07,88357.0
2020-07-08,87930.0
2020-07-09,91181.0
2020-07-10,97622.0
2020-07-13,100157.0
2020-07-14,114142.0
2020-07-15,115943.0
2020-07-16,118280.0
2020-07-17,117050.0
2020-07-20,114227.0
2020-07-21,109132.0
2020-07-22,105863.0
2020-07-23,101661.0
2020-07-24,100030.0
2020-07-27,98821.0
2020-07-28,97596.0
2020-07-29,96645.0
2020-07-30,97372.0
2020-07-31,102166.0
2020-08-03,99918.0
2020-08-04,104798.0
2020-08-05,105262.0
2020-08-06,107560.0
2020-08-07,113169.0
2020-08-10,118586.0
2020-08-11,120567.0
2020-08-12,124452.0
2020-08-13,124950.0
2020-08-14,132207.0
2020-08-17,145176.0
2020-08-18,145801.0
2020-08-19,144403.0
2020-08-20,143727.0
2020-08-21,140622.0
2020-08-24,139370.0
2020-08-25,138022.0
2020-08-26,135525.0
2020-08-27,134347.0
2020-08-28,131710.0
2020-08-31,128843.0
2020-09-01,128038.0
2020-09-02,130285.0
2020-09-03,131754.0
2020-09-04,131958.0
2020-09-07,126216.0
2020-09-08,128767.0
2020-09-09,137905.0
2020-09-10,135944.0
2020-09-11,138575.0
2020-09-14,145822.0
2020-09-15,144853.0
2020-09-16,138949.0
2020-09-17,138177.0
2020-09-18,134931.0
2020-09-21,114348.0
2020-09-22,107020.0
2020-09-23,104104.0
2020-09-24,102511.0
2020-09-25,97650.0
2020-09-28,90982.0
2020-09-29,89837.0
2020-09-30,106098.0
2020-10-09,109790.0
2020-10-12,121395.0
2020-10-13,125822.0
2020-10-14,125371.0
2020-10-15,126691.0
2020-10-16,126791.0
2020-10-19,125918.0
2020-10-20,125892.0
2020-10-21,102219.0
2020-10-22,98943.0
2020-10-23,98316.0
2020-10-26,98014.0
2020-10-27,97938.0
2020-10-28,97264.0
2020-10-29,97264.0
2020-10-30,96888.0
2020-11-02,92125.0
2020-11-03,91874.0
2020-11-04,90267.0
2020-11-05,92502.0
2020-11-06,96142.0
2020-11-09,98291.0
2020-11-10,108748.0
2020-11-11,108396.0
2020-11-12,115885.0
2020-11-13,124409.0
2020-11-16,126661.0
2020-11-17,126134.0
2020-11-18,125784.0
2020-11-19,124088.0
2020-11-20,110336.0
2020-11-23,98237.0
2020-11-24,96736.0
2020-11-25,95607.0
2020-11-26,94910.0
2020-11-27,93686.0
2020-11-30,86977.0
2020-12-01,86702.0
2020-12-02,86151.0
2020-12-03,85751.0
2020-12-04,85050.0
2020-12-07,84245.0
2020-12-08,84021.0
2020-12-09,83647.0
2020-12-10,83346.0
2020-12-11,80672.0
2020-12-14,80547.0
2020-12-15,79420.0
2020-12-16,78643.0
2020-12-17,76046.0
2020-12-18,70666.0
2020-12-21,67984.0
2020-12-22,67908.0
2020-12-23,67333.0
2020-12-24,65887.0
2020-12-25,64909.0
2020-12-28,64883.0
2020-12-29,65281.0
2020-12-30,65181.0
2020-12-31,64853.0
2021-01-04,64803.0
2021-01-05,64778.0
2021-01-06,64778.0
2021-01-07,64778.0
2021-01-08,64580.0
2021-01-11,64580.0
2021-01-12,74353.0
2021-01-13,75054.0
2021-01-14,78575.0
2021-01-15,87791.0
2021-01-18,90507.0
2021-01-19,89482.0
2021-01-20,87009.0
2021-01-21,82270.0
2021-01-22,81192.0
2021-01-25,80265.0
2021-01-26,79889.0
2021-01-27,76714.0
2021-01-28,80445.0
2021-01-29,79320.0
2021-02-01,83081.0
2021-02-02,82931.0
2021-02-03,84451.0
2021-02-04,86305.0
2021-02-05,91649.0
2021-02-08,103461.0
2021-02-09,103461.0
2021-02-10,106439.0
2021-02-18,106616.0
2021-02-19,106616.0
2021-02-22,107717.0
2021-02-23,108188.0
2021-02-24,108139.0
2021-02-25,108940.0
2021-02-26,108940.0
2021-03-01,108915.0
2021-03-02,110910.0
2021-03-03,111512.0
2021-03-04,113139.0
2021-03-05,117535.0
2021-03-08,117535.0
2021-03-09,131572.0
2021-03-10,143913.0
2021-03-11,152578.0
2021-03-12,157080.0
2021-03-15,160250.0
2021-03-16,161657.0
2021-03-17,161607.0
2021-03-18,161155.0
2021-03-19,160704.0
2021-03-22,160303.0
2021-03-23,160078.0
2021-03-24,159225.0
2021-03-25,158074.0
2021-03-26,156475.0
2021-03-29,155975.0
2021-03-30,155598.0
2021-03-31,156919.0
2021-04-01,154485.0
2021-04-02,154285.0
2021-04-06,153683.0
2021-04-07,153181.0
2021-04-08,157585.0
2021-04-09,158583.0
2021-04-12,157181.0
2021-04-13,157578.0
2021-04-14,157672.0
2021-04-15,156999.0
2021-04-16,158551.0
2021-04-19,158400.0
2021-04-20,157903.0
2021-04-21,155836.0
2021-04-22,151186.0
2021-04-23,150708.0
2021-04-26,148757.0
2021-04-27,146882.0
2021-04-28,143832.0
2021-04-29,142455.0
2021-04-30,140907.0
2021-05-06,139970.0
2021-05-07,156319.0
2021-05-10,158655.0
2021-05-11,159483.0
2021-05-12,162552.0
2021-05-13,165592.0
2021-05-14,177933.0
2021-05-17,178314.0
2021-05-18,178314.0
2021-05-19,178264.0
2021-05-20,171022.0
2021-05-21,166224.0
2021-05-24,159804.0
2021-05-25,154450.0
2021-05-26,150802.0
2021-05-27,146829.0
2021-05-28,141885.0
2021-05-31,128708.0
2021-06-01,122981.0
2021-06-02,117952.0
2021-06-03,114838.0
2021-06-04,107941.0
2021-06-07,102381.0
2021-06-08,100483.0
2021-06-09,90077.0
2021-06-10,88877.0
2021-06-11,87627.0
2021-06-15,80908.0
2021-06-16,81130.0
2021-06-17,81130.0
2021-06-18,79528.0
2021-06-21,74476.0
2021-06-22,74151.0
2021-06-23,73851.0
2021-06-24,69977.0
2021-06-25,73818.0
2021-06-28,73768.0
2021-06-29,73743.0
2021-06-30,69818.0
2021-07-01,69245.0
2021-07-02,69169.0
2021-07-05,69169.0
2021-07-06,69069.0
2021-07-07,69368.0
2021-07-08,72245.0
2021-07-09,72570.0
2021-07-12,75879.0
2021-07-13,79427.0
2021-07-14,79896.0
2021-07-15,85895.0
2021-07-16,85920.0
2021-07-19,86543.0
2021-07-20,88040.0
2021-07-21,90259.0
2021-07-22,90012.0
2021-07-23,89689.0
2021-07-26,89689.0
2021-07-27,90341.0
2021-07-28,90170.0
2021-07-29,90170.0
2021-08-02,90293.0
2021-08-03,90268.0
2021-08-04,90766.0
2021-08-05,90666.0
2021-08-06,90491.0
2021-08-09,89317.0
2021-08-10,89118.0
2021-08-11,88921.0
2021-08-12,88820.0
2021-08-13,89120.0
2021-08-16,91242.0
2021-08-17,92063.0
2021-08-18,92014.0
2021-08-19,91541.0
2021-08-20,84762.0
2021-08-23,83440.0
2021-08-24,80652.0
2021-08-25,80249.0
2021-08-26,80149.0
2021-08-27,79097.0
2021-08-30,78650.0
2021-08-31,75192.0
2021-09-01,74745.0
2021-09-02,75044.0
2021-09-03,76434.0
2021-09-06,76434.0
2021-09-07,78382.0
2021-09-08,78157.0
2021-09-09,80395.0
2021-09-10,80395.0
2021-09-13,94568.0
2021-09-14,99788.0
2021-09-15,102087.0
2021-09-16,101536.0
2021-09-17,101613.0
2021-09-22,96751.0
2021-09-23,96504.0
2021-09-24,96478.0
2021-09-27,95851.0
2021-09-28,95851.0
2021-09-29,99164.0
2021-09-30,99164.0
2021-10-08,102094.0
2021-10-11,103066.0
2021-10-12,104809.0
2021-10-13,105684.0
2021-10-14,111840.0
2021-10-15,120306.0
2021-10-18,121132.0
2021-10-19,121805.0
2021-10-20,123026.0
2021-10-21,126114.0
2021-10-22,130017.0
2021-10-25,130535.0
2021-10-26,131358.0
2021-10-27,132384.0
2021-10-28,132384.0
2021-10-29,134985.0
2021-11-01,136541.0
2021-11-02,137968.0
2021-11-03,138343.0
2021-11-04,140413.0
2021-11-05,143415.0
2021-11-08,147792.0
2021-11-09,150971.0
2021-11-10,152340.0
2021-11-11,160050.0
2021-11-12,171414.0
2021-11-15,195391.0
2021-11-16,199939.0
2021-11-17,200944.0
2021-11-18,202189.0
2021-11-19,202413.0
2021-11-22,203671.0
2021-11-23,206650.0
2021-11-24,210816.0
2021-11-25,213796.0
2021-11-26,212328.0
2021-11-29,212327.0
2021-11-30,216003.0
2021-12-01,217456.0
2021-12-02,221451.0
2021-12-03,225308.0
2021-12-06,224372.0
2021-12-07,227967.0
2021-12-08,226793.0
2021-12-09,226668.0
2021-12-10,228722.0
2021-12-13,230974.0
2021-12-14,242310.0
2021-12-15,242374.0
2021-12-16,240802.0
2021-12-17,240396.0
2021-12-20,243199.0
2021-12-21,231138.0
2021-12-22,230239.0
2021-12-23,229815.0
2021-12-24,230817.0
2021-12-27,231939.0
2021-12-28,232269.0
2021-12-29,231495.0
2021-12-30,231157.0
2021-12-31,231057.0
2022-01-04,230884.0
2022-01-05,228942.0
2022-01-06,218248.0
2022-01-07,207975.0
2022-01-10,209106.0
2022-01-11,201253.0
2022-01-12,197914.0
2022-01-13,199400.0
2022-01-14,201867.0
2022-01-17,200724.0
2022-01-18,198395.0
2022-01-19,197144.0
2022-01-20,141438.0
2022-01-21,141083.0
2022-01-24,141559.0
2022-01-25,143209.0
2022-01-26,142282.0
2022-01-27,142282.0
2022-01-28,142782.0
2022-02-07,144777.0
2022-02-08,146679.0
2022-02-09,145132.0
2022-02-10,145107.0
2022-02-11,157270.0
2022-02-14,160729.0
2022-02-15,189884.0
2022-02-16,193629.0
2022-02-17,193579.0
2022-02-18,182699.0
2022-02-21,170181.0
2022-02-22,169103.0
2022-02-23,169028.0
2022-02-24,171352.0
2022-02-25,173726.0
2022-02-28,175382.0
2022-03-01,173904.0
2022-03-02,173251.0
2022-03-03,176950.0
2022-03-04,187498.0
2022-03-07,197361.0
2022-03-08,201044.0
2022-03-09,204123.0
2022-03-10,205078.0
2022-03-11,203471.0
2022-03-14,198434.0
2022-03-15,200637.0
2022-03-16,198309.0
2022-03-17,199266.0
2022-03-18,197187.0
2022-03-21,162227.0
2022-03-22,161120.0
2022-03-23,157748.0
2022-03-24,157226.0
2022-03-25,162130.0
2022-03-28,169872.0
2022-03-29,169727.0
2022-03-30,174139.0
2022-03-31,175418.0
2022-04-01,174771.0
2022-04-06,177673.0
2022-04-07,180421.0
2022-04-08,182602.0
2022-04-11,188025.0
2022-04-12,188197.0
2022-04-13,186573.0
2022-04-14,185933.0
2022-04-15,188132.0
2022-04-18,191233.0
2022-04-19,189493.0
2022-04-20,187514.0
2022-04-21,167592.0
2022-04-22,166666.0
2022-04-25,164103.0
2022-04-26,160709.0
2022-04-27,160008.0
2022-04-28,159199.0
2022-04-29,158890.0
2022-05-05,159117.0
2022-05-06,158462.0
2022-05-09,157535.0
2022-05-10,147990.0
2022-05-11,148592.0
2022-05-12,148592.0
2022-05-13,151371.0
2022-05-16,151050.0
2022-05-17,150098.0
2022-05-18,148418.0
2022-05-19,147720.0
2022-05-20,145298.0
2022-05-23,144120.0
2022-05-24,142785.0
2022-05-25,142509.0
2022-05-26,141980.0
2022-05-27,141656.0
2022-05-30,140276.0
2022-05-31,140276.0
2022-06-01,140025.0
2022-06-02,136099.0
2022-06-06,136768.0
2022-06-07,132302.0
2022-06-08,130286.0
2022-06-09,130752.0
2022-06-10,134425.0
2022-06-13,143974.0
2022-06-14,147563.0
2022-06-15,146413.0
2022-06-16,135921.0
2022-06-17,130275.0
2022-06-20,123585.0
2022-06-21,116487.0
2022-06-22,112234.0
2022-06-23,109958.0
2022-06-24,103630.0
2022-06-27,101550.0
2022-06-28,100020.0
2022-06-29,97415.0
2022-06-30,95244.0
2022-07-01,94616.0
2022-07-04,93867.0
2022-07-05,92643.0
2022-07-06,91268.0
2022-07-07,90589.0
2022-07-08,87347.0
2022-07-11,87224.0
2022-07-12,86600.0
2022-07-13,86248.0
2022-07-14,85148.0
2022-07-15,84418.0
2022-07-18,84243.0
2022-07-19,83668.0
2022-07-20,81898.0
2022-07-21,71873.0
2022-07-22,65523.0
2022-07-25,64645.0
2022-07-26,63870.0
2022-07-27,62550.0
2022-07-28,62249.0
2022-07-29,63000.0
2022-08-01,62123.0
2022-08-02,59681.0
2022-08-03,59631.0
2022-08-04,59631.0
2022-08-05,61205.0
2022-08-08,61704.0
2022-08-09,64436.0
2022-08-10,68038.0
2022-08-11,75239.0
2022-08-12,83894.0
2022-08-15,111370.0
2022-08-16,111320.0
2022-08-17,109968.0
2022-08-18,109144.0
2022-08-19,103413.0
2022-08-22,103412.0
2022-08-23,102739.0
2022-08-24,101762.0
2022-08-25,99663.0
2022-08-26,97564.0
2022-08-29,96785.0
2022-08-30,95382.0
2022-08-31,95357.0
2022-09-01,95553.0
2022-09-02,92476.0
2022-09-05,87363.0
2022-09-06,81051.0
2022-09-07,81975.0
2022-09-08,82352.0
2022-09-09,79754.0
2022-09-13,89060.0
2022-09-14,107883.0
2022-09-15,114659.0
2022-09-16,110870.0
2022-09-19,107966.0
2022-09-20,105013.0
2022-09-21,100584.0
2022-09-22,97227.0
2022-09-23,93078.0
2022-09-26,89390.0
2022-09-27,85825.0
2022-09-28,85239.0
2022-09-29,81212.0
2022-09-30,76262.0
2022-10-10,76538.0
2022-10-11,87210.0
2022-10-12,87566.0
2022-10-13,92036.0
2022-10-14,93413.0
2022-10-17,111943.0
2022-10-18,111797.0
2022-10-19,111998.0
2022-10-20,109147.0
2022-10-21,96718.0
2022-10-24,85836.0
2022-10-25,79036.0
2022-10-26,75349.0
2022-10-27,73622.0
2022-10-28,71564.0
2022-10-31,71961.0
2022-11-01,70091.0
2022-11-02,65550.0
2022-11-03,62258.0
2022-11-04,60485.0
2022-11-07,55484.0
2022-11-08,54610.0
2022-11-09,53366.0
2022-11-10,52689.0
2022-11-11,51844.0
2022-11-14,54359.0
2022-11-15,59110.0
2022-11-16,56464.0
2022-11-17,53394.0
2022-11-18,53018.0
2022-11-21,50000.0
2022-11-22,45724.0
2022-11-23,41574.0
2022-11-24,39328.0
2022-11-25,37403.0
2022-11-28,33920.0
2022-11-29,33418.0
2022-11-30,31995.0
2022-12-01,31869.0
2022-12-02,31795.0
2022-12-05,31546.0
2022-12-06,31222.0
2022-12-07,31147.0
2022-12-08,32298.0
2022-12-09,32273.0
2022-12-12,32273.0
2022-12-13,32524.0
2022-12-14,33100.0
2022-12-15,37529.0
2022-12-16,45995.0
2022-12-19,45871.0
2022-12-20,45846.0
2022-12-21,42445.0
2022-12-22,40329.0
2022-12-23,38003.0
2022-12-26,35592.0
2022-12-27,35592.0
2022-12-28,35492.0
2022-12-29,32741.0
2022-12-30,32741.0
2023-01-03,40666.0
2023-01-04,40918.0
2023-01-05,43249.0
2023-01-06,43027.0
2023-01-09,43528.0
2023-01-10,45655.0
2023-01-11,51989.0
2023-01-12,62865.0
2023-01-13,89924.0
2023-01-16,125801.0
2023-01-17,130274.0
2023-01-18,131270.0
2023-01-19,133022.0
2023-01-20,134527.0
2023-01-30,142520.0
2023-01-31,143467.0
2023-02-01,145502.0
2023-02-02,148937.0
2023-02-03,150965.0
2023-02-06,161048.0
2023-02-07,163422.0
2023-02-08,170282.0
2023-02-09,172727.0
2023-02-10,178915.0
2023-02-13,190517.0
2023-02-14,202791.0
2023-02-15,221154.0
2023-02-16,221039.0
2023-02-17,219133.0
2023-02-20,217910.0
2023-02-21,204959.0
2023-02-22,202516.0
2023-02-23,203865.0
2023-02-24,202665.0
2023-02-27,203488.0
2023-02-28,202515.0
2023-03-01,201883.0
2023-03-02,202833.0
2023-03-03,203653.0
2023-03-06,207169.0
2023-03-07,209947.0
2023-03-08,215288.0
2023-03-09,220917.0
2023-03-10,221097.0
2023-03-13,224641.0
2023-03-14,229504.0
2023-03-15,235352.0
2023-03-16,230775.0
2023-03-17,228648.0
2023-03-20,225020.0
2023-03-21,219638.0
2023-03-22,215317.0
2023-03-23,214412.0
2023-03-24,213130.0
2023-03-27,212424.0
2023-03-28,212323.0
2023-03-29,207980.0
2023-03-30,207730.0
2023-03-31,206881.0
2023-04-03,205804.0
2023-04-04,205029.0
2023-04-06,201606.0
2023-04-07,198897.0
2023-04-10,196098.0
2023-04-11,194896.0
2023-04-12,193145.0
2023-04-13,191340.0
2023-04-14,189660.0
2023-04-17,187853.0
2023-04-18,185014.0
2023-04-19,182235.0
2023-04-20,177587.0
2023-04-21,170684.0
2023-04-24,161188.0
2023-04-25,156400.0
2023-04-26,153196.0
2023-04-27,149352.0
2023-04-28,141811.0
2023-05-04,138258.0
2023-05-05,133818.0
2023-05-08,125661.0
2023-05-09,119495.0
2023-05-10,113630.0
2023-05-11,110508.0
2023-05-12,109792.0
2023-05-15,111788.0
2023-05-16,107101.0
2023-05-17,105380.0
2023-05-18,103725.0
2023-05-19,97840.0
2023-05-22,91493.0
2023-05-23,87237.0
2023-05-24,83832.0
2023-05-25,82052.0
2023-05-26,77705.0
2023-05-29,75781.0
2023-05-30,73157.0
2023-05-31,71627.0
2023-06-01,68902.0
2023-06-02,68354.0
2023-06-05,67531.0
2023-06-06,64852.0
2023-06-07,63876.0
2023-06-08,63127.0
2023-06-09,62405.0
2023-06-12,60057.0
2023-06-13,59733.0
2023-06-14,61481.0
2023-06-15,73306.0
2023-06-16,72891.0
2023-06-19,71167.0
2023-06-20,65597.0
2023-06-21,60598.0
2023-06-26,50222.0
2023-06-27,45926.0
2023-06-28,43957.0
2023-06-29,43230.0
2023-06-30,42051.0
2023-07-03,38491.0
2023-07-04,37318.0
2023-07-05,37092.0
2023-07-06,37117.0
2023-07-07,37117.0
2023-07-10,36643.0
2023-07-11,36544.0
2023-07-12,35969.0
2023-07-13,35721.0
2023-07-14,37190.0
2023-07-17,45268.0
2023-07-18,48294.0
2023-07-19,47551.0
2023-07-20,46750.0
2023-07-21,44430.0
2023-07-24,43429.0
2023-07-25,42804.0
2023-07-26,41831.0
2023-07-27,40414.0
2023-07-28,40315.0
2023-07-31,39768.0
2023-08-01,39669.0
2023-08-02,39569.0
2023-08-03,39569.0
2023-08-04,39569.0
2023-08-07,39469.0
2023-08-08,39370.0
2023-08-09,38995.0
2023-08-10,38871.0
2023-08-11,38321.0
2023-08-14,37546.0
2023-08-15,36221.0
2023-08-16,35643.0
2023-08-17,35494.0
2023-08-18,32485.0
2023-08-21,30909.0
2023-08-22,30260.0
2023-08-23,29389.0
2023-08-24,28844.0
2023-08-25,28173.0
2023-08-28,26871.0
2023-08-29,26646.0
2023-08-30,26420.0
2023-08-31,26195.0
2023-09-01,26170.0
2023-09-04,26120.0
2023-09-05,25846.0
2023-09-06,25896.0
2023-09-07,26071.0
2023-09-08,25596.0
2023-09-11,25447.0
2023-09-12,26120.0
2023-09-13,26770.0
2023-09-14,33581.0
2023-09-15,40984.0
2023-09-18,45141.0
2023-09-19,43914.0
2023-09-20,42689.0
2023-09-21,41088.0
2023-09-22,36791.0
2023-09-25,35568.0
2023-09-26,34597.0
2023-09-27,34148.0
2023-09-28,33047.0
2023-10-09,32299.0
2023-10-10,32150.0
2023-10-11,32349.0
2023-10-12,32522.0
2023-10-13,35319.0
2023-10-16,48648.0
2023-10-17,48347.0
2023-10-18,47852.0
2023-10-19,47427.0
2023-10-20,46755.0
2023-10-23,44412.0
2023-10-24,42834.0
2023-10-25,41107.0
2023-10-26,40006.0
2023-10-27,39807.0
2023-10-30,39859.0
2023-10-31,39759.0
2023-11-01,40012.0
2023-11-02,40012.0
2023-11-03,42779.0
2023-11-06,42857.0
2023-11-07,44393.0
2023-11-08,44294.0
2023-11-09,44640.0
2023-11-10,45018.0
2023-11-13,46540.0
2023-11-14,47670.0
2023-11-15,53585.0
2023-11-16,53561.0
2023-11-17,52635.0
2023-11-20,51365.0
2023-11-21,50195.0
2023-11-22,46223.0
2023-11-23,45247.0
2023-11-24,44296.0
2023-11-27,43025.0
2023-11-28,42426.0
2023-11-29,41925.0
2023-11-30,41850.0
2023-12-01,41073.0
2023-12-04,40048.0
2023-12-05,39900.0
2023-12-06,39600.0
2023-12-07,39525.0
2023-12-08,36948.0
2023-12-11,36375.0
2023-12-12,36958.0
2023-12-13,35983.0
2023-12-14,35387.0
2023-12-15,39964.0
2023-12-18,39839.0
2023-12-19,39614.0
2023-12-20,39063.0
2023-12-21,37106.0
2023-12-22,37204.0
2023-12-25,36353.0
2023-12-26,38387.0
2023-12-27,38941.0
2023-12-28,38890.0
2023-12-29,39292.0
2024-01-02,39267.0
2024-01-03,39143.0
2024-01-04,39092.0
2024-01-05,38917.0
2024-01-08,38242.0
2024-01-09,37393.0
2024-01-10,35274.0
2024-01-11,34099.0
2024-01-12,31283.0
2024-01-15,33820.0
2024-01-16,36406.0
2024-01-17,35778.0
2024-01-18,33923.0
2024-01-19,28952.0
2024-01-22,27576.0
2024-01-23,27004.0
2024-01-24,26105.0
2024-01-25,25981.0
2024-01-26,24855.0
2024-01-29,24855.0
2024-01-30,24879.0
2024-01-31,24879.0
2024-02-01,24978.0
2024-02-02,24953.0
2024-02-05,25954.0
2024-02-06,25954.0
2024-02-07,26378.0
2024-02-08,29401.0
2024-02-19,63168.0
2024-02-20,62921.0
2024-02-21,62871.0
2024-02-22,61217.0
2024-02-23,61217.0
2024-02-26,59976.0
2024-02-27,58348.0
2024-02-28,57794.0
2024-02-29,57046.0
2024-03-01,56744.0
2024-03-04,59252.0
2024-03-05,59252.0
2024-03-06,59252.0
2024-03-07,59252.0
2024-03-08,61523.0
2024-03-11,62801.0
2024-03-12,67783.0
2024-03-13,75801.0
2024-03-14,86184.0
2024-03-15,89856.0
2024-03-18,92468.0
2024-03-19,91512.0
2024-03-20,90155.0
2024-03-21,90130.0
2024-03-22,89330.0
2024-03-25,89429.0
2024-03-26,92506.0
2024-03-27,92863.0
2024-03-28,100460.0
2024-03-29,101284.0
2024-04-01,103313.0
2024-04-02,105664.0
2024-04-03,105715.0
2024-04-08,110552.0
2024-04-09,116755.0
2024-04-10,123943.0
2024-04-11,124321.0
2024-04-12,127987.0
2024-04-15,131707.0
2024-04-16,135414.0
2024-04-17,137913.0
2024-04-18,137384.0
2024-04-19,135104.0
2024-04-22,134182.0
2024-04-23,132809.0
2024-04-24,130983.0
2024-04-25,129558.0
2024-04-26,128104.0
2024-04-29,127852.0
2024-04-30,126227.0
2024-05-06,123990.0
2024-05-07,123387.0
2024-05-08,123788.0
2024-05-09,125224.0
2024-05-10,125048.0
2024-05-13,126673.0
2024-05-14,127393.0
2024-05-15,145932.0
2024-05-16,145932.0
2024-05-17,147993.0
2024-05-20,147993.0
2024-05-21,148022.0
2024-05-22,147973.0
2024-05-23,148669.0
2024-05-24,147724.0
2024-05-27,147829.0
2024-05-28,148176.0
2024-05-29,147151.0
2024-05-30,147075.0
2024-05-31,147075.0
2024-06-03,125048.0
2024-06-04,148049.0
2024-06-05,149077.0
2024-06-06,148156.0
2024-06-07,148561.0
2024-06-11,150913.0
2024-06-12,150192.0
2024-06-13,148739.0
2024-06-14,160165.0
2024-06-17,178814.0
2024-06-18,175758.0
2024-06-19,170047.0
2024-06-20,167249.0
2024-06-21,165179.0
2024-06-24,163159.0
2024-06-25,160533.0
2024-06-26,158736.0
2024-06-27,156608.0
2024-06-28,155863.0
2024-07-01,155614.0
2024-07-02,154813.0
2024-07-03,154089.0
2024-07-04,153197.0
2024-07-05,152450.0
2024-07-08,150573.0
2024-07-09,149753.0
2024-07-10,149256.0
2024-07-11,147333.0
2024-07-12,148824.0
2024-07-15,166625.0
2024-07-16,164360.0
2024-07-17,162915.0
2024-07-18,161092.0
2024-07-19,159617.0
2024-07-22,158543.0
2024-07-23,157249.0
2024-07-24,156650.0
2024-07-25,156127.0
2024-07-26,155524.0
2024-07-29,154502.0
2024-07-30,153806.0
2024-07-31,153141.0
2024-08-01,152541.0
2024-08-02,154008.0
2024-08-05,154111.0
2024-08-06,153540.0
2024-08-07,152842.0
2024-08-08,152566.0
2024-08-09,153196.0
2024-08-12,154355.0
2024-08-13,160793.0
2024-08-14,162847.0
2024-08-15,200882.0
2024-08-16,204401.0
2024-08-19,203099.0
2024-08-20,202098.0
2024-08-21,201600.0
2024-08-22,201377.0
2024-08-23,200955.0
2024-08-26,200683.0
2024-08-27,199553.0
2024-08-28,199453.0
2024-08-29,200430.0
2024-08-30,200081.0
2024-09-02,199606.0
2024-09-03,198861.0
2024-09-04,197496.0
2024-09-05,193901.0
2024-09-06,189095.0
2024-09-09,184204.0
2024-09-10,180877.0
2024-09-11,174725.0
2024-09-12,167149.0
2024-09-13,164999.0
2024-09-18,205493.0
2024-09-19,206090.0
2024-09-20,205615.0
2024-09-23,204360.0
2024-09-24,199687.0
2024-09-25,197883.0
2024-09-26,194114.0
2024-09-27,190342.0
2024-09-30,188141.0
2024-10-08,184692.0
2024-10-09,183792.0
2024-10-10,182747.0
2024-10-11,178307.0
2024-10-14,178149.0
2024-10-15,202783.0
2024-10-16,201713.0
2024-10-17,200462.0
2024-10-18,196593.0
2024-10-21,190018.0
2024-10-22,185515.0
2024-10-23,182811.0
2024-10-24,179605.0
2024-10-25,177385.0
2024-10-28,173746.0
2024-10-29,170602.0
2024-10-30,168531.0
2024-10-31,166437.0
2024-11-01,162561.0
2024-11-04,158094.0
2024-11-05,154341.0
2024-11-06,150362.0
2024-11-07,147411.0
2024-11-08,144771.0
2024-11-11,142353.0
2024-11-12,141385.0
2024-11-13,140957.0
2024-11-14,137848.0
2024-11-15,140340.0
2024-11-18,139014.0
2024-11-19,137097.0
2024-11-20,133401.0
2024-11-21,128017.0
2024-11-22,122497.0
2024-11-25,117413.0
2024-11-26,112692.0
2024-11-27,111617.0
2024-11-28,109749.0
2024-11-29,108100.0
2024-12-02,107652.0
2024-12-03,103029.0
2024-12-04,101106.0
2024-12-05,100311.0
2024-12-06,95597.0
2024-12-09,94201.0
2024-12-10,93453.0
2024-12-11,89962.0
2024-12-12,88915.0
2024-12-13,84689.0
2024-12-16,84106.0
2024-12-17,86127.0
2024-12-18,85430.0
2024-12-19,84389.0
2024-12-20,81051.0
2024-12-23,75827.0
2024-12-24,72195.0
2024-12-25,71748.0
2024-12-26,70749.0
2024-12-27,70402.0
2024-12-30,69953.0
2024-12-31,68349.0
2025-01-02,68198.0
2025-01-03,67496.0
2025-01-06,66123.0
2025-01-07,63751.0
2025-01-08,62626.0
2025-01-09,61999.0
2025-01-10,59272.0
2025-01-13,59427.0
2025-01-14,60931.0
2025-01-15,70014.0
2025-01-16,69790.0
2025-01-17,69665.0
2025-01-20,68212.0
2025-01-21,66905.0
2025-01-22,66805.0
2025-01-23,66879.0
2025-01-24,65479.0
2025-01-27,65457.0
2025-02-05,65407.0
2025-02-06,65031.0
2025-02-07,67617.0
2025-02-10,71283.0
2025-02-11,71283.0
2025-02-12,72383.0
2025-02-13,78561.0
2025-02-14,86286.0
2025-02-17,111334.0
2025-02-18,112812.0
2025-02-19,113212.0
2025-02-20,113034.0
2025-02-21,115657.0
2025-02-24,118380.0
2025-02-25,119576.0
2025-02-26,120271.0
2025-02-27,122327.0
2025-02-28,121629.0
2025-03-04,119543.0
2025-03-05,119391.0
2025-03-06,120367.0
2025-03-07,120740.0
2025-03-10,121237.0
2025-03-11,121511.0
2025-03-12,128200.0
2025-03-13,131262.0
2025-03-14,133062.0
2025-03-17,141809.0
2025-03-18,150429.0
2025-03-19,150429.0
2025-03-20,151750.0
2025-03-21,152198.0
2025-03-24,152772.0
2025-03-25,151699.0
2025-03-26,149577.0
2025-03-27,148829.0
2025-03-28,147582.0
2025-03-31,145785.0
2025-04-01,143512.0
2025-04-02,139290.0
2025-04-03,131632.0
2025-04-07,126177.0
2025-04-08,122564.0
2025-04-09,112787.0
2025-04-10,107503.0
2025-04-11,105244.0
2025-04-14,102713.0
2025-04-15,101189.0
2025-04-16,100113.0
2025-04-17,95909.0
2025-04-18,92475.0
2025-04-21,85212.0
2025-04-22,82430.0
2025-04-23,77818.0
2025-04-24,76763.0
2025-04-25,74492.0
2025-04-28,72590.0
2025-04-29,70211.0
2025-04-30,68563.0
2025-05-06,69058.0
2025-05-07,68858.0
2025-05-08,66106.0
2025-05-09,65013.0
2025-05-12,62114.0
2025-05-13,61340.0
2025-05-14,62446.0
2025-05-15,63843.0
2025-05-16,62820.0
2025-05-19,62497.0
2025-05-20,61146.0
2025-05-21,59521.0
2025-05-22,58422.0
2025-05-23,56070.0
2025-05-26,55342.0
2025-05-27,54567.0
2025-05-28,53542.0
2025-05-29,51819.0
2025-05-30,51118.0
2025-06-03,50894.0
2025-06-04,48989.0
2025-06-05,48141.0
2025-06-06,47792.0
2025-06-09,47718.0
2025-06-10,47543.0
2025-06-11,47468.0
2025-06-12,46344.0
2025-06-13,46193.0
2025-06-16,57178.0
2025-06-17,59457.0
2025-06-18,56683.0
2025-06-19,53829.0
2025-06-20,51129.0
2025-06-23,48422.0
2025-06-24,46041.0
2025-06-25,44421.0
2025-06-26,42869.0
2025-06-27,34390.0
2025-06-30,28730.0
2025-07-01,28680.0
2025-07-02,28456.0
2025-07-03,28257.0
2025-07-04,38485.0
2025-07-07,45478.0
2025-07-08,47218.0
2025-07-09,47818.0
2025-07-10,50045.0
2025-07-11,51980.0
2025-07-14,53842.0
2025-07-15,69828.0
2025-07-16,68928.0
2025-07-17,68049.0
2025-07-18,66548.0
2025-07-21,63744.0
2025-07-22,60884.0
2025-07-23,57723.0
2025-07-24,55673.0
2025-07-25,54675.0
2025-07-28,53598.0
2025-07-29,53074.0
2025-07-30,51217.0
2025-07-31,49169.0
2025-08-01,48658.0
2025-08-04,46649.0
2025-08-05,44287.0
2025-08-06,42662.0
2025-08-07,42031.0
2025-08-08,43599.0
2025-08-11,48332.0
2025-08-12,48710.0
2025-08-13,55116.0
2025-08-14,57946.0
2025-08-15,65191.0
2025-08-18,65492.0
2025-08-19,65467.0
2025-08-20,62938.0
2025-08-21,59890.0
2025-08-22,57144.0
2025-08-25,56670.0
2025-08-26,56274.0
2025-08-27,57351.0
2025-08-28,57275.0
2025-08-29,58629.0
2025-09-01,58529.0
2025-09-02,58654.0
2025-09-03,59557.0
2025-09-04,59583.0
2025-09-05,59961.0
2025-09-08,64533.0
2025-09-09,64459.0
2025-09-10,64937.0
2025-09-11,65734.0
2025-09-12,72469.0
2025-09-15,75085.0
2025-09-16,75734.0
2025-09-17,74465.0
2025-09-18,74465.0
2025-09-19,71959.0
2025-09-22,70761.0
2025-09-23,68960.0
2025-09-24,67736.0
2025-09-25,64408.0
2025-09-26,63230.0
2025-09-29,59747.0
2025-09-30,59121.0
2025-10-09,58894.0
2025-10-10,59119.0
2025-10-13,63151.0
2025-10-14,63176.0
2025-10-15,71394.0
2025-10-16,71542.0
2025-10-17,70670.0
2025-10-20,69947.0
2025-10-21,69397.0
2025-10-22,67270.0
2025-10-23,66894.0
2025-10-24,66695.0
2025-10-27,66293.0
2025-10-28,66243.0
2025-10-29,66044.0
2025-10-30,66418.0
2025-10-31,64393.0
2025-11-03,64269.0
2025-11-04,64194.0
2025-11-05,64194.0
2025-11-06,63969.0
2025-11-07,63770.0
2025-11-10,64142.0
2025-11-11,64142.0
2025-11-12,63818.0
2025-11-13,64742.0
2025-11-14,64742.0
2025-11-17,69484.0
2025-11-18,69484.0
